2026-09-26 01:32:40 | INFO    | mediagrab          | vc_reconcile_participations:9645 | VC_REGISTRY_UPDATE_CONFIRMED chat_id=-1003961210499 classification=UNKNOWN
2026-09-26 01:32:40 | DEBUG   | mediagrab          | vc_verify_target:8730 | VC_RECONCILE_SKIP_COOLDOWN chat_id=3961210499 remaining=1163s — recently confirmed dead
2026-09-26 01:32:40 | INFO    | mediagrab          | vc_reconcile_participations:9645 | VC_REGISTRY_UPDATE_CONFIRMED chat_id=3961210499 classification=UNKNOWN
2026-09-26 01:32:40 | DEBUG   | mediagrab          | vc_verify_target:8855 | VC_RECONCILE_CLIENT chat_id=-1002144563093 account_id=acc_919006065076 source=account:acc_919006065076
2026-09-26 01:32:40 | INFO    | mediagrab          | resolve_vc_entity:11974 | VC_ENTITY_RESOLVE_START chat_ref=-1002144563093 chat_id=-1002144563093 access_hash=yes
2026-09-26 01:32:40 | INFO    | mediagrab          | resolve_vc_entity:12075 | VC_ENTITY_RESOLVE_CACHE_HIT chat_id=-1002144563093
2026-09-26 01:32:40 | INFO    | mediagrab          | resolve_vc_entity:12076 | VC_ENTITY_RESOLVE_SUCCESS chat_id=-1002144563093 source=cache
2026-09-26 01:32:40 | INFO    | mediagrab          | resolve_vc_entity:12431 | ENTITY_RESOLVE_RPC_COUNT chat_id=-1002144563093 scope=acc_919006065076 rpcs=0 failed_rpcs=0 outcome=RESOLVED_FROM_CACHE duration_ms=0.4 (v98.10 §22)
2026-09-26 01:32:40 | DEBUG   | mediagrab          | cache_entity_scoped:2355 | ENTITY_CACHE_SCOPED account=acc_919006065076 entity_id=2144563093 source=vc_discovery scope=acc_919006065076 (v99 RC-C scope-annotated)
2026-09-26 01:32:40 | INFO    | mediagrab          | vc_detect_active_call:3098 | VC_ENTITY_DISCOVERED entity_id=2144563093 access_hash=<-106…> type=Channel
2026-09-26 01:32:40 | DEBUG   | mediagrab          | vc_verify_target:8965 | VC_PARTICIPATION_REDETECT_OK chat_id=-1002144563093 account_id=acc_919006065076 detect_scope=acc_919006065076 source=cache reresolved=0 (v98.07 FIX-QQ)
2026-09-26 01:32:41 | WARNING | mediagrab          | vc_check_telegram_participation:7700 | VC_PARTICIPATION_TARGETED_EMPTY_STREAK chat_id=-1002144563093 call_id=-9210828346574712743 my_id=8699582859 streak=2/3 (v98.02 FIX-L: single/double targeted-empty is UNKNOWN — NOT destructive; awaiting 3 consecutive for absent) — broad scan truncated at 0/2000, targeted EMPTY
2026-09-26 01:32:41 | INFO    | mediagrab          | vc_verify_target:9136 | VC_PARTICIPATION_VERIFY chat_id=-1002144563093 locally_tracked=False telegram=unknown
2026-09-26 01:32:41 | INFO    | mediagrab          | vc_verify_target:9155 | VC_VERIFY_UNKNOWN chat_id=-1002144563093 locally_tracked=False telegram=unknown — explicit verification state (v99.11 P1; never a leave)
2026-09-26 01:32:41 | INFO    | mediagrab          | vc_reconcile_participations:9560 | VC_PARTICIPATION_UNKNOWN chat_id=-1002144563093 — preserving unknown state
2026-09-26 01:32:41 | INFO    | mediagrab          | vc_reconcile_participations:9645 | VC_REGISTRY_UPDATE_CONFIRMED chat_id=-1002144563093 classification=UNKNOWN
2026-09-26 01:32:41 | DEBUG   | mediagrab          | vc_verify_target:8855 | VC_RECONCILE_CLIENT chat_id=2144563093 account_id=acc_919006065076 source=account:acc_919006065076
2026-09-26 01:32:41 | INFO    | mediagrab          | resolve_vc_entity:11974 | VC_ENTITY_RESOLVE_START chat_ref=-1002144563093 chat_id=-1002144563093 access_hash=yes
2026-09-26 01:32:41 | INFO    | mediagrab          | resolve_vc_entity:12075 | VC_ENTITY_RESOLVE_CACHE_HIT chat_id=-1002144563093
2026-09-26 01:32:41 | INFO    | mediagrab          | resolve_vc_entity:12076 | VC_ENTITY_RESOLVE_SUCCESS chat_id=-1002144563093 source=cache
2026-09-26 01:32:41 | INFO    | mediagrab          | resolve_vc_entity:12431 | ENTITY_RESOLVE_RPC_COUNT chat_id=-1002144563093 scope=acc_919006065076 rpcs=0 failed_rpcs=0 outcome=RESOLVED_FROM_CACHE duration_ms=0.2 (v98.10 §22)
2026-09-26 01:32:41 | DEBUG   | mediagrab          | cache_entity_scoped:2355 | ENTITY_CACHE_SCOPED account=acc_919006065076 entity_id=2144563093 source=vc_discovery scope=acc_919006065076 (v99 RC-C scope-annotated)
2026-09-26 01:32:41 | INFO    | mediagrab          | vc_detect_active_call:3098 | VC_ENTITY_DISCOVERED entity_id=2144563093 access_hash=<-106…> type=Channel
2026-09-26 01:32:41 | DEBUG   | mediagrab          | vc_verify_target:8965 | VC_PARTICIPATION_REDETECT_OK chat_id=2144563093 account_id=acc_919006065076 detect_scope=acc_919006065076 source=cache reresolved=0 (v98.07 FIX-QQ)
2026-09-26 01:32:41 | WARNING | mediagrab          | vc_check_telegram_participation:7700 | VC_PARTICIPATION_TARGETED_EMPTY_STREAK chat_id=2144563093 call_id=-9210828346574712743 my_id=8699582859 streak=2/3 (v98.02 FIX-L: single/double targeted-empty is UNKNOWN — NOT destructive; awaiting 3 consecutive for absent) — broad scan truncated at 0/2000, targeted EMPTY
2026-09-26 01:32:41 | INFO    | mediagrab          | vc_verify_target:9136 | VC_PARTICIPATION_VERIFY chat_id=2144563093 locally_tracked=False telegram=unknown
2026-09-26 01:32:41 | INFO    | mediagrab          | vc_verify_target:9155 | VC_VERIFY_UNKNOWN chat_id=2144563093 locally_tracked=False telegram=unknown — explicit verification state (v99.11 P1; never a leave)
2026-09-26 01:32:41 | INFO    | mediagrab          | vc_reconcile_participations:9560 | VC_PARTICIPATION_UNKNOWN chat_id=2144563093 — preserving unknown state
2026-09-26 01:32:41 | INFO    | mediagrab          | vc_reconcile_participations:9645 | VC_REGISTRY_UPDATE_CONFIRMED chat_id=2144563093 classification=UNKNOWN
2026-09-26 01:32:41 | DEBUG   | mediagrab          | vc_verify_target:8855 | VC_RECONCILE_CLIENT chat_id=-1003875970076 account_id=global source=global_backend_bound
2026-09-26 01:32:41 | INFO    | mediagrab          | resolve_vc_entity:11974 | VC_ENTITY_RESOLVE_START chat_ref=-1003875970076 chat_id=-1003875970076 access_hash=yes
2026-09-26 01:32:41 | INFO    | mediagrab          | resolve_vc_entity:12075 | VC_ENTITY_RESOLVE_CACHE_HIT chat_id=-1003875970076
2026-09-26 01:32:41 | INFO    | mediagrab          | resolve_vc_entity:12076 | VC_ENTITY_RESOLVE_SUCCESS chat_id=-1003875970076 source=cache
2026-09-26 01:32:41 | INFO    | mediagrab          | resolve_vc_entity:12431 | ENTITY_RESOLVE_RPC_COUNT chat_id=-1003875970076 scope=acc_918335829278 rpcs=0 failed_rpcs=0 outcome=RESOLVED_FROM_CACHE duration_ms=0.1 (v98.10 §22)
2026-09-26 01:32:42 | DEBUG   | mediagrab          | cache_entity_scoped:2355 | ENTITY_CACHE_SCOPED account=acc_918335829278 entity_id=3875970076 source=vc_discovery scope=acc_918335829278 (v99 RC-C scope-annotated)
2026-09-26 01:32:42 | INFO    | mediagrab          | vc_detect_active_call:3098 | VC_ENTITY_DISCOVERED entity_id=3875970076 access_hash=<-994…> type=Channel
2026-09-26 01:32:42 | DEBUG   | mediagrab          | vc_verify_target:8965 | VC_PARTICIPATION_REDETECT_OK chat_id=-1003875970076 account_id=global detect_scope=acc_918335829278 source=cache reresolved=0 (v98.07 FIX-QQ)
2026-09-26 01:32:42 | INFO    | mediagrab          | vc_check_telegram_participation:7443 | VC_PARTICIPATION_PRESENT chat_id=-1003875970076 call_id=-7423792675553208312 my_id=8624009332 pages=1 inspected=1 complete=yes server_count=None participant=[peer=PeerUser(8624009332) flags=is_self,muted,video_joined source=380782009]
2026-09-26 01:32:42 | INFO    | mediagrab          | vc_verify_target:9136 | VC_PARTICIPATION_VERIFY chat_id=-1003875970076 locally_tracked=False telegram=present
2026-09-26 01:32:42 | INFO    | mediagrab          | vc_verify_target:9155 | VC_VERIFY_MEMBER chat_id=-1003875970076 locally_tracked=False telegram=present — explicit verification state (v99.11 P1; never a leave)
2026-09-26 01:32:42 | INFO    | mediagrab          | vc_reconcile_participations:9645 | VC_REGISTRY_UPDATE_CONFIRMED chat_id=-1003875970076 classification=PARTICIPATING_UNTRACKED
2026-09-26 01:32:42 | DEBUG   | mediagrab          | vc_verify_target:8855 | VC_RECONCILE_CLIENT chat_id=3875970076 account_id=acc_919006065076 source=account:acc_919006065076
2026-09-26 01:32:42 | INFO    | mediagrab          | resolve_vc_entity:11974 | VC_ENTITY_RESOLVE_START chat_ref=-1003875970076 chat_id=-1003875970076 access_hash=yes
2026-09-26 01:32:42 | WARNING | mediagrab          | resolve_vc_entity:12062 | VC_HASH_SCOPE_MISMATCH chat_id=-1003875970076 entry_scope=acc_918335829278 consumer_scope=acc_919006065076 — skipping cache hit, re-resolving for this client (v98.07 FIX-QQ)
2026-09-26 01:32:42 | INFO    | mediagrab          | _v9810_scope_route:11809 | ENTITY_RESOLVE_ACCOUNT_SWITCH chat_id=-1003875970076 from_scope=acc_919006065076 to_account=acc_918335829278 reason=known_good_scope verified_at=1s ago (v98.10 §15 Step 0c — targeted routing, not a blind rotation)
2026-09-26 01:32:42 | INFO    | mediagrab          | _v9810_scope_route:11837 | ENTITY_RESOLVE_CACHE_HIT chat_id=-1003875970076 scope=acc_918335829278 source=scope_state age=1s (v98.10 §15 Step 0c — fresh known-good object, 0 RPCs)
2026-09-26 01:32:42 | INFO    | mediagrab          | resolve_vc_entity:12431 | ENTITY_RESOLVE_RPC_COUNT chat_id=-1003875970076 scope=acc_919006065076 rpcs=0 failed_rpcs=0 outcome=RESOLVED_VIA_ROTATION duration_ms=0.5 (v98.10 §22)
2026-09-26 01:32:42 | DEBUG   | mediagrab          | cache_entity_scoped:2355 | ENTITY_CACHE_SCOPED account=acc_918335829278 entity_id=3875970076 source=vc_discovery scope=acc_918335829278 (v99 RC-C scope-annotated)
2026-09-26 01:32:42 | INFO    | mediagrab          | vc_detect_active_call:3098 | VC_ENTITY_DISCOVERED entity_id=3875970076 access_hash=<-994…> type=Channel
2026-09-26 01:32:42 | DEBUG   | mediagrab          | vc_verify_target:8965 | VC_PARTICIPATION_REDETECT_OK chat_id=3875970076 account_id=acc_919006065076 detect_scope=acc_918335829278 source=account_rotation:acc_918335829278 reresolved=0 (v98.07 FIX-QQ)
2026-09-26 01:32:42 | INFO    | mediagrab          | vc_check_telegram_participation:7356 | VC_PARTICIPATION_STALE_CALL chat_id=3875970076 call_id=-7423792675553208312 exc=GroupcallInvalidError — the queried (id, access_hash) pair is NOT a live call: STALE CALL IDENTITY, returning unknown (NOT absent; the pipeline re-detects the current pair and re-verifies) (v99.05 RC-F4)
2026-09-26 01:32:42 | INFO    | mediagrab          | vc_check_telegram_participation:7370 | VC_VERIFY_STALE_IDENTITY chat_id=3875970076 call_id=-7423792675553208312 — detect stale identity → re-resolve current pair → verify → atomically update cache; existing healthy transport PRESERVED (never a leave; v99.11 P1)
2026-09-26 01:32:42 | INFO    | mediagrab          | vc_verify_target:9136 | VC_PARTICIPATION_VERIFY chat_id=3875970076 locally_tracked=False telegram=unknown
2026-09-26 01:32:42 | INFO    | mediagrab          | vc_verify_target:9155 | VC_VERIFY_UNKNOWN chat_id=3875970076 locally_tracked=False telegram=unknown — explicit verification state (v99.11 P1; never a leave)
2026-09-26 01:32:42 | INFO    | mediagrab          | vc_reconcile_participations:9560 | VC_PARTICIPATION_UNKNOWN chat_id=3875970076 — preserving unknown state
2026-09-26 01:32:42 | INFO    | mediagrab          | vc_reconcile_participations:9645 | VC_REGISTRY_UPDATE_CONFIRMED chat_id=3875970076 classification=UNKNOWN
2026-09-26 01:32:42 | DEBUG   | mediagrab          | vc_verify_target:8855 | VC_RECONCILE_CLIENT chat_id=-1004366077086 account_id=global source=global_backend_bound
2026-09-26 01:32:42 | INFO    | mediagrab          | resolve_vc_entity:11974 | VC_ENTITY_RESOLVE_START chat_ref=-1004366077086 chat_id=-1004366077086 access_hash=yes
2026-09-26 01:32:42 | INFO    | mediagrab          | resolve_vc_entity:12075 | VC_ENTITY_RESOLVE_CACHE_HIT chat_id=-1004366077086
2026-09-26 01:32:42 | INFO    | mediagrab          | resolve_vc_entity:12076 | VC_ENTITY_RESOLVE_SUCCESS chat_id=-1004366077086 source=cache
2026-09-26 01:32:42 | INFO    | mediagrab          | resolve_vc_entity:12431 | ENTITY_RESOLVE_RPC_COUNT chat_id=-1004366077086 scope=acc_918335829278 rpcs=0 failed_rpcs=0 outcome=RESOLVED_FROM_CACHE duration_ms=0.3 (v98.10 §22)
2026-09-26 01:32:43 | DEBUG   | mediagrab          | cache_entity_scoped:2355 | ENTITY_CACHE_SCOPED account=acc_918335829278 entity_id=4366077086 source=vc_discovery scope=acc_918335829278 (v99 RC-C scope-annotated)
2026-09-26 01:32:43 | INFO    | mediagrab          | vc_detect_active_call:3098 | VC_ENTITY_DISCOVERED entity_id=4366077086 access_hash=<-334…> type=Channel
2026-09-26 01:32:43 | DEBUG   | mediagrab          | vc_verify_target:8965 | VC_PARTICIPATION_REDETECT_OK chat_id=-1004366077086 account_id=global detect_scope=acc_918335829278 source=cache reresolved=0 (v98.07 FIX-QQ)
2026-09-26 01:32:43 | WARNING | mediagrab          | vc_check_telegram_participation:7700 | VC_PARTICIPATION_TARGETED_EMPTY_STREAK chat_id=-1004366077086 call_id=-305414218191178015 my_id=8624009332 streak=2/3 (v98.02 FIX-L: single/double targeted-empty is UNKNOWN — NOT destructive; awaiting 3 consecutive for absent) — broad scan truncated at 0/2000, targeted EMPTY
2026-09-26 01:32:43 | INFO    | mediagrab          | vc_verify_target:9136 | VC_PARTICIPATION_VERIFY chat_id=-1004366077086 locally_tracked=False telegram=unknown
2026-09-26 01:32:43 | INFO    | mediagrab          | vc_verify_target:9155 | VC_VERIFY_UNKNOWN chat_id=-1004366077086 locally_tracked=False telegram=unknown — explicit verification state (v99.11 P1; never a leave)
2026-09-26 01:32:43 | INFO    | mediagrab          | vc_reconcile_participations:9560 | VC_PARTICIPATION_UNKNOWN chat_id=-1004366077086 — preserving unknown state
2026-09-26 01:32:43 | INFO    | mediagrab          | vc_reconcile_participations:9645 | VC_REGISTRY_UPDATE_CONFIRMED chat_id=-1004366077086 classification=UNKNOWN
2026-09-26 01:32:43 | DEBUG   | mediagrab          | vc_verify_target:8855 | VC_RECONCILE_CLIENT chat_id=4366077086 account_id=acc_919006065076 source=account:acc_919006065076
2026-09-26 01:32:43 | INFO    | mediagrab          | resolve_vc_entity:11974 | VC_ENTITY_RESOLVE_START chat_ref=-1004366077086 chat_id=-1004366077086 access_hash=yes
2026-09-26 01:32:43 | WARNING | mediagrab          | resolve_vc_entity:12062 | VC_HASH_SCOPE_MISMATCH chat_id=-1004366077086 entry_scope=acc_918335829278 consumer_scope=acc_919006065076 — skipping cache hit, re-resolving for this client (v98.07 FIX-QQ)
2026-09-26 01:32:43 | INFO    | mediagrab          | _v9810_scope_route:11809 | ENTITY_RESOLVE_ACCOUNT_SWITCH chat_id=-1004366077086 from_scope=acc_919006065076 to_account=acc_918335829278 reason=known_good_scope verified_at=1s ago (v98.10 §15 Step 0c — targeted routing, not a blind rotation)
2026-09-26 01:32:43 | INFO    | mediagrab          | _v9810_scope_route:11837 | ENTITY_RESOLVE_CACHE_HIT chat_id=-1004366077086 scope=acc_918335829278 source=scope_state age=1s (v98.10 §15 Step 0c — fresh known-good object, 0 RPCs)
2026-09-26 01:32:43 | INFO    | mediagrab          | resolve_vc_entity:12431 | ENTITY_RESOLVE_RPC_COUNT chat_id=-1004366077086 scope=acc_919006065076 rpcs=0 failed_rpcs=0 outcome=RESOLVED_VIA_ROTATION duration_ms=0.3 (v98.10 §22)
2026-09-26 01:32:44 | DEBUG   | mediagrab          | cache_entity_scoped:2355 | ENTITY_CACHE_SCOPED account=acc_918335829278 entity_id=4366077086 source=vc_discovery scope=acc_918335829278 (v99 RC-C scope-annotated)
2026-09-26 01:32:44 | INFO    | mediagrab          | vc_detect_active_call:3098 | VC_ENTITY_DISCOVERED entity_id=4366077086 access_hash=<-334…> type=Channel
2026-09-26 01:32:44 | DEBUG   | mediagrab          | vc_verify_target:8965 | VC_PARTICIPATION_REDETECT_OK chat_id=4366077086 account_id=acc_919006065076 detect_scope=acc_918335829278 source=account_rotation:acc_918335829278 reresolved=0 (v98.07 FIX-QQ)
2026-09-26 01:32:44 | INFO    | mediagrab          | vc_check_telegram_participation:7356 | VC_PARTICIPATION_STALE_CALL chat_id=4366077086 call_id=-305414218191178015 exc=GroupcallInvalidError — the queried (id, access_hash) pair is NOT a live call: STALE CALL IDENTITY, returning unknown (NOT absent; the pipeline re-detects the current pair and re-verifies) (v99.05 RC-F4)
2026-09-26 01:32:44 | INFO    | mediagrab          | vc_check_telegram_participation:7370 | VC_VERIFY_STALE_IDENTITY chat_id=4366077086 call_id=-305414218191178015 — detect stale identity → re-resolve current pair → verify → atomically update cache; existing healthy transport PRESERVED (never a leave; v99.11 P1)
2026-09-26 01:32:44 | INFO    | mediagrab          | vc_verify_target:9136 | VC_PARTICIPATION_VERIFY chat_id=4366077086 locally_tracked=False telegram=unknown
2026-09-26 01:32:44 | INFO    | mediagrab          | vc_verify_target:9155 | VC_VERIFY_UNKNOWN chat_id=4366077086 locally_tracked=False telegram=unknown — explicit verification state (v99.11 P1; never a leave)
2026-09-26 01:32:44 | INFO    | mediagrab          | vc_reconcile_participations:9529 | VC_RECONCILE_DEFERRED_UNKNOWN chat_id=4366077086 — preserving joined state (backend evidence)
2026-09-26 01:32:44 | INFO    | mediagrab          | vc_reconcile_participations:9645 | VC_REGISTRY_UPDATE_CONFIRMED chat_id=4366077086 classification=LOCALLY_TRACKED_UNCONFIRMED
2026-09-26 01:32:44 | DEBUG   | mediagrab          | vc_verify_target:8855 | VC_RECONCILE_CLIENT chat_id=-1002592942176 account_id=global source=global_backend_bound
2026-09-26 01:32:44 | INFO    | mediagrab          | resolve_vc_entity:11974 | VC_ENTITY_RESOLVE_START chat_ref=-1002592942176 chat_id=-1002592942176 access_hash=yes
2026-09-26 01:32:44 | INFO    | mediagrab          | resolve_vc_entity:12075 | VC_ENTITY_RESOLVE_CACHE_HIT chat_id=-1002592942176
2026-09-26 01:32:44 | INFO    | mediagrab          | resolve_vc_entity:12076 | VC_ENTITY_RESOLVE_SUCCESS chat_id=-1002592942176 source=cache
2026-09-26 01:32:44 | INFO    | mediagrab          | resolve_vc_entity:12431 | ENTITY_RESOLVE_RPC_COUNT chat_id=-1002592942176 scope=acc_918335829278 rpcs=0 failed_rpcs=0 outcome=RESOLVED_FROM_CACHE duration_ms=0.3 (v98.10 §22)
2026-09-26 01:32:44 | DEBUG   | mediagrab          | cache_entity_scoped:2355 | ENTITY_CACHE_SCOPED account=acc_918335829278 entity_id=2592942176 source=vc_discovery scope=acc_918335829278 (v99 RC-C scope-annotated)
2026-09-26 01:32:44 | INFO    | mediagrab          | vc_detect_active_call:3098 | VC_ENTITY_DISCOVERED entity_id=2592942176 access_hash=<-832…> type=Channel
2026-09-26 01:32:44 | DEBUG   | mediagrab          | vc_verify_target:8965 | VC_PARTICIPATION_REDETECT_OK chat_id=-1002592942176 account_id=global detect_scope=acc_918335829278 source=cache reresolved=0 (v98.07 FIX-QQ)
2026-09-26 01:32:45 | INFO    | mediagrab          | vc_check_telegram_participation:7443 | VC_PARTICIPATION_PRESENT chat_id=-1002592942176 call_id=-1913229805195004447 my_id=8624009332 pages=1 inspected=1 complete=yes server_count=None participant=[peer=PeerUser(8624009332) flags=is_self,muted,video_joined source=247928894]
2026-09-26 01:32:45 | INFO    | mediagrab          | vc_verify_target:9136 | VC_PARTICIPATION_VERIFY chat_id=-1002592942176 locally_tracked=False telegram=present
2026-09-26 01:32:45 | INFO    | mediagrab          | vc_verify_target:9155 | VC_VERIFY_MEMBER chat_id=-1002592942176 locally_tracked=False telegram=present — explicit verification state (v99.11 P1; never a leave)
2026-09-26 01:32:45 | INFO    | mediagrab          | vc_reconcile_participations:9645 | VC_REGISTRY_UPDATE_CONFIRMED chat_id=-1002592942176 classification=PARTICIPATING_UNTRACKED
2026-09-26 01:32:45 | DEBUG   | mediagrab          | vc_verify_target:8855 | VC_RECONCILE_CLIENT chat_id=2592942176 account_id=acc_919006065076 source=account:acc_919006065076
2026-09-26 01:32:45 | INFO    | mediagrab          | resolve_vc_entity:11974 | VC_ENTITY_RESOLVE_START chat_ref=-1002592942176 chat_id=-1002592942176 access_hash=yes
2026-09-26 01:32:45 | WARNING | mediagrab          | resolve_vc_entity:12062 | VC_HASH_SCOPE_MISMATCH chat_id=-1002592942176 entry_scope=acc_918335829278 consumer_scope=acc_919006065076 — skipping cache hit, re-resolving for this client (v98.07 FIX-QQ)
2026-09-26 01:32:45 | INFO    | mediagrab          | _v9810_scope_route:11809 | ENTITY_RESOLVE_ACCOUNT_SWITCH chat_id=-1002592942176 from_scope=acc_919006065076 to_account=acc_918335829278 reason=known_good_scope verified_at=1s ago (v98.10 §15 Step 0c — targeted routing, not a blind rotation)
2026-09-26 01:32:45 | INFO    | mediagrab          | _v9810_scope_route:11837 | ENTITY_RESOLVE_CACHE_HIT chat_id=-1002592942176 scope=acc_918335829278 source=scope_state age=1s (v98.10 §15 Step 0c — fresh known-good object, 0 RPCs)
2026-09-26 01:32:45 | INFO    | mediagrab          | resolve_vc_entity:12431 | ENTITY_RESOLVE_RPC_COUNT chat_id=-1002592942176 scope=acc_919006065076 rpcs=0 failed_rpcs=0 outcome=RESOLVED_VIA_ROTATION duration_ms=0.4 (v98.10 §22)
2026-09-26 01:32:45 | DEBUG   | mediagrab          | cache_entity_scoped:2355 | ENTITY_CACHE_SCOPED account=acc_918335829278 entity_id=2592942176 source=vc_discovery scope=acc_918335829278 (v99 RC-C scope-annotated)
2026-09-26 01:32:45 | INFO    | mediagrab          | vc_detect_active_call:3098 | VC_ENTITY_DISCOVERED entity_id=2592942176 access_hash=<-832…> type=Channel
2026-09-26 01:32:45 | DEBUG   | mediagrab          | vc_verify_target:8965 | VC_PARTICIPATION_REDETECT_OK chat_id=2592942176 account_id=acc_919006065076 detect_scope=acc_918335829278 source=account_rotation:acc_918335829278 reresolved=0 (v98.07 FIX-QQ)
2026-09-26 01:32:45 | INFO    | mediagrab          | vc_check_telegram_participation:7356 | VC_PARTICIPATION_STALE_CALL chat_id=2592942176 call_id=-1913229805195004447 exc=GroupcallInvalidError — the queried (id, access_hash) pair is NOT a live call: STALE CALL IDENTITY, returning unknown (NOT absent; the pipeline re-detects the current pair and re-verifies) (v99.05 RC-F4)
2026-09-26 01:32:45 | INFO    | mediagrab          | vc_check_telegram_participation:7370 | VC_VERIFY_STALE_IDENTITY chat_id=2592942176 call_id=-1913229805195004447 — detect stale identity → re-resolve current pair → verify → atomically update cache; existing healthy transport PRESERVED (never a leave; v99.11 P1)
2026-09-26 01:32:45 | INFO    | mediagrab          | vc_verify_target:9136 | VC_PARTICIPATION_VERIFY chat_id=2592942176 locally_tracked=False telegram=unknown
2026-09-26 01:32:45 | INFO    | mediagrab          | vc_verify_target:9155 | VC_VERIFY_UNKNOWN chat_id=2592942176 locally_tracked=False telegram=unknown — explicit verification state (v99.11 P1; never a leave)
2026-09-26 01:32:45 | INFO    | mediagrab          | vc_reconcile_participations:9529 | VC_RECONCILE_DEFERRED_UNKNOWN chat_id=2592942176 — preserving joined state (backend evidence)
2026-09-26 01:32:45 | INFO    | mediagrab          | vc_reconcile_participations:9645 | VC_REGISTRY_UPDATE_CONFIRMED chat_id=2592942176 classification=LOCALLY_TRACKED_UNCONFIRMED
2026-09-26 01:32:45 | DEBUG   | mediagrab          | vc_verify_target:8855 | VC_RECONCILE_CLIENT chat_id=-1003067839538 account_id=acc_918335829278 source=account:acc_918335829278
2026-09-26 01:32:45 | INFO    | mediagrab          | resolve_vc_entity:11974 | VC_ENTITY_RESOLVE_START chat_ref=-1003067839538 chat_id=-1003067839538 access_hash=yes
2026-09-26 01:32:45 | INFO    | mediagrab          | resolve_vc_entity:12075 | VC_ENTITY_RESOLVE_CACHE_HIT chat_id=-1003067839538
2026-09-26 01:32:45 | INFO    | mediagrab          | resolve_vc_entity:12076 | VC_ENTITY_RESOLVE_SUCCESS chat_id=-1003067839538 source=cache
2026-09-26 01:32:45 | INFO    | mediagrab          | resolve_vc_entity:12431 | ENTITY_RESOLVE_RPC_COUNT chat_id=-1003067839538 scope=acc_918335829278 rpcs=0 failed_rpcs=0 outcome=RESOLVED_FROM_CACHE duration_ms=0.1 (v98.10 §22)
2026-09-26 01:32:46 | DEBUG   | mediagrab          | cache_entity_scoped:2355 | ENTITY_CACHE_SCOPED account=acc_918335829278 entity_id=3067839538 source=vc_discovery scope=acc_918335829278 (v99 RC-C scope-annotated)
2026-09-26 01:32:46 | INFO    | mediagrab          | vc_detect_active_call:3098 | VC_ENTITY_DISCOVERED entity_id=3067839538 access_hash=<5015…> type=Channel
2026-09-26 01:32:46 | DEBUG   | mediagrab          | vc_verify_target:8965 | VC_PARTICIPATION_REDETECT_OK chat_id=-1003067839538 account_id=acc_918335829278 detect_scope=acc_918335829278 source=cache reresolved=0 (v98.07 FIX-QQ)
2026-09-26 01:32:46 | INFO    | mediagrab          | vc_check_telegram_participation:7443 | VC_PARTICIPATION_PRESENT chat_id=-1003067839538 call_id=-3952898443944147318 my_id=8624009332 pages=1 inspected=1 complete=yes server_count=None participant=[peer=PeerUser(8624009332) flags=is_self,muted,video_joined source=1042776898]
2026-09-26 01:32:46 | INFO    | mediagrab          | vc_verify_target:9136 | VC_PARTICIPATION_VERIFY chat_id=-1003067839538 locally_tracked=True telegram=present
2026-09-26 01:32:46 | INFO    | mediagrab          | vc_verify_target:9155 | VC_VERIFY_MEMBER chat_id=-1003067839538 locally_tracked=True telegram=present — explicit verification state (v99.11 P1; never a leave)
2026-09-26 01:32:46 | INFO    | mediagrab          | vc_reconcile_participations:9520 | VC_PARTICIPATION_CONFIRMED_PRESENT chat_id=-1003067839538
2026-09-26 01:32:46 | INFO    | mediagrab          | vc_reconcile_participations:9645 | VC_REGISTRY_UPDATE_CONFIRMED chat_id=-1003067839538 classification=CONFIRMED
2026-09-26 01:32:46 | DEBUG   | mediagrab          | vc_verify_target:8855 | VC_RECONCILE_CLIENT chat_id=-1002333937461 account_id=acc_919006065076 source=account:acc_919006065076
2026-09-26 01:32:46 | INFO    | mediagrab          | resolve_vc_entity:11974 | VC_ENTITY_RESOLVE_START chat_ref=-1002333937461 chat_id=-1002333937461 access_hash=yes
2026-09-26 01:32:46 | INFO    | mediagrab          | resolve_vc_entity:12075 | VC_ENTITY_RESOLVE_CACHE_HIT chat_id=-1002333937461
2026-09-26 01:32:46 | INFO    | mediagrab          | resolve_vc_entity:12076 | VC_ENTITY_RESOLVE_SUCCESS chat_id=-1002333937461 source=cache
2026-09-26 01:32:46 | INFO    | mediagrab          | resolve_vc_entity:12431 | ENTITY_RESOLVE_RPC_COUNT chat_id=-1002333937461 scope=acc_919006065076 rpcs=0 failed_rpcs=0 outcome=RESOLVED_FROM_CACHE duration_ms=0.1 (v98.10 §22)
2026-09-26 01:32:46 | DEBUG   | mediagrab          | cache_entity_scoped:2355 | ENTITY_CACHE_SCOPED account=acc_919006065076 entity_id=2333937461 source=vc_discovery scope=acc_919006065076 (v99 RC-C scope-annotated)
2026-09-26 01:32:46 | INFO    | mediagrab          | vc_detect_active_call:3098 | VC_ENTITY_DISCOVERED entity_id=2333937461 access_hash=<-806…> type=Channel
2026-09-26 01:32:46 | DEBUG   | mediagrab          | vc_verify_target:8965 | VC_PARTICIPATION_REDETECT_OK chat_id=-1002333937461 account_id=acc_919006065076 detect_scope=acc_919006065076 source=cache reresolved=0 (v98.07 FIX-QQ)
2026-09-26 01:32:46 | INFO    | mediagrab          | vc_check_telegram_participation:7443 | VC_PARTICIPATION_PRESENT chat_id=-1002333937461 call_id=-800813024760383190 my_id=8699582859 pages=1 inspected=1 complete=yes server_count=None participant=[peer=PeerUser(8699582859) flags=is_self,muted,video_joined source=2096643760]
2026-09-26 01:32:46 | INFO    | mediagrab          | vc_verify_target:9136 | VC_PARTICIPATION_VERIFY chat_id=-1002333937461 locally_tracked=True telegram=present
2026-09-26 01:32:46 | INFO    | mediagrab          | vc_verify_target:9155 | VC_VERIFY_MEMBER chat_id=-1002333937461 locally_tracked=True telegram=present — explicit verification state (v99.11 P1; never a leave)
2026-09-26 01:32:46 | INFO    | mediagrab          | vc_reconcile_participations:9520 | VC_PARTICIPATION_CONFIRMED_PRESENT chat_id=-1002333937461
2026-09-26 01:32:46 | INFO    | mediagrab          | vc_reconcile_participations:9645 | VC_REGISTRY_UPDATE_CONFIRMED chat_id=-1002333937461 classification=CONFIRMED
2026-09-26 01:32:46 | DEBUG   | mediagrab          | vc_verify_target:8855 | VC_RECONCILE_CLIENT chat_id=-1003811965375 account_id=acc_918335829278 source=account:acc_918335829278
2026-09-26 01:32:46 | INFO    | mediagrab          | resolve_vc_entity:11974 | VC_ENTITY_RESOLVE_START chat_ref=-1003811965375 chat_id=-1003811965375 access_hash=yes
2026-09-26 01:32:46 | INFO    | mediagrab          | resolve_vc_entity:12075 | VC_ENTITY_RESOLVE_CACHE_HIT chat_id=-1003811965375
2026-09-26 01:32:46 | INFO    | mediagrab          | resolve_vc_entity:12076 | VC_ENTITY_RESOLVE_SUCCESS chat_id=-1003811965375 source=cache
2026-09-26 01:32:46 | INFO    | mediagrab          | resolve_vc_entity:12431 | ENTITY_RESOLVE_RPC_COUNT chat_id=-1003811965375 scope=acc_918335829278 rpcs=0 failed_rpcs=0 outcome=RESOLVED_FROM_CACHE duration_ms=0.2 (v98.10 §22)
2026-09-26 01:32:47 | DEBUG   | mediagrab          | cache_entity_scoped:2355 | ENTITY_CACHE_SCOPED account=acc_918335829278 entity_id=3811965375 source=vc_discovery scope=acc_918335829278 (v99 RC-C scope-annotated)
2026-09-26 01:32:47 | INFO    | mediagrab          | vc_detect_active_call:3098 | VC_ENTITY_DISCOVERED entity_id=3811965375 access_hash=<7432…> type=Channel
2026-09-26 01:32:47 | DEBUG   | mediagrab          | vc_verify_target:8965 | VC_PARTICIPATION_REDETECT_OK chat_id=-1003811965375 account_id=acc_918335829278 detect_scope=acc_918335829278 source=cache reresolved=0 (v98.07 FIX-QQ)
2026-09-26 01:32:47 | WARNING | mediagrab          | vc_check_telegram_participation:7700 | VC_PARTICIPATION_TARGETED_EMPTY_STREAK chat_id=-1003811965375 call_id=-1824073576988881784 my_id=8624009332 streak=2/3 (v98.02 FIX-L: single/double targeted-empty is UNKNOWN — NOT destructive; awaiting 3 consecutive for absent) — broad scan truncated at 0/2000, targeted EMPTY
2026-09-26 01:32:47 | INFO    | mediagrab          | vc_verify_target:9136 | VC_PARTICIPATION_VERIFY chat_id=-1003811965375 locally_tracked=True telegram=unknown
2026-09-26 01:32:47 | INFO    | mediagrab          | vc_verify_target:9155 | VC_VERIFY_UNKNOWN chat_id=-1003811965375 locally_tracked=True telegram=unknown — explicit verification state (v99.11 P1; never a leave)
2026-09-26 01:32:47 | INFO    | mediagrab          | vc_reconcile_participations:9645 | VC_REGISTRY_UPDATE_CONFIRMED chat_id=-1003811965375 classification=LOCALLY_TRACKED_UNCONFIRMED
2026-09-26 01:32:47 | DEBUG   | mediagrab          | vc_verify_target:8855 | VC_RECONCILE_CLIENT chat_id=-1004427666393 account_id=acc_918335829278 source=account:acc_918335829278
2026-09-26 01:32:47 | INFO    | mediagrab          | resolve_vc_entity:11974 | VC_ENTITY_RESOLVE_START chat_ref=-1004427666393 chat_id=-1004427666393 access_hash=yes
2026-09-26 01:32:47 | INFO    | mediagrab          | resolve_vc_entity:12075 | VC_ENTITY_RESOLVE_CACHE_HIT chat_id=-1004427666393
2026-09-26 01:32:47 | INFO    | mediagrab          | resolve_vc_entity:12076 | VC_ENTITY_RESOLVE_SUCCESS chat_id=-1004427666393 source=cache
2026-09-26 01:32:47 | INFO    | mediagrab          | resolve_vc_entity:12431 | ENTITY_RESOLVE_RPC_COUNT chat_id=-1004427666393 scope=acc_918335829278 rpcs=0 failed_rpcs=0 outcome=RESOLVED_FROM_CACHE duration_ms=0.1 (v98.10 §22)
2026-09-26 01:32:47 | DEBUG   | mediagrab          | cache_entity_scoped:2355 | ENTITY_CACHE_SCOPED account=acc_918335829278 entity_id=4427666393 source=vc_discovery scope=acc_918335829278 (v99 RC-C scope-annotated)
2026-09-26 01:32:47 | INFO    | mediagrab          | vc_detect_active_call:3098 | VC_ENTITY_DISCOVERED entity_id=4427666393 access_hash=<6046…> type=Channel
2026-09-26 01:32:47 | DEBUG   | mediagrab          | vc_verify_target:8965 | VC_PARTICIPATION_REDETECT_OK chat_id=-1004427666393 account_id=acc_918335829278 detect_scope=acc_918335829278 source=cache reresolved=0 (v98.07 FIX-QQ)
2026-09-26 01:32:48 | INFO    | mediagrab          | vc_check_telegram_participation:7443 | VC_PARTICIPATION_PRESENT chat_id=-1004427666393 call_id=-569938277538256374 my_id=8624009332 pages=1 inspected=1 complete=yes server_count=None participant=[peer=PeerUser(8624009332) flags=is_self,muted,video_joined source=2029513331]
2026-09-26 01:32:48 | INFO    | mediagrab          | vc_verify_target:9136 | VC_PARTICIPATION_VERIFY chat_id=-1004427666393 locally_tracked=True telegram=present
2026-09-26 01:32:48 | INFO    | mediagrab          | vc_verify_target:9155 | VC_VERIFY_MEMBER chat_id=-1004427666393 locally_tracked=True telegram=present — explicit verification state (v99.11 P1; never a leave)
2026-09-26 01:32:48 | INFO    | mediagrab          | vc_reconcile_participations:9520 | VC_PARTICIPATION_CONFIRMED_PRESENT chat_id=-1004427666393
2026-09-26 01:32:48 | INFO    | mediagrab          | vc_reconcile_participations:9645 | VC_REGISTRY_UPDATE_CONFIRMED chat_id=-1004427666393 classification=CONFIRMED
2026-09-26 01:32:48 | DEBUG   | mediagrab          | vc_verify_target:8855 | VC_RECONCILE_CLIENT chat_id=-1001993596337 account_id=acc_918335829278 source=account:acc_918335829278
2026-09-26 01:32:48 | INFO    | mediagrab          | resolve_vc_entity:11974 | VC_ENTITY_RESOLVE_START chat_ref=-1001993596337 chat_id=-1001993596337 access_hash=yes
2026-09-26 01:32:48 | INFO    | mediagrab          | resolve_vc_entity:12075 | VC_ENTITY_RESOLVE_CACHE_HIT chat_id=-1001993596337
2026-09-26 01:32:48 | INFO    | mediagrab          | resolve_vc_entity:12076 | VC_ENTITY_RESOLVE_SUCCESS chat_id=-1001993596337 source=cache
2026-09-26 01:32:48 | INFO    | mediagrab          | resolve_vc_entity:12431 | ENTITY_RESOLVE_RPC_COUNT chat_id=-1001993596337 scope=acc_918335829278 rpcs=0 failed_rpcs=0 outcome=RESOLVED_FROM_CACHE duration_ms=0.9 (v98.10 §22)
2026-09-26 01:32:48 | DEBUG   | mediagrab          | cache_entity_scoped:2355 | ENTITY_CACHE_SCOPED account=acc_918335829278 entity_id=1993596337 source=vc_discovery scope=acc_918335829278 (v99 RC-C scope-annotated)
2026-09-26 01:32:48 | INFO    | mediagrab          | vc_detect_active_call:3098 | VC_ENTITY_DISCOVERED entity_id=1993596337 access_hash=<7768…> type=Channel
2026-09-26 01:32:48 | DEBUG   | mediagrab          | vc_verify_target:8965 | VC_PARTICIPATION_REDETECT_OK chat_id=-1001993596337 account_id=acc_918335829278 detect_scope=acc_918335829278 source=cache reresolved=0 (v98.07 FIX-QQ)
2026-09-26 01:32:48 | WARNING | mediagrab          | vc_check_telegram_participation:7700 | VC_PARTICIPATION_TARGETED_EMPTY_STREAK chat_id=-1001993596337 call_id=-8562431068729240560 my_id=8624009332 streak=2/3 (v98.02 FIX-L: single/double targeted-empty is UNKNOWN — NOT destructive; awaiting 3 consecutive for absent) — broad scan truncated at 0/2000, targeted EMPTY
2026-09-26 01:32:48 | INFO    | mediagrab          | vc_verify_target:9136 | VC_PARTICIPATION_VERIFY chat_id=-1001993596337 locally_tracked=False telegram=unknown
2026-09-26 01:32:48 | INFO    | mediagrab          | vc_verify_target:9155 | VC_VERIFY_UNKNOWN chat_id=-1001993596337 locally_tracked=False telegram=unknown — explicit verification state (v99.11 P1; never a leave)
2026-09-26 01:32:48 | INFO    | mediagrab          | vc_reconcile_participations:9560 | VC_PARTICIPATION_UNKNOWN chat_id=-1001993596337 — preserving unknown state
2026-09-26 01:32:48 | INFO    | mediagrab          | vc_reconcile_participations:9645 | VC_REGISTRY_UPDATE_CONFIRMED chat_id=-1001993596337 classification=UNKNOWN
2026-09-26 01:32:48 | DEBUG   | mediagrab          | vc_verify_target:8855 | VC_RECONCILE_CLIENT chat_id=-1001070871253 account_id=acc_918335829278 source=account:acc_918335829278
2026-09-26 01:32:48 | INFO    | mediagrab          | resolve_vc_entity:11974 | VC_ENTITY_RESOLVE_START chat_ref=-1001070871253 chat_id=-1001070871253 access_hash=yes
2026-09-26 01:32:48 | INFO    | mediagrab          | resolve_vc_entity:12075 | VC_ENTITY_RESOLVE_CACHE_HIT chat_id=-1001070871253
2026-09-26 01:32:48 | INFO    | mediagrab          | resolve_vc_entity:12076 | VC_ENTITY_RESOLVE_SUCCESS chat_id=-1001070871253 source=cache
2026-09-26 01:32:48 | INFO    | mediagrab          | resolve_vc_entity:12431 | ENTITY_RESOLVE_RPC_COUNT chat_id=-1001070871253 scope=acc_918335829278 rpcs=0 failed_rpcs=0 outcome=RESOLVED_FROM_CACHE duration_ms=0.1 (v98.10 §22)
2026-09-26 01:32:48 | DEBUG   | mediagrab          | cache_entity_scoped:2355 | ENTITY_CACHE_SCOPED account=acc_918335829278 entity_id=1070871253 source=vc_discovery scope=acc_918335829278 (v99 RC-C scope-annotated)
2026-09-26 01:32:48 | INFO    | mediagrab          | vc_detect_active_call:3098 | VC_ENTITY_DISCOVERED entity_id=1070871253 access_hash=<2700…> type=Channel
2026-09-26 01:32:48 | DEBUG   | mediagrab          | vc_verify_target:8965 | VC_PARTICIPATION_REDETECT_OK chat_id=-1001070871253 account_id=acc_918335829278 detect_scope=acc_918335829278 source=cache reresolved=0 (v98.07 FIX-QQ)
2026-09-26 01:32:49 | INFO    | mediagrab          | vc_check_telegram_participation:7443 | VC_PARTICIPATION_PRESENT chat_id=-1001070871253 call_id=-4599357008817247755 my_id=8624009332 pages=1 inspected=1 complete=yes server_count=None participant=[peer=PeerUser(8624009332) flags=is_self,muted,video_joined source=2135969937]
2026-09-26 01:32:49 | INFO    | mediagrab          | vc_verify_target:9136 | VC_PARTICIPATION_VERIFY chat_id=-1001070871253 locally_tracked=True telegram=present
2026-09-26 01:32:49 | INFO    | mediagrab          | vc_verify_target:9155 | VC_VERIFY_MEMBER chat_id=-1001070871253 locally_tracked=True telegram=present — explicit verification state (v99.11 P1; never a leave)
2026-09-26 01:32:49 | INFO    | mediagrab          | vc_reconcile_participations:9520 | VC_PARTICIPATION_CONFIRMED_PRESENT chat_id=-1001070871253
2026-09-26 01:32:49 | INFO    | mediagrab          | vc_reconcile_participations:9645 | VC_REGISTRY_UPDATE_CONFIRMED chat_id=-1001070871253 classification=CONFIRMED
2026-09-26 01:32:49 | DEBUG   | mediagrab          | vc_verify_target:8855 | VC_RECONCILE_CLIENT chat_id=-1001922822605 account_id=acc_918335829278 source=account:acc_918335829278
2026-09-26 01:32:49 | INFO    | mediagrab          | resolve_vc_entity:11974 | VC_ENTITY_RESOLVE_START chat_ref=-1001922822605 chat_id=-1001922822605 access_hash=yes
2026-09-26 01:32:49 | INFO    | mediagrab          | resolve_vc_entity:12075 | VC_ENTITY_RESOLVE_CACHE_HIT chat_id=-1001922822605
2026-09-26 01:32:49 | INFO    | mediagrab          | resolve_vc_entity:12076 | VC_ENTITY_RESOLVE_SUCCESS chat_id=-1001922822605 source=cache
2026-09-26 01:32:49 | INFO    | mediagrab          | resolve_vc_entity:12431 | ENTITY_RESOLVE_RPC_COUNT chat_id=-1001922822605 scope=acc_918335829278 rpcs=0 failed_rpcs=0 outcome=RESOLVED_FROM_CACHE duration_ms=0.2 (v98.10 §22)
2026-09-26 01:32:49 | DEBUG   | mediagrab          | cache_entity_scoped:2355 | ENTITY_CACHE_SCOPED account=acc_918335829278 entity_id=1922822605 source=vc_discovery scope=acc_918335829278 (v99 RC-C scope-annotated)
2026-09-26 01:32:49 | INFO    | mediagrab          | vc_detect_active_call:3098 | VC_ENTITY_DISCOVERED entity_id=1922822605 access_hash=<-620…> type=Channel
2026-09-26 01:32:49 | DEBUG   | mediagrab          | vc_verify_target:8965 | VC_PARTICIPATION_REDETECT_OK chat_id=-1001922822605 account_id=acc_918335829278 detect_scope=acc_918335829278 source=cache reresolved=0 (v98.07 FIX-QQ)
2026-09-26 01:32:49 | INFO    | mediagrab          | vc_check_telegram_participation:7443 | VC_PARTICIPATION_PRESENT chat_id=-1001922822605 call_id=-8258460203529507355 my_id=8624009332 pages=1 inspected=1 complete=yes server_count=None participant=[peer=PeerUser(8624009332) flags=is_self,muted,video_joined source=1159064395]
2026-09-26 01:32:49 | INFO    | mediagrab          | vc_verify_target:9136 | VC_PARTICIPATION_VERIFY chat_id=-1001922822605 locally_tracked=True telegram=present
2026-09-26 01:32:49 | INFO    | mediagrab          | vc_verify_target:9155 | VC_VERIFY_MEMBER chat_id=-1001922822605 locally_tracked=True telegram=present — explicit verification state (v99.11 P1; never a leave)
2026-09-26 01:32:49 | INFO    | mediagrab          | vc_reconcile_participations:9520 | VC_PARTICIPATION_CONFIRMED_PRESENT chat_id=-1001922822605
2026-09-26 01:32:49 | INFO    | mediagrab          | vc_reconcile_participations:9645 | VC_REGISTRY_UPDATE_CONFIRMED chat_id=-1001922822605 classification=CONFIRMED
2026-09-26 01:32:49 | DEBUG   | mediagrab          | vc_verify_target:8855 | VC_RECONCILE_CLIENT chat_id=-1004460369026 account_id=global source=global_backend_bound
2026-09-26 01:32:49 | INFO    | mediagrab          | resolve_vc_entity:11974 | VC_ENTITY_RESOLVE_START chat_ref=-1004460369026 chat_id=-1004460369026 access_hash=yes
2026-09-26 01:32:49 | WARNING | mediagrab          | resolve_vc_entity:12062 | VC_HASH_SCOPE_MISMATCH chat_id=-1004460369026 entry_scope=acc_919006065076 consumer_scope=acc_918335829278 — skipping cache hit, re-resolving for this client (v98.07 FIX-QQ)
2026-09-26 01:32:49 | INFO    | mediagrab          | _v9810_scope_route:11711 | ENTITY_RESOLVE_CACHE_HIT chat_id=-1004460369026 scope=acc_918335829278 source=scope_state age=9537s (v98.10 §15 Step 0a — 0 RPCs)
2026-09-26 01:32:49 | INFO    | mediagrab          | resolve_vc_entity:12431 | ENTITY_RESOLVE_RPC_COUNT chat_id=-1004460369026 scope=acc_918335829278 rpcs=0 failed_rpcs=0 outcome=RESOLVED_FROM_SCOPE_STATE duration_ms=0.1 (v98.10 §22)
2026-09-26 01:32:50 | DEBUG   | mediagrab          | cache_entity_scoped:2355 | ENTITY_CACHE_SCOPED account=acc_918335829278 entity_id=4460369026 source=vc_discovery scope=acc_918335829278 (v99 RC-C scope-annotated)
2026-09-26 01:32:50 | INFO    | mediagrab          | vc_detect_active_call:3098 | VC_ENTITY_DISCOVERED entity_id=4460369026 access_hash=<2476…> type=Channel
2026-09-26 01:32:50 | DEBUG   | mediagrab          | vc_verify_target:8965 | VC_PARTICIPATION_REDETECT_OK chat_id=-1004460369026 account_id=global detect_scope=acc_918335829278 source=scope_state reresolved=0 (v98.07 FIX-QQ)
2026-09-26 01:32:50 | INFO    | mediagrab          | vc_check_telegram_participation:7443 | VC_PARTICIPATION_PRESENT chat_id=-1004460369026 call_id=-710395016767153533 my_id=8624009332 pages=1 inspected=1 complete=yes server_count=None participant=[peer=PeerUser(8624009332) flags=is_self,muted,video_joined source=1163550688]
2026-09-26 01:32:50 | INFO    | mediagrab          | vc_verify_target:9136 | VC_PARTICIPATION_VERIFY chat_id=-1004460369026 locally_tracked=False telegram=present
2026-09-26 01:32:50 | INFO    | mediagrab          | vc_verify_target:9155 | VC_VERIFY_MEMBER chat_id=-1004460369026 locally_tracked=False telegram=present — explicit verification state (v99.11 P1; never a leave)
2026-09-26 01:32:50 | INFO    | mediagrab          | vc_reconcile_participations:9645 | VC_REGISTRY_UPDATE_CONFIRMED chat_id=-1004460369026 classification=PARTICIPATING_UNTRACKED
2026-09-26 01:32:50 | DEBUG   | mediagrab          | vc_verify_target:8855 | VC_RECONCILE_CLIENT chat_id=4460369026 account_id=acc_919006065076 source=account:acc_919006065076
2026-09-26 01:32:50 | INFO    | mediagrab          | resolve_vc_entity:11974 | VC_ENTITY_RESOLVE_START chat_ref=-1004460369026 chat_id=-1004460369026 access_hash=yes
2026-09-26 01:32:50 | WARNING | mediagrab          | resolve_vc_entity:12062 | VC_HASH_SCOPE_MISMATCH chat_id=-1004460369026 entry_scope=acc_918335829278 consumer_scope=acc_919006065076 — skipping cache hit, re-resolving for this client (v98.07 FIX-QQ)
2026-09-26 01:32:50 | INFO    | mediagrab          | _v9810_scope_route:11711 | ENTITY_RESOLVE_CACHE_HIT chat_id=-1004460369026 scope=acc_919006065076 source=scope_state age=9537s (v98.10 §15 Step 0a — 0 RPCs)
2026-09-26 01:32:50 | INFO    | mediagrab          | resolve_vc_entity:12431 | ENTITY_RESOLVE_RPC_COUNT chat_id=-1004460369026 scope=acc_919006065076 rpcs=0 failed_rpcs=0 outcome=RESOLVED_FROM_SCOPE_STATE duration_ms=0.1 (v98.10 §22)
2026-09-26 01:32:50 | DEBUG   | mediagrab          | cache_entity_scoped:2355 | ENTITY_CACHE_SCOPED account=acc_919006065076 entity_id=4460369026 source=vc_discovery scope=acc_919006065076 (v99 RC-C scope-annotated)
2026-09-26 01:32:50 | INFO    | mediagrab          | vc_detect_active_call:3098 | VC_ENTITY_DISCOVERED entity_id=4460369026 access_hash=<7729…> type=Channel
2026-09-26 01:32:50 | DEBUG   | mediagrab          | vc_verify_target:8965 | VC_PARTICIPATION_REDETECT_OK chat_id=4460369026 account_id=acc_919006065076 detect_scope=acc_919006065076 source=scope_state reresolved=0 (v98.07 FIX-QQ)
2026-09-26 01:32:50 | INFO    | mediagrab          | _vc_handle_vc_command:28929 | COMMAND_RECEIVED path=telethon cmd=play sender=8694878088 chat=-1004493954490
2026-09-26 01:32:50 | INFO    | mediagrab          | vc_check_telegram_participation:7751 | VC_PARTICIPATION_TARGETED_FOREIGN_RESULT chat_id=4460369026 call_id=-710395016767153533 my_id=8699582859 returned=1 — targeted query returned participants but NONE matched our identity (peer-based matching); a foreign-answer is NOT absence evidence → unknown (v99.05 RC-F2: the v99.02 no-match→absent escalation REMOVED — it destroyed 9 REAL joins on 2026-09-12)
2026-09-26 01:32:50 | INFO    | mediagrab          | vc_verify_target:9136 | VC_PARTICIPATION_VERIFY chat_id=4460369026 locally_tracked=False telegram=unknown
2026-09-26 01:32:50 | INFO    | mediagrab          | vc_verify_target:9155 | VC_VERIFY_UNKNOWN chat_id=4460369026 locally_tracked=False telegram=unknown — explicit verification state (v99.11 P1; never a leave)
2026-09-26 01:32:50 | INFO    | mediagrab          | vc_reconcile_participations:9529 | VC_RECONCILE_DEFERRED_UNKNOWN chat_id=4460369026 — preserving joined state (backend evidence)
2026-09-26 01:32:50 | INFO    | mediagrab          | vc_reconcile_participations:9645 | VC_REGISTRY_UPDATE_CONFIRMED chat_id=4460369026 classification=LOCALLY_TRACKED_UNCONFIRMED
2026-09-26 01:32:50 | DEBUG   | mediagrab          | vc_verify_target:8855 | VC_RECONCILE_CLIENT chat_id=4427666393 account_id=acc_919006065076 source=account:acc_919006065076
2026-09-26 01:32:50 | INFO    | mediagrab          | resolve_vc_entity:11974 | VC_ENTITY_RESOLVE_START chat_ref=-1004427666393 chat_id=-1004427666393 access_hash=yes
2026-09-26 01:32:50 | WARNING | mediagrab          | resolve_vc_entity:12062 | VC_HASH_SCOPE_MISMATCH chat_id=-1004427666393 entry_scope=acc_918335829278 consumer_scope=acc_919006065076 — skipping cache hit, re-resolving for this client (v98.07 FIX-QQ)
2026-09-26 01:32:50 | INFO    | mediagrab          | _v9810_scope_route:11809 | ENTITY_RESOLVE_ACCOUNT_SWITCH chat_id=-1004427666393 from_scope=acc_919006065076 to_account=acc_918335829278 reason=known_good_scope verified_at=3s ago (v98.10 §15 Step 0c — targeted routing, not a blind rotation)
2026-09-26 01:32:50 | INFO    | mediagrab          | _v9810_scope_route:11837 | ENTITY_RESOLVE_CACHE_HIT chat_id=-1004427666393 scope=acc_918335829278 source=scope_state age=3s (v98.10 §15 Step 0c — fresh known-good object, 0 RPCs)
2026-09-26 01:32:50 | INFO    | mediagrab          | resolve_vc_entity:12431 | ENTITY_RESOLVE_RPC_COUNT chat_id=-1004427666393 scope=acc_919006065076 rpcs=0 failed_rpcs=0 outcome=RESOLVED_VIA_ROTATION duration_ms=0.2 (v98.10 §22)
2026-09-26 01:32:51 | DEBUG   | mediagrab          | cache_entity_scoped:2355 | ENTITY_CACHE_SCOPED account=acc_918335829278 entity_id=4427666393 source=vc_discovery scope=acc_918335829278 (v99 RC-C scope-annotated)
2026-09-26 01:32:51 | INFO    | mediagrab          | vc_detect_active_call:3098 | VC_ENTITY_DISCOVERED entity_id=4427666393 access_hash=<6046…> type=Channel
2026-09-26 01:32:51 | DEBUG   | mediagrab          | vc_verify_target:8965 | VC_PARTICIPATION_REDETECT_OK chat_id=4427666393 account_id=acc_919006065076 detect_scope=acc_918335829278 source=account_rotation:acc_918335829278 reresolved=0 (v98.07 FIX-QQ)
2026-09-26 01:32:51 | INFO    | mediagrab          | vc_check_telegram_participation:7356 | VC_PARTICIPATION_STALE_CALL chat_id=4427666393 call_id=-569938277538256374 exc=GroupcallInvalidError — the queried (id, access_hash) pair is NOT a live call: STALE CALL IDENTITY, returning unknown (NOT absent; the pipeline re-detects the current pair and re-verifies) (v99.05 RC-F4)
2026-09-26 01:32:51 | INFO    | mediagrab          | vc_check_telegram_participation:7370 | VC_VERIFY_STALE_IDENTITY chat_id=4427666393 call_id=-569938277538256374 — detect stale identity → re-resolve current pair → verify → atomically update cache; existing healthy transport PRESERVED (never a leave; v99.11 P1)
2026-09-26 01:32:51 | INFO    | mediagrab          | vc_verify_target:9136 | VC_PARTICIPATION_VERIFY chat_id=4427666393 locally_tracked=False telegram=unknown
2026-09-26 01:32:51 | INFO    | mediagrab          | vc_verify_target:9155 | VC_VERIFY_UNKNOWN chat_id=4427666393 locally_tracked=False telegram=unknown — explicit verification state (v99.11 P1; never a leave)
2026-09-26 01:32:51 | INFO    | mediagrab          | vc_reconcile_participations:9529 | VC_RECONCILE_DEFERRED_UNKNOWN chat_id=4427666393 — preserving joined state (backend evidence)
2026-09-26 01:32:51 | INFO    | mediagrab          | vc_reconcile_participations:9645 | VC_REGISTRY_UPDATE_CONFIRMED chat_id=4427666393 classification=LOCALLY_TRACKED_UNCONFIRMED
2026-09-26 01:32:51 | DEBUG   | mediagrab          | vc_verify_target:8855 | VC_RECONCILE_CLIENT chat_id=-1003940064304 account_id=global source=global_backend_bound
2026-09-26 01:32:51 | INFO    | mediagrab          | resolve_vc_entity:11974 | VC_ENTITY_RESOLVE_START chat_ref=-1003940064304 chat_id=-1003940064304 access_hash=yes
2026-09-26 01:32:51 | INFO    | mediagrab          | resolve_vc_entity:12075 | VC_ENTITY_RESOLVE_CACHE_HIT chat_id=-1003940064304
2026-09-26 01:32:51 | INFO    | mediagrab          | resolve_vc_entity:12076 | VC_ENTITY_RESOLVE_SUCCESS chat_id=-1003940064304 source=cache
2026-09-26 01:32:51 | INFO    | mediagrab          | resolve_vc_entity:12431 | ENTITY_RESOLVE_RPC_COUNT chat_id=-1003940064304 scope=acc_918335829278 rpcs=0 failed_rpcs=0 outcome=RESOLVED_FROM_CACHE duration_ms=0.2 (v98.10 §22)
2026-09-26 01:32:51 | DEBUG   | mediagrab          | cache_entity_scoped:2355 | ENTITY_CACHE_SCOPED account=acc_918335829278 entity_id=3940064304 source=vc_discovery scope=acc_918335829278 (v99 RC-C scope-annotated)
2026-09-26 01:32:51 | INFO    | mediagrab          | vc_detect_active_call:3098 | VC_ENTITY_DISCOVERED entity_id=3940064304 access_hash=<1744…> type=Channel
2026-09-26 01:32:51 | DEBUG   | mediagrab          | vc_verify_target:8965 | VC_PARTICIPATION_REDETECT_OK chat_id=-1003940064304 account_id=global detect_scope=acc_918335829278 source=cache reresolved=0 (v98.07 FIX-QQ)
2026-09-26 01:32:52 | INFO    | mediagrab          | vc_check_telegram_participation:7443 | VC_PARTICIPATION_PRESENT chat_id=-1003940064304 call_id=-7699075288673564347 my_id=8624009332 pages=1 inspected=1 complete=yes server_count=None participant=[peer=PeerUser(8624009332) flags=is_self,muted,video_joined source=1194204182]
2026-09-26 01:32:52 | INFO    | mediagrab          | vc_verify_target:9136 | VC_PARTICIPATION_VERIFY chat_id=-1003940064304 locally_tracked=False telegram=present
2026-09-26 01:32:52 | INFO    | mediagrab          | vc_verify_target:9155 | VC_VERIFY_MEMBER chat_id=-1003940064304 locally_tracked=False telegram=present — explicit verification state (v99.11 P1; never a leave)
2026-09-26 01:32:52 | INFO    | mediagrab          | vc_reconcile_participations:9645 | VC_REGISTRY_UPDATE_CONFIRMED chat_id=-1003940064304 classification=PARTICIPATING_UNTRACKED
2026-09-26 01:32:52 | DEBUG   | mediagrab          | vc_verify_target:8855 | VC_RECONCILE_CLIENT chat_id=3940064304 account_id=acc_919006065076 source=account:acc_919006065076
2026-09-26 01:32:52 | INFO    | mediagrab          | resolve_vc_entity:11974 | VC_ENTITY_RESOLVE_START chat_ref=-1003940064304 chat_id=-1003940064304 access_hash=yes
2026-09-26 01:32:52 | WARNING | mediagrab          | resolve_vc_entity:12062 | VC_HASH_SCOPE_MISMATCH chat_id=-1003940064304 entry_scope=acc_918335829278 consumer_scope=acc_919006065076 — skipping cache hit, re-resolving for this client (v98.07 FIX-QQ)
2026-09-26 01:32:52 | INFO    | mediagrab          | _v9810_scope_route:11809 | ENTITY_RESOLVE_ACCOUNT_SWITCH chat_id=-1003940064304 from_scope=acc_919006065076 to_account=acc_918335829278 reason=known_good_scope verified_at=1s ago (v98.10 §15 Step 0c — targeted routing, not a blind rotation)
2026-09-26 01:32:52 | INFO    | mediagrab          | _v9810_scope_route:11837 | ENTITY_RESOLVE_CACHE_HIT chat_id=-1003940064304 scope=acc_918335829278 source=scope_state age=1s (v98.10 §15 Step 0c — fresh known-good object, 0 RPCs)
2026-09-26 01:32:52 | INFO    | mediagrab          | resolve_vc_entity:12431 | ENTITY_RESOLVE_RPC_COUNT chat_id=-1003940064304 scope=acc_919006065076 rpcs=0 failed_rpcs=0 outcome=RESOLVED_VIA_ROTATION duration_ms=0.3 (v98.10 §22)
2026-09-26 01:32:52 | DEBUG   | mediagrab          | cache_entity_scoped:2355 | ENTITY_CACHE_SCOPED account=acc_918335829278 entity_id=3940064304 source=vc_discovery scope=acc_918335829278 (v99 RC-C scope-annotated)
2026-09-26 01:32:52 | INFO    | mediagrab          | vc_detect_active_call:3098 | VC_ENTITY_DISCOVERED entity_id=3940064304 access_hash=<1744…> type=Channel
2026-09-26 01:32:52 | DEBUG   | mediagrab          | vc_verify_target:8965 | VC_PARTICIPATION_REDETECT_OK chat_id=3940064304 account_id=acc_919006065076 detect_scope=acc_918335829278 source=account_rotation:acc_918335829278 reresolved=0 (v98.07 FIX-QQ)
2026-09-26 01:32:52 | INFO    | mediagrab          | vc_check_telegram_participation:7356 | VC_PARTICIPATION_STALE_CALL chat_id=3940064304 call_id=-7699075288673564347 exc=GroupcallInvalidError — the queried (id, access_hash) pair is NOT a live call: STALE CALL IDENTITY, returning unknown (NOT absent; the pipeline re-detects the current pair and re-verifies) (v99.05 RC-F4)
2026-09-26 01:32:52 | INFO    | mediagrab          | vc_check_telegram_participation:7370 | VC_VERIFY_STALE_IDENTITY chat_id=3940064304 call_id=-7699075288673564347 — detect stale identity → re-resolve current pair → verify → atomically update cache; existing healthy transport PRESERVED (never a leave; v99.11 P1)
2026-09-26 01:32:52 | INFO    | mediagrab          | vc_verify_target:9136 | VC_PARTICIPATION_VERIFY chat_id=3940064304 locally_tracked=False telegram=unknown
2026-09-26 01:32:52 | INFO    | mediagrab          | vc_verify_target:9155 | VC_VERIFY_UNKNOWN chat_id=3940064304 locally_tracked=False telegram=unknown — explicit verification state (v99.11 P1; never a leave)
2026-09-26 01:32:52 | INFO    | mediagrab          | vc_reconcile_participations:9529 | VC_RECONCILE_DEFERRED_UNKNOWN chat_id=3940064304 — preserving joined state (backend evidence)
2026-09-26 01:32:52 | INFO    | mediagrab          | vc_reconcile_participations:9645 | VC_REGISTRY_UPDATE_CONFIRMED chat_id=3940064304 classification=LOCALLY_TRACKED_UNCONFIRMED
2026-09-26 01:32:52 | DEBUG   | mediagrab          | vc_verify_target:8855 | VC_RECONCILE_CLIENT chat_id=-1002887741724 account_id=global source=global_backend_bound
2026-09-26 01:32:52 | INFO    | mediagrab          | resolve_vc_entity:11974 | VC_ENTITY_RESOLVE_START chat_ref=-1002887741724 chat_id=-1002887741724 access_hash=yes
2026-09-26 01:32:52 | INFO    | mediagrab          | resolve_vc_entity:12075 | VC_ENTITY_RESOLVE_CACHE_HIT chat_id=-1002887741724
2026-09-26 01:32:52 | INFO    | mediagrab          | resolve_vc_entity:12076 | VC_ENTITY_RESOLVE_SUCCESS chat_id=-1002887741724 source=cache
2026-09-26 01:32:52 | INFO    | mediagrab          | resolve_vc_entity:12431 | ENTITY_RESOLVE_RPC_COUNT chat_id=-1002887741724 scope=acc_918335829278 rpcs=0 failed_rpcs=0 outcome=RESOLVED_FROM_CACHE duration_ms=0.2 (v98.10 §22)
2026-09-26 01:32:52 | DEBUG   | mediagrab          | cache_entity_scoped:2355 | ENTITY_CACHE_SCOPED account=acc_918335829278 entity_id=2887741724 source=vc_discovery scope=acc_918335829278 (v99 RC-C scope-annotated)
2026-09-26 01:32:52 | INFO    | mediagrab          | vc_detect_active_call:3098 | VC_ENTITY_DISCOVERED entity_id=2887741724 access_hash=<6524…> type=Channel
2026-09-26 01:32:52 | DEBUG   | mediagrab          | vc_verify_target:8965 | VC_PARTICIPATION_REDETECT_OK chat_id=-1002887741724 account_id=global detect_scope=acc_918335829278 source=cache reresolved=0 (v98.07 FIX-QQ)
2026-09-26 01:32:52 | INFO    | mediagrab          | vc_check_telegram_participation:7443 | VC_PARTICIPATION_PRESENT chat_id=-1002887741724 call_id=-3179384222730274919 my_id=8624009332 pages=1 inspected=1 complete=yes server_count=None participant=[peer=PeerUser(8624009332) flags=is_self,muted,video_joined source=1789396470]
2026-09-26 01:32:52 | INFO    | mediagrab          | vc_verify_target:9136 | VC_PARTICIPATION_VERIFY chat_id=-1002887741724 locally_tracked=False telegram=present
2026-09-26 01:32:52 | INFO    | mediagrab          | vc_verify_target:9155 | VC_VERIFY_MEMBER chat_id=-1002887741724 locally_tracked=False telegram=present — explicit verification state (v99.11 P1; never a leave)
2026-09-26 01:32:52 | INFO    | mediagrab          | vc_reconcile_participations:9645 | VC_REGISTRY_UPDATE_CONFIRMED chat_id=-1002887741724 classification=PARTICIPATING_UNTRACKED
2026-09-26 01:32:52 | DEBUG   | mediagrab          | vc_verify_target:8855 | VC_RECONCILE_CLIENT chat_id=2887741724 account_id=acc_919006065076 source=account:acc_919006065076
2026-09-26 01:32:52 | INFO    | mediagrab          | resolve_vc_entity:11974 | VC_ENTITY_RESOLVE_START chat_ref=-1002887741724 chat_id=-1002887741724 access_hash=yes
2026-09-26 01:32:52 | WARNING | mediagrab          | resolve_vc_entity:12062 | VC_HASH_SCOPE_MISMATCH chat_id=-1002887741724 entry_scope=acc_918335829278 consumer_scope=acc_919006065076 — skipping cache hit, re-resolving for this client (v98.07 FIX-QQ)
2026-09-26 01:32:52 | INFO    | mediagrab          | _v9810_scope_route:11809 | ENTITY_RESOLVE_ACCOUNT_SWITCH chat_id=-1002887741724 from_scope=acc_919006065076 to_account=acc_918335829278 reason=known_good_scope verified_at=0s ago (v98.10 §15 Step 0c — targeted routing, not a blind rotation)
2026-09-26 01:32:52 | INFO    | mediagrab          | _v9810_scope_route:11837 | ENTITY_RESOLVE_CACHE_HIT chat_id=-1002887741724 scope=acc_918335829278 source=scope_state age=0s (v98.10 §15 Step 0c — fresh known-good object, 0 RPCs)
2026-09-26 01:32:53 | INFO    | mediagrab          | resolve_vc_entity:12431 | ENTITY_RESOLVE_RPC_COUNT chat_id=-1002887741724 scope=acc_919006065076 rpcs=0 failed_rpcs=0 outcome=RESOLVED_VIA_ROTATION duration_ms=2.0 (v98.10 §22)
2026-09-26 01:32:53 | DEBUG   | mediagrab          | cache_entity_scoped:2355 | ENTITY_CACHE_SCOPED account=acc_918335829278 entity_id=2887741724 source=vc_discovery scope=acc_918335829278 (v99 RC-C scope-annotated)
2026-09-26 01:32:53 | INFO    | mediagrab          | vc_detect_active_call:3098 | VC_ENTITY_DISCOVERED entity_id=2887741724 access_hash=<6524…> type=Channel
2026-09-26 01:32:53 | DEBUG   | mediagrab          | vc_verify_target:8965 | VC_PARTICIPATION_REDETECT_OK chat_id=2887741724 account_id=acc_919006065076 detect_scope=acc_918335829278 source=account_rotation:acc_918335829278 reresolved=0 (v98.07 FIX-QQ)
2026-09-26 01:32:53 | INFO    | mediagrab          | vc_check_telegram_participation:7356 | VC_PARTICIPATION_STALE_CALL chat_id=2887741724 call_id=-3179384222730274919 exc=GroupcallInvalidError — the queried (id, access_hash) pair is NOT a live call: STALE CALL IDENTITY, returning unknown (NOT absent; the pipeline re-detects the current pair and re-verifies) (v99.05 RC-F4)
2026-09-26 01:32:53 | INFO    | mediagrab          | vc_check_telegram_participation:7370 | VC_VERIFY_STALE_IDENTITY chat_id=2887741724 call_id=-3179384222730274919 — detect stale identity → re-resolve current pair → verify → atomically update cache; existing healthy transport PRESERVED (never a leave; v99.11 P1)
2026-09-26 01:32:53 | INFO    | mediagrab          | vc_verify_target:9136 | VC_PARTICIPATION_VERIFY chat_id=2887741724 locally_tracked=False telegram=unknown
2026-09-26 01:32:53 | INFO    | mediagrab          | vc_verify_target:9155 | VC_VERIFY_UNKNOWN chat_id=2887741724 locally_tracked=False telegram=unknown — explicit verification state (v99.11 P1; never a leave)
2026-09-26 01:32:53 | INFO    | mediagrab          | vc_reconcile_participations:9529 | VC_RECONCILE_DEFERRED_UNKNOWN chat_id=2887741724 — preserving joined state (backend evidence)
2026-09-26 01:32:53 | INFO    | mediagrab          | vc_reconcile_participations:9645 | VC_REGISTRY_UPDATE_CONFIRMED chat_id=2887741724 classification=LOCALLY_TRACKED_UNCONFIRMED
2026-09-26 01:32:53 | INFO    | mediagrab          | vc_reconcile_participations:9660 | VC_RECONCILE_RESULT total=34 confirmed=5 participating_untracked=11 locally_tracked_unconfirmed=7 unknown=9 cleanup_required=0 left=2 failed=0
2026-09-26 01:33:01 | DEBUG   | mediagrab          | _mtproto_health_loop:5800 | MTProto health check: OK
2026-09-26 01:33:01 | INFO    | mediagrab          | _mtproto_health_loop:5864 | MTPROTO_GENERATION_STATE active=0 retiring=0 retired=0 poisoned=0 generation_sessions=0 live_clients=3
2026-09-26 01:33:17 | INFO    | mediagrab          | _vc_handle_vc_command:28929 | COMMAND_RECEIVED path=telethon cmd=stop sender=6690596310 chat=-1004493954490
2026-09-26 01:33:31 | DEBUG   | mediagrab          | _mtproto_health_loop:5800 | MTProto health check: OK
2026-09-26 01:33:31 | INFO    | mediagrab          | _mtproto_health_loop:5864 | MTPROTO_GENERATION_STATE active=0 retiring=0 retired=0 poisoned=0 generation_sessions=0 live_clients=3
2026-09-26 01:33:31 | INFO    | mediagrab          | _reconcile_cycle:917 | VC_COVERAGE_RECONCILE_START active=40 joined=28 missing=12 retry_ready=0 persistent_retry_queue_total=0 persistent_retry_queue_ready=0
2026-09-26 01:33:31 | INFO    | mediagrab          | _reconcile_cycle:946 | VC_RECONCILE_FOUND_MISSING chat_id=1949746242 title=
2026-09-26 01:33:31 | INFO    | mediagrab          | _reconcile_cycle:946 | VC_RECONCILE_FOUND_MISSING chat_id=3717806820 title=
2026-09-26 01:33:31 | INFO    | mediagrab          | _reconcile_cycle:946 | VC_RECONCILE_FOUND_MISSING chat_id=3961210499 title=
2026-09-26 01:33:31 | INFO    | mediagrab          | _reconcile_cycle:946 | VC_RECONCILE_FOUND_MISSING chat_id=2144563093 title=
2026-09-26 01:33:31 | INFO    | mediagrab          | _reconcile_cycle:946 | VC_RECONCILE_FOUND_MISSING chat_id=2333937461 title=
2026-09-26 01:33:31 | INFO    | mediagrab          | _reconcile_cycle:946 | VC_RECONCILE_FOUND_MISSING chat_id=1993596337 title=Трейд чатик Vespiol
2026-09-26 01:33:31 | DEBUG   | mediagrab          | _watchdog_loop:1740 | WATCHDOG: talkative handler not registered but effective_disabled source=dashboard_db — not retrying (admin disabled; v99.07 FIX-5)
2026-09-26 01:33:39 | INFO    | mediagrab          | _bot_heartbeat_loop:2756 | ACCOUNT_HEALTH live_clients=2 cluster_accounts=2 dead_sessions=0 unregistered=0 expected_cluster=2 total_files=2 — live_clients counts primary_global + registered cluster sessions; dead files need delete + re-login (SESSION_REMEDIATION); expected_cluster is accounts.json's registry size (v99.03 RC-10)
2026-09-26 01:33:39 | INFO    | mediagrab          | _bot_heartbeat_loop:2840 | BOT_HEARTBEAT pid=7 uptime=16755s rss_mb=166 threads=50 fd=320/1024 joined_transports=20 join_queue=0 active_joins=0 memory_limit_mb=4506 resource_headroom_mb=4340 TASK_POPULATION total=38 FD_CENSUS total=320 soft=1024 sockets=302 pipes=2 files=13 anon=2 other=1 MEM_CENSUS rss_mb=166 threads=50 fd=320/1024 joined_transports=20 joins=_global:J=13/F=0 acc_918335829278:J=6/F=0 acc_919006065076:J=1/F=0 (v98.05 FIX-FF liveness; v98.06 FIX-OO uptime epoch domain; v99.02 FIX-3 FD_CENSUS; v99.10 FIX-D MEM_CENSUS; v99.11 P0-1 single-%s safe emission + resource fields)
2026-09-26 01:34:01 | DEBUG   | mediagrab          | _mtproto_health_loop:5800 | MTProto health check: OK
2026-09-26 01:34:01 | INFO    | mediagrab          | _mtproto_health_loop:5864 | MTPROTO_GENERATION_STATE active=0 retiring=0 retired=0 poisoned=0 generation_sessions=0 live_clients=3
2026-09-26 01:34:26 | INFO    | mediagrab          | run_wal_checkpoint:769 | WAL_CHECKPOINT_OK busy=0 log_frames=0 checkpointed=0 attempt=1 (v99.11 dedicated-connection checkpoint)
2026-09-26 01:34:31 | DEBUG   | mediagrab          | _mtproto_health_loop:5800 | MTProto health check: OK
2026-09-26 01:34:31 | INFO    | mediagrab          | _mtproto_health_loop:5864 | MTPROTO_GENERATION_STATE active=0 retiring=0 retired=0 poisoned=0 generation_sessions=0 live_clients=3
2026-09-26 01:34:31 | INFO    | mediagrab          | _reconcile_cycle:917 | VC_COVERAGE_RECONCILE_START active=40 joined=28 missing=12 retry_ready=0 persistent_retry_queue_total=0 persistent_retry_queue_ready=0
2026-09-26 01:34:31 | INFO    | mediagrab          | _reconcile_cycle:946 | VC_RECONCILE_FOUND_MISSING chat_id=1949746242 title=
2026-09-26 01:34:31 | INFO    | mediagrab          | _reconcile_cycle:946 | VC_RECONCILE_FOUND_MISSING chat_id=3717806820 title=
2026-09-26 01:34:31 | INFO    | mediagrab          | _reconcile_cycle:946 | VC_RECONCILE_FOUND_MISSING chat_id=3961210499 title=
2026-09-26 01:34:31 | INFO    | mediagrab          | _reconcile_cycle:946 | VC_RECONCILE_FOUND_MISSING chat_id=2144563093 title=
2026-09-26 01:34:31 | INFO    | mediagrab          | _reconcile_cycle:946 | VC_RECONCILE_FOUND_MISSING chat_id=2333937461 title=
2026-09-26 01:34:31 | INFO    | mediagrab          | _reconcile_cycle:946 | VC_RECONCILE_FOUND_MISSING chat_id=1993596337 title=Трейд чатик Vespiol
2026-09-26 01:34:31 | DEBUG   | mediagrab          | _watchdog_loop:1740 | WATCHDOG: talkative handler not registered but effective_disabled source=dashboard_db — not retrying (admin disabled; v99.07 FIX-5)
2026-09-26 01:34:39 | INFO    | mediagrab          | _bot_heartbeat_loop:2840 | BOT_HEARTBEAT pid=7 uptime=16815s rss_mb=165 threads=50 fd=319/1024 joined_transports=20 join_queue=0 active_joins=0 memory_limit_mb=4506 resource_headroom_mb=4340 FD_CENSUS total=319 soft=1024 sockets=302 pipes=2 files=12 anon=2 other=1 MEM_CENSUS rss_mb=165 threads=50 fd=319/1024 joined_transports=20 joins=_global:J=13/F=0 acc_918335829278:J=6/F=0 acc_919006065076:J=1/F=0 (v98.05 FIX-FF liveness; v98.06 FIX-OO uptime epoch domain; v99.02 FIX-3 FD_CENSUS; v99.10 FIX-D MEM_CENSUS; v99.11 P0-1 single-%s safe emission + resource fields)
2026-09-26 01:34:52 | INFO    | mediagrab          | _vc_handle_vc_command:28929 | COMMAND_RECEIVED path=telethon cmd=num sender=2112060890 chat=-1003794439741
2026-09-26 01:35:01 | DEBUG   | mediagrab          | _mtproto_health_loop:5800 | MTProto health check: OK
2026-09-26 01:35:01 | INFO    | mediagrab          | _mtproto_health_loop:5864 | MTPROTO_GENERATION_STATE active=0 retiring=0 retired=0 poisoned=0 generation_sessions=0 live_clients=3
2026-09-26 01:35:31 | DEBUG   | mediagrab          | _mtproto_health_loop:5800 | MTProto health check: OK
2026-09-26 01:35:31 | INFO    | mediagrab          | _mtproto_health_loop:5864 | MTPROTO_GENERATION_STATE active=0 retiring=0 retired=0 poisoned=0 generation_sessions=0 live_clients=3
2026-09-26 01:35:31 | INFO    | mediagrab_bot.vc_arch | emit_budgets_heartbeat:1204 | VC_ARCH_BUDGETS_HEARTBEAT max_classification_in_flight=4 max_discovery_in_flight=4 max_dispatch_queue_depth=200 max_entity_resolution_in_flight=8 max_join_in_flight=3 max_reconcile_in_flight=4 negcache_max_entries=10000 retry_budget_per_window=25 retry_window_seconds=60 task_population_bound=5000
2026-09-26 01:35:31 | INFO    | mediagrab          | _reconcile_cycle:917 | VC_COVERAGE_RECONCILE_START active=40 joined=28 missing=12 retry_ready=0 persistent_retry_queue_total=0 persistent_retry_queue_ready=0
2026-09-26 01:35:31 | INFO    | mediagrab          | _reconcile_cycle:946 | VC_RECONCILE_FOUND_MISSING chat_id=1949746242 title=
2026-09-26 01:35:31 | INFO    | mediagrab          | _reconcile_cycle:946 | VC_RECONCILE_FOUND_MISSING chat_id=3717806820 title=
2026-09-26 01:35:31 | INFO    | mediagrab          | _reconcile_cycle:946 | VC_RECONCILE_FOUND_MISSING chat_id=3961210499 title=
2026-09-26 01:35:31 | INFO    | mediagrab          | _reconcile_cycle:946 | VC_RECONCILE_FOUND_MISSING chat_id=2144563093 title=
2026-09-26 01:35:31 | INFO    | mediagrab          | _reconcile_cycle:946 | VC_RECONCILE_FOUND_MISSING chat_id=2333937461 title=
2026-09-26 01:35:31 | INFO    | mediagrab          | _reconcile_cycle:946 | VC_RECONCILE_FOUND_MISSING chat_id=1993596337 title=Трейд чатик Vespiol
2026-09-26 01:35:31 | DEBUG   | mediagrab          | _watchdog_loop:1740 | WATCHDOG: talkative handler not registered but effective_disabled source=dashboard_db — not retrying (admin disabled; v99.07 FIX-5)
2026-09-26 01:35:39 | INFO    | mediagrab          | _bot_heartbeat_loop:2840 | BOT_HEARTBEAT pid=7 uptime=16875s rss_mb=165 threads=50 fd=317/1024 joined_transports=20 join_queue=0 active_joins=0 memory_limit_mb=4506 resource_headroom_mb=4340 FD_CENSUS total=317 soft=1024 sockets=300 pipes=2 files=12 anon=2 other=1 MEM_CENSUS rss_mb=165 threads=50 fd=317/1024 joined_transports=20 joins=_global:J=13/F=0 acc_918335829278:J=6/F=0 acc_919006065076:J=1/F=0 (v98.05 FIX-FF liveness; v98.06 FIX-OO uptime epoch domain; v99.02 FIX-3 FD_CENSUS; v99.10 FIX-D MEM_CENSUS; v99.11 P0-1 single-%s safe emission + resource fields)
2026-09-26 01:36:01 | DEBUG   | mediagrab          | _mtproto_health_loop:5800 | MTProto health check: OK
2026-09-26 01:36:01 | INFO    | mediagrab          | _mtproto_health_loop:5864 | MTPROTO_GENERATION_STATE active=0 retiring=0 retired=0 poisoned=0 generation_sessions=0 live_clients=3
2026-09-26 01:36:31 | DEBUG   | mediagrab          | _mtproto_health_loop:5800 | MTProto health check: OK
2026-09-26 01:36:31 | INFO    | mediagrab          | _mtproto_health_loop:5864 | MTPROTO_GENERATION_STATE active=0 retiring=0 retired=0 poisoned=0 generation_sessions=0 live_clients=3
2026-09-26 01:36:31 | INFO    | mediagrab          | _reconcile_cycle:917 | VC_COVERAGE_RECONCILE_START active=40 joined=28 missing=12 retry_ready=0 persistent_retry_queue_total=0 persistent_retry_queue_ready=0
2026-09-26 01:36:31 | INFO    | mediagrab          | _reconcile_cycle:946 | VC_RECONCILE_FOUND_MISSING chat_id=1949746242 title=
2026-09-26 01:36:31 | INFO    | mediagrab          | _reconcile_cycle:946 | VC_RECONCILE_FOUND_MISSING chat_id=3717806820 title=
2026-09-26 01:36:31 | INFO    | mediagrab          | _reconcile_cycle:946 | VC_RECONCILE_FOUND_MISSING chat_id=3961210499 title=
2026-09-26 01:36:31 | INFO    | mediagrab          | _reconcile_cycle:946 | VC_RECONCILE_FOUND_MISSING chat_id=2144563093 title=
2026-09-26 01:36:31 | INFO    | mediagrab          | _reconcile_cycle:946 | VC_RECONCILE_FOUND_MISSING chat_id=2333937461 title=
2026-09-26 01:36:31 | INFO    | mediagrab          | _reconcile_cycle:946 | VC_RECONCILE_FOUND_MISSING chat_id=1993596337 title=Трейд чатик Vespiol
2026-09-26 01:36:31 | DEBUG   | mediagrab          | _watchdog_loop:1740 | WATCHDOG: talkative handler not registered but effective_disabled source=dashboard_db — not retrying (admin disabled; v99.07 FIX-5)
2026-09-26 01:36:39 | INFO    | mediagrab          | _bot_heartbeat_loop:2840 | BOT_HEARTBEAT pid=7 uptime=16935s rss_mb=165 threads=50 fd=317/1024 joined_transports=20 join_queue=0 active_joins=0 memory_limit_mb=4506 resource_headroom_mb=4340 FD_CENSUS total=317 soft=1024 sockets=300 pipes=2 files=12 anon=2 other=1 MEM_CENSUS rss_mb=165 threads=50 fd=317/1024 joined_transports=20 joins=_global:J=13/F=0 acc_918335829278:J=6/F=0 acc_919006065076:J=1/F=0 (v98.05 FIX-FF liveness; v98.06 FIX-OO uptime epoch domain; v99.02 FIX-3 FD_CENSUS; v99.10 FIX-D MEM_CENSUS; v99.11 P0-1 single-%s safe emission + resource fields)
2026-09-26 01:36:53 | INFO    | mediagrab          | _vc_handle_vc_command:28929 | COMMAND_RECEIVED path=telethon cmd=play sender=8694878088 chat=-1004493954490
2026-09-26 01:37:01 | DEBUG   | mediagrab          | _mtproto_health_loop:5800 | MTProto health check: OK
2026-09-26 01:37:01 | INFO    | mediagrab          | _mtproto_health_loop:5864 | MTPROTO_GENERATION_STATE active=0 retiring=0 retired=0 poisoned=0 generation_sessions=0 live_clients=3
2026-09-26 01:37:06 | INFO    | mediagrab          | _vc_handle_vc_command:28929 | COMMAND_RECEIVED path=telethon cmd=topchat@newsviewslavebot sender=1311713688 chat=-1003922758336
2026-09-26 01:37:31 | DEBUG   | mediagrab          | _mtproto_health_loop:5800 | MTProto health check: OK
2026-09-26 01:37:31 | INFO    | mediagrab          | _mtproto_health_loop:5864 | MTPROTO_GENERATION_STATE active=0 retiring=0 retired=0 poisoned=0 generation_sessions=0 live_clients=3
2026-09-26 01:37:31 | INFO    | mediagrab          | _reconcile_cycle:917 | VC_COVERAGE_RECONCILE_START active=40 joined=28 missing=12 retry_ready=0 persistent_retry_queue_total=0 persistent_retry_queue_ready=0
2026-09-26 01:37:31 | INFO    | mediagrab          | _reconcile_cycle:946 | VC_RECONCILE_FOUND_MISSING chat_id=1949746242 title=
2026-09-26 01:37:31 | INFO    | mediagrab          | _reconcile_cycle:946 | VC_RECONCILE_FOUND_MISSING chat_id=3717806820 title=
2026-09-26 01:37:31 | INFO    | mediagrab          | _reconcile_cycle:946 | VC_RECONCILE_FOUND_MISSING chat_id=3961210499 title=
2026-09-26 01:37:31 | INFO    | mediagrab          | _reconcile_cycle:946 | VC_RECONCILE_FOUND_MISSING chat_id=2144563093 title=
2026-09-26 01:37:31 | INFO    | mediagrab          | _reconcile_cycle:946 | VC_RECONCILE_FOUND_MISSING chat_id=2333937461 title=
2026-09-26 01:37:31 | INFO    | mediagrab          | _reconcile_cycle:946 | VC_RECONCILE_FOUND_MISSING chat_id=1993596337 title=Трейд чатик Vespiol
2026-09-26 01:37:31 | DEBUG   | mediagrab          | _watchdog_loop:1740 | WATCHDOG: talkative handler not registered but effective_disabled source=dashboard_db — not retrying (admin disabled; v99.07 FIX-5)
2026-09-26 01:37:39 | INFO    | mediagrab          | _bot_heartbeat_loop:2840 | BOT_HEARTBEAT pid=7 uptime=16995s rss_mb=165 threads=50 fd=321/1024 joined_transports=20 join_queue=0 active_joins=0 memory_limit_mb=4506 resource_headroom_mb=4340 FD_CENSUS total=321 soft=1024 sockets=303 pipes=2 files=13 anon=2 other=1 MEM_CENSUS rss_mb=165 threads=50 fd=321/1024 joined_transports=20 joins=_global:J=13/F=0 acc_918335829278:J=6/F=0 acc_919006065076:J=1/F=0 (v98.05 FIX-FF liveness; v98.06 FIX-OO uptime epoch domain; v99.02 FIX-3 FD_CENSUS; v99.10 FIX-D MEM_CENSUS; v99.11 P0-1 single-%s safe emission + resource fields)
2026-09-26 01:37:53 | INFO    | mediagrab          | vc_collect_capability_evidence:8673 | VC_MULTI_CAPABILITY classification=MULTI_TRANSPORT resolved_count=13 tracked_targets=34 telegram_present=16 leave_target_specific=True confidence=high contradictions=0
2026-09-26 01:37:53 | DEBUG   | mediagrab          | vc_verify_target:8855 | VC_RECONCILE_CLIENT chat_id=-1001949746242 account_id=global source=global_backend_bound
2026-09-26 01:37:53 | INFO    | mediagrab          | resolve_vc_entity:11974 | VC_ENTITY_RESOLVE_START chat_ref=-1001949746242 chat_id=-1001949746242 access_hash=yes
2026-09-26 01:37:53 | INFO    | mediagrab          | resolve_vc_entity:12075 | VC_ENTITY_RESOLVE_CACHE_HIT chat_id=-1001949746242
2026-09-26 01:37:53 | INFO    | mediagrab          | resolve_vc_entity:12076 | VC_ENTITY_RESOLVE_SUCCESS chat_id=-1001949746242 source=cache
2026-09-26 01:37:53 | INFO    | mediagrab          | resolve_vc_entity:12431 | ENTITY_RESOLVE_RPC_COUNT chat_id=-1001949746242 scope=acc_918335829278 rpcs=0 failed_rpcs=0 outcome=RESOLVED_FROM_CACHE duration_ms=0.6 (v98.10 §22)
2026-09-26 01:37:53 | DEBUG   | mediagrab          | cache_entity_scoped:2355 | ENTITY_CACHE_SCOPED account=acc_918335829278 entity_id=1949746242 source=vc_discovery scope=acc_918335829278 (v99 RC-C scope-annotated)
2026-09-26 01:37:53 | INFO    | mediagrab          | vc_detect_active_call:3098 | VC_ENTITY_DISCOVERED entity_id=1949746242 access_hash=<2432…> type=Channel
2026-09-26 01:37:53 | DEBUG   | mediagrab          | vc_verify_target:8965 | VC_PARTICIPATION_REDETECT_OK chat_id=-1001949746242 account_id=global detect_scope=acc_918335829278 source=cache reresolved=0 (v98.07 FIX-QQ)
2026-09-26 01:37:54 | INFO    | mediagrab          | vc_check_telegram_participation:7681 | VC_PARTICIPATION_ABSENT_VIA_TARGETED chat_id=-1001949746242 call_id=-8374096343459726500 my_id=8624009332 via TARGETED_QUERY (v98.01 FIX-I + v98.02 FIX-L) — broad scan truncated at 0/2000, targeted query EMPTY for streak=3 (>=threshold=3) consecutive times with call_id stable → authoritative absence after repeated negative
2026-09-26 01:37:54 | INFO    | mediagrab          | vc_verify_target:9136 | VC_PARTICIPATION_VERIFY chat_id=-1001949746242 locally_tracked=False telegram=absent
2026-09-26 01:37:54 | INFO    | mediagrab          | vc_verify_target:9155 | VC_VERIFY_NOT_MEMBER chat_id=-1001949746242 locally_tracked=False telegram=absent — explicit verification state (v99.11 P1; never a leave)
2026-09-26 01:37:54 | INFO    | mediagrab          | vc_reconcile_participations:9542 | VC_PARTICIPATION_CONFIRMED_ABSENT chat_id=-1001949746242
2026-09-26 01:37:54 | INFO    | mediagrab          | _vc_cleanup_stale_backend_call:8029 | VC_BACKEND_STALE_CALL_CLEANUP_OWNER chat_id=-1001949746242 owner_account=(global) — using per-account backend for cleanup (v98.01 FIX-J: account-aware, prevents cross-account corruption)
2026-09-26 01:37:54 | INFO    | mediagrab          | vc_reconcile_participations:9645 | VC_REGISTRY_UPDATE_CONFIRMED chat_id=-1001949746242 classification=LEFT
2026-09-26 01:37:54 | DEBUG   | mediagrab          | vc_verify_target:8855 | VC_RECONCILE_CLIENT chat_id=1949746242 account_id=acc_918335829278 source=account:acc_918335829278
2026-09-26 01:37:54 | INFO    | mediagrab          | resolve_vc_entity:11974 | VC_ENTITY_RESOLVE_START chat_ref=-1001949746242 chat_id=-1001949746242 access_hash=yes
2026-09-26 01:37:54 | INFO    | mediagrab          | resolve_vc_entity:12075 | VC_ENTITY_RESOLVE_CACHE_HIT chat_id=-1001949746242
2026-09-26 01:37:54 | INFO    | mediagrab          | resolve_vc_entity:12076 | VC_ENTITY_RESOLVE_SUCCESS chat_id=-1001949746242 source=cache
2026-09-26 01:37:54 | INFO    | mediagrab          | resolve_vc_entity:12431 | ENTITY_RESOLVE_RPC_COUNT chat_id=-1001949746242 scope=acc_918335829278 rpcs=0 failed_rpcs=0 outcome=RESOLVED_FROM_CACHE duration_ms=0.2 (v98.10 §22)
2026-09-26 01:37:54 | DEBUG   | mediagrab          | cache_entity_scoped:2355 | ENTITY_CACHE_SCOPED account=acc_918335829278 entity_id=1949746242 source=vc_discovery scope=acc_918335829278 (v99 RC-C scope-annotated)
2026-09-26 01:37:54 | INFO    | mediagrab          | vc_detect_active_call:3098 | VC_ENTITY_DISCOVERED entity_id=1949746242 access_hash=<2432…> type=Channel
2026-09-26 01:37:54 | DEBUG   | mediagrab          | vc_verify_target:8965 | VC_PARTICIPATION_REDETECT_OK chat_id=1949746242 account_id=acc_918335829278 detect_scope=acc_918335829278 source=cache reresolved=0 (v98.07 FIX-QQ)
2026-09-26 01:37:55 | INFO    | mediagrab          | vc_check_telegram_participation:7681 | VC_PARTICIPATION_ABSENT_VIA_TARGETED chat_id=1949746242 call_id=-8374096343459726500 my_id=8624009332 via TARGETED_QUERY (v98.01 FIX-I + v98.02 FIX-L) — broad scan truncated at 0/2000, targeted query EMPTY for streak=3 (>=threshold=3) consecutive times with call_id stable → authoritative absence after repeated negative
2026-09-26 01:37:55 | INFO    | mediagrab          | vc_verify_target:9136 | VC_PARTICIPATION_VERIFY chat_id=1949746242 locally_tracked=False telegram=absent
2026-09-26 01:37:55 | INFO    | mediagrab          | vc_verify_target:9155 | VC_VERIFY_NOT_MEMBER chat_id=1949746242 locally_tracked=False telegram=absent — explicit verification state (v99.11 P1; never a leave)
2026-09-26 01:37:55 | INFO    | mediagrab          | vc_reconcile_participations:9542 | VC_PARTICIPATION_CONFIRMED_ABSENT chat_id=1949746242
2026-09-26 01:37:55 | INFO    | mediagrab          | _vc_cleanup_stale_backend_call:8029 | VC_BACKEND_STALE_CALL_CLEANUP_OWNER chat_id=1949746242 owner_account=(global) — using per-account backend for cleanup (v98.01 FIX-J: account-aware, prevents cross-account corruption)
2026-09-26 01:37:55 | INFO    | mediagrab          | vc_reconcile_participations:9645 | VC_REGISTRY_UPDATE_CONFIRMED chat_id=1949746242 classification=LEFT
2026-09-26 01:37:55 | DEBUG   | mediagrab          | vc_verify_target:8730 | VC_RECONCILE_SKIP_COOLDOWN chat_id=-1003717806820 remaining=1481s — recently confirmed dead
2026-09-26 01:37:55 | INFO    | mediagrab          | vc_reconcile_participations:9645 | VC_REGISTRY_UPDATE_CONFIRMED chat_id=-1003717806820 classification=UNKNOWN
2026-09-26 01:37:55 | DEBUG   | mediagrab          | vc_verify_target:8730 | VC_RECONCILE_SKIP_COOLDOWN chat_id=3717806820 remaining=1482s — recently confirmed dead
2026-09-26 01:37:55 | INFO    | mediagrab          | vc_reconcile_participations:9645 | VC_REGISTRY_UPDATE_CONFIRMED chat_id=3717806820 classification=UNKNOWN
2026-09-26 01:37:55 | DEBUG   | mediagrab          | vc_verify_target:8855 | VC_RECONCILE_CLIENT chat_id=-1004493954490 account_id=global source=global_backend_bound
2026-09-26 01:37:55 | INFO    | mediagrab          | resolve_vc_entity:11974 | VC_ENTITY_RESOLVE_START chat_ref=-1004493954490 chat_id=-1004493954490 access_hash=yes
2026-09-26 01:37:55 | INFO    | mediagrab          | resolve_vc_entity:12075 | VC_ENTITY_RESOLVE_CACHE_HIT chat_id=-1004493954490
2026-09-26 01:37:55 | INFO    | mediagrab          | resolve_vc_entity:12076 | VC_ENTITY_RESOLVE_SUCCESS chat_id=-1004493954490 source=cache
2026-09-26 01:37:55 | INFO    | mediagrab          | resolve_vc_entity:12431 | ENTITY_RESOLVE_RPC_COUNT chat_id=-1004493954490 scope=acc_918335829278 rpcs=0 failed_rpcs=0 outcome=RESOLVED_FROM_CACHE duration_ms=0.2 (v98.10 §22)
2026-09-26 01:37:55 | DEBUG   | mediagrab          | cache_entity_scoped:2355 | ENTITY_CACHE_SCOPED account=acc_918335829278 entity_id=4493954490 source=vc_discovery scope=acc_918335829278 (v99 RC-C scope-annotated)
2026-09-26 01:37:55 | INFO    | mediagrab          | vc_detect_active_call:3098 | VC_ENTITY_DISCOVERED entity_id=4493954490 access_hash=<1521…> type=Channel
2026-09-26 01:37:55 | DEBUG   | mediagrab          | vc_verify_target:8965 | VC_PARTICIPATION_REDETECT_OK chat_id=-1004493954490 account_id=global detect_scope=acc_918335829278 source=cache reresolved=0 (v98.07 FIX-QQ)
2026-09-26 01:37:55 | INFO    | mediagrab          | vc_check_telegram_participation:7443 | VC_PARTICIPATION_PRESENT chat_id=-1004493954490 call_id=-854643486267583587 my_id=8624009332 pages=1 inspected=1 complete=yes server_count=None participant=[peer=PeerUser(8624009332) flags=is_self,muted,video_joined source=1809589421]
2026-09-26 01:37:55 | INFO    | mediagrab          | vc_verify_target:9136 | VC_PARTICIPATION_VERIFY chat_id=-1004493954490 locally_tracked=False telegram=present
2026-09-26 01:37:55 | INFO    | mediagrab          | vc_verify_target:9155 | VC_VERIFY_MEMBER chat_id=-1004493954490 locally_tracked=False telegram=present — explicit verification state (v99.11 P1; never a leave)
2026-09-26 01:37:55 | INFO    | mediagrab          | vc_reconcile_participations:9645 | VC_REGISTRY_UPDATE_CONFIRMED chat_id=-1004493954490 classification=PARTICIPATING_UNTRACKED
2026-09-26 01:37:55 | DEBUG   | mediagrab          | vc_verify_target:8855 | VC_RECONCILE_CLIENT chat_id=4493954490 account_id=(none) source=primary_legacy
2026-09-26 01:37:55 | INFO    | mediagrab          | resolve_vc_entity:11974 | VC_ENTITY_RESOLVE_START chat_ref=-1004493954490 chat_id=-1004493954490 access_hash=yes
2026-09-26 01:37:55 | INFO    | mediagrab          | resolve_vc_entity:12075 | VC_ENTITY_RESOLVE_CACHE_HIT chat_id=-1004493954490
2026-09-26 01:37:55 | INFO    | mediagrab          | resolve_vc_entity:12076 | VC_ENTITY_RESOLVE_SUCCESS chat_id=-1004493954490 source=cache
2026-09-26 01:37:55 | INFO    | mediagrab          | resolve_vc_entity:12431 | ENTITY_RESOLVE_RPC_COUNT chat_id=-1004493954490 scope=acc_918335829278 rpcs=0 failed_rpcs=0 outcome=RESOLVED_FROM_CACHE duration_ms=0.2 (v98.10 §22)
2026-09-26 01:37:56 | DEBUG   | mediagrab          | cache_entity_scoped:2355 | ENTITY_CACHE_SCOPED account=acc_918335829278 entity_id=4493954490 source=vc_discovery scope=acc_918335829278 (v99 RC-C scope-annotated)
2026-09-26 01:37:56 | INFO    | mediagrab          | vc_detect_active_call:3098 | VC_ENTITY_DISCOVERED entity_id=4493954490 access_hash=<1521…> type=Channel
2026-09-26 01:37:56 | DEBUG   | mediagrab          | vc_verify_target:8965 | VC_PARTICIPATION_REDETECT_OK chat_id=4493954490 account_id=(none) detect_scope=acc_918335829278 source=cache reresolved=0 (v98.07 FIX-QQ)
2026-09-26 01:37:56 | INFO    | mediagrab          | vc_check_telegram_participation:7443 | VC_PARTICIPATION_PRESENT chat_id=4493954490 call_id=-854643486267583587 my_id=8624009332 pages=1 inspected=1 complete=yes server_count=None participant=[peer=PeerUser(8624009332) flags=is_self,muted,video_joined source=1809589421]
2026-09-26 01:37:56 | INFO    | mediagrab          | vc_verify_target:9136 | VC_PARTICIPATION_VERIFY chat_id=4493954490 locally_tracked=False telegram=present
2026-09-26 01:37:56 | INFO    | mediagrab          | vc_verify_target:9155 | VC_VERIFY_MEMBER chat_id=4493954490 locally_tracked=False telegram=present — explicit verification state (v99.11 P1; never a leave)
2026-09-26 01:37:56 | INFO    | mediagrab          | vc_reconcile_participations:9645 | VC_REGISTRY_UPDATE_CONFIRMED chat_id=4493954490 classification=PARTICIPATING_UNTRACKED
2026-09-26 01:37:56 | DEBUG   | mediagrab          | vc_verify_target:8855 | VC_RECONCILE_CLIENT chat_id=-1001741660162 account_id=global source=global_backend_bound
2026-09-26 01:37:56 | INFO    | mediagrab          | resolve_vc_entity:11974 | VC_ENTITY_RESOLVE_START chat_ref=-1001741660162 chat_id=-1001741660162 access_hash=yes
2026-09-26 01:37:56 | INFO    | mediagrab          | resolve_vc_entity:12075 | VC_ENTITY_RESOLVE_CACHE_HIT chat_id=-1001741660162
2026-09-26 01:37:56 | INFO    | mediagrab          | resolve_vc_entity:12076 | VC_ENTITY_RESOLVE_SUCCESS chat_id=-1001741660162 source=cache
2026-09-26 01:37:56 | INFO    | mediagrab          | resolve_vc_entity:12431 | ENTITY_RESOLVE_RPC_COUNT chat_id=-1001741660162 scope=acc_918335829278 rpcs=0 failed_rpcs=0 outcome=RESOLVED_FROM_CACHE duration_ms=0.5 (v98.10 §22)
2026-09-26 01:37:56 | DEBUG   | mediagrab          | cache_entity_scoped:2355 | ENTITY_CACHE_SCOPED account=acc_918335829278 entity_id=1741660162 source=vc_discovery scope=acc_918335829278 (v99 RC-C scope-annotated)
2026-09-26 01:37:56 | INFO    | mediagrab          | vc_detect_active_call:3098 | VC_ENTITY_DISCOVERED entity_id=1741660162 access_hash=<-409…> type=Channel
2026-09-26 01:37:56 | DEBUG   | mediagrab          | vc_verify_target:8965 | VC_PARTICIPATION_REDETECT_OK chat_id=-1001741660162 account_id=global detect_scope=acc_918335829278 source=cache reresolved=0 (v98.07 FIX-QQ)
2026-09-26 01:37:56 | INFO    | mediagrab          | vc_check_telegram_participation:7443 | VC_PARTICIPATION_PRESENT chat_id=-1001741660162 call_id=-7480373434596124204 my_id=8624009332 pages=1 inspected=1 complete=yes server_count=None participant=[peer=PeerUser(8624009332) flags=is_self,muted,video_joined source=1709522862]
2026-09-26 01:37:56 | INFO    | mediagrab          | vc_verify_target:9136 | VC_PARTICIPATION_VERIFY chat_id=-1001741660162 locally_tracked=False telegram=present
2026-09-26 01:37:56 | INFO    | mediagrab          | vc_verify_target:9155 | VC_VERIFY_MEMBER chat_id=-1001741660162 locally_tracked=False telegram=present — explicit verification state (v99.11 P1; never a leave)
2026-09-26 01:37:56 | INFO    | mediagrab          | vc_reconcile_participations:9645 | VC_REGISTRY_UPDATE_CONFIRMED chat_id=-1001741660162 classification=PARTICIPATING_UNTRACKED
2026-09-26 01:37:56 | DEBUG   | mediagrab          | vc_verify_target:8855 | VC_RECONCILE_CLIENT chat_id=1741660162 account_id=(none) source=primary_legacy
2026-09-26 01:37:56 | INFO    | mediagrab          | resolve_vc_entity:11974 | VC_ENTITY_RESOLVE_START chat_ref=-1001741660162 chat_id=-1001741660162 access_hash=yes
2026-09-26 01:37:56 | INFO    | mediagrab          | resolve_vc_entity:12075 | VC_ENTITY_RESOLVE_CACHE_HIT chat_id=-1001741660162
2026-09-26 01:37:56 | INFO    | mediagrab          | resolve_vc_entity:12076 | VC_ENTITY_RESOLVE_SUCCESS chat_id=-1001741660162 source=cache
2026-09-26 01:37:56 | INFO    | mediagrab          | resolve_vc_entity:12431 | ENTITY_RESOLVE_RPC_COUNT chat_id=-1001741660162 scope=acc_918335829278 rpcs=0 failed_rpcs=0 outcome=RESOLVED_FROM_CACHE duration_ms=0.1 (v98.10 §22)
2026-09-26 01:37:57 | DEBUG   | mediagrab          | cache_entity_scoped:2355 | ENTITY_CACHE_SCOPED account=acc_918335829278 entity_id=1741660162 source=vc_discovery scope=acc_918335829278 (v99 RC-C scope-annotated)
2026-09-26 01:37:57 | INFO    | mediagrab          | vc_detect_active_call:3098 | VC_ENTITY_DISCOVERED entity_id=1741660162 access_hash=<-409…> type=Channel
2026-09-26 01:37:57 | DEBUG   | mediagrab          | vc_verify_target:8965 | VC_PARTICIPATION_REDETECT_OK chat_id=1741660162 account_id=(none) detect_scope=acc_918335829278 source=cache reresolved=0 (v98.07 FIX-QQ)
2026-09-26 01:37:57 | INFO    | mediagrab          | vc_check_telegram_participation:7443 | VC_PARTICIPATION_PRESENT chat_id=1741660162 call_id=-7480373434596124204 my_id=8624009332 pages=1 inspected=1 complete=yes server_count=None participant=[peer=PeerUser(8624009332) flags=is_self,muted,video_joined source=1709522862]
2026-09-26 01:37:57 | INFO    | mediagrab          | vc_verify_target:9136 | VC_PARTICIPATION_VERIFY chat_id=1741660162 locally_tracked=False telegram=present
2026-09-26 01:37:57 | INFO    | mediagrab          | vc_verify_target:9155 | VC_VERIFY_MEMBER chat_id=1741660162 locally_tracked=False telegram=present — explicit verification state (v99.11 P1; never a leave)
2026-09-26 01:37:57 | INFO    | mediagrab          | vc_reconcile_participations:9645 | VC_REGISTRY_UPDATE_CONFIRMED chat_id=1741660162 classification=PARTICIPATING_UNTRACKED
2026-09-26 01:37:57 | DEBUG   | mediagrab          | vc_verify_target:8855 | VC_RECONCILE_CLIENT chat_id=-1003957856246 account_id=global source=global_backend_bound
2026-09-26 01:37:57 | INFO    | mediagrab          | resolve_vc_entity:11974 | VC_ENTITY_RESOLVE_START chat_ref=-1003957856246 chat_id=-1003957856246 access_hash=yes
2026-09-26 01:37:57 | INFO    | mediagrab          | resolve_vc_entity:12075 | VC_ENTITY_RESOLVE_CACHE_HIT chat_id=-1003957856246
2026-09-26 01:37:57 | INFO    | mediagrab          | resolve_vc_entity:12076 | VC_ENTITY_RESOLVE_SUCCESS chat_id=-1003957856246 source=cache
2026-09-26 01:37:57 | INFO    | mediagrab          | resolve_vc_entity:12431 | ENTITY_RESOLVE_RPC_COUNT chat_id=-1003957856246 scope=acc_918335829278 rpcs=0 failed_rpcs=0 outcome=RESOLVED_FROM_CACHE duration_ms=0.4 (v98.10 §22)
2026-09-26 01:37:57 | DEBUG   | mediagrab          | cache_entity_scoped:2355 | ENTITY_CACHE_SCOPED account=acc_918335829278 entity_id=3957856246 source=vc_discovery scope=acc_918335829278 (v99 RC-C scope-annotated)
2026-09-26 01:37:57 | INFO    | mediagrab          | vc_detect_active_call:3098 | VC_ENTITY_DISCOVERED entity_id=3957856246 access_hash=<-733…> type=Channel
2026-09-26 01:37:57 | DEBUG   | mediagrab          | vc_verify_target:8965 | VC_PARTICIPATION_REDETECT_OK chat_id=-1003957856246 account_id=global detect_scope=acc_918335829278 source=cache reresolved=0 (v98.07 FIX-QQ)
2026-09-26 01:37:58 | INFO    | mediagrab          | vc_check_telegram_participation:7443 | VC_PARTICIPATION_PRESENT chat_id=-1003957856246 call_id=-7775491097696072747 my_id=8624009332 pages=1 inspected=1 complete=yes server_count=None participant=[peer=PeerUser(8624009332) flags=is_self,muted,video_joined source=1207408936]
2026-09-26 01:37:58 | INFO    | mediagrab          | vc_verify_target:9136 | VC_PARTICIPATION_VERIFY chat_id=-1003957856246 locally_tracked=False telegram=present
2026-09-26 01:37:58 | INFO    | mediagrab          | vc_verify_target:9155 | VC_VERIFY_MEMBER chat_id=-1003957856246 locally_tracked=False telegram=present — explicit verification state (v99.11 P1; never a leave)
2026-09-26 01:37:58 | INFO    | mediagrab          | vc_reconcile_participations:9645 | VC_REGISTRY_UPDATE_CONFIRMED chat_id=-1003957856246 classification=PARTICIPATING_UNTRACKED
2026-09-26 01:37:58 | DEBUG   | mediagrab          | vc_verify_target:8855 | VC_RECONCILE_CLIENT chat_id=3957856246 account_id=(none) source=primary_legacy
2026-09-26 01:37:58 | INFO    | mediagrab          | resolve_vc_entity:11974 | VC_ENTITY_RESOLVE_START chat_ref=-1003957856246 chat_id=-1003957856246 access_hash=yes
2026-09-26 01:37:58 | INFO    | mediagrab          | resolve_vc_entity:12075 | VC_ENTITY_RESOLVE_CACHE_HIT chat_id=-1003957856246
2026-09-26 01:37:58 | INFO    | mediagrab          | resolve_vc_entity:12076 | VC_ENTITY_RESOLVE_SUCCESS chat_id=-1003957856246 source=cache
2026-09-26 01:37:58 | INFO    | mediagrab          | resolve_vc_entity:12431 | ENTITY_RESOLVE_RPC_COUNT chat_id=-1003957856246 scope=acc_918335829278 rpcs=0 failed_rpcs=0 outcome=RESOLVED_FROM_CACHE duration_ms=0.2 (v98.10 §22)
2026-09-26 01:37:58 | DEBUG   | mediagrab          | cache_entity_scoped:2355 | ENTITY_CACHE_SCOPED account=acc_918335829278 entity_id=3957856246 source=vc_discovery scope=acc_918335829278 (v99 RC-C scope-annotated)
2026-09-26 01:37:58 | INFO    | mediagrab          | vc_detect_active_call:3098 | VC_ENTITY_DISCOVERED entity_id=3957856246 access_hash=<-733…> type=Channel
2026-09-26 01:37:58 | DEBUG   | mediagrab          | vc_verify_target:8965 | VC_PARTICIPATION_REDETECT_OK chat_id=3957856246 account_id=(none) detect_scope=acc_918335829278 source=cache reresolved=0 (v98.07 FIX-QQ)
2026-09-26 01:37:58 | INFO    | mediagrab          | vc_check_telegram_participation:7443 | VC_PARTICIPATION_PRESENT chat_id=3957856246 call_id=-7775491097696072747 my_id=8624009332 pages=1 inspected=1 complete=yes server_count=None participant=[peer=PeerUser(8624009332) flags=is_self,muted,video_joined source=1207408936]
2026-09-26 01:37:58 | INFO    | mediagrab          | vc_verify_target:9136 | VC_PARTICIPATION_VERIFY chat_id=3957856246 locally_tracked=False telegram=present
2026-09-26 01:37:58 | INFO    | mediagrab          | vc_verify_target:9155 | VC_VERIFY_MEMBER chat_id=3957856246 locally_tracked=False telegram=present — explicit verification state (v99.11 P1; never a leave)
2026-09-26 01:37:58 | INFO    | mediagrab          | vc_reconcile_participations:9645 | VC_REGISTRY_UPDATE_CONFIRMED chat_id=3957856246 classification=PARTICIPATING_UNTRACKED
2026-09-26 01:37:58 | DEBUG   | mediagrab          | vc_verify_target:8730 | VC_RECONCILE_SKIP_COOLDOWN chat_id=-1003961210499 remaining=845s — recently confirmed dead
2026-09-26 01:37:58 | INFO    | mediagrab          | vc_reconcile_participations:9645 | VC_REGISTRY_UPDATE_CONFIRMED chat_id=-1003961210499 classification=UNKNOWN
2026-09-26 01:37:58 | DEBUG   | mediagrab          | vc_verify_target:8730 | VC_RECONCILE_SKIP_COOLDOWN chat_id=3961210499 remaining=845s — recently confirmed dead
2026-09-26 01:37:58 | INFO    | mediagrab          | vc_reconcile_participations:9645 | VC_REGISTRY_UPDATE_CONFIRMED chat_id=3961210499 classification=UNKNOWN
2026-09-26 01:37:58 | DEBUG   | mediagrab          | vc_verify_target:8855 | VC_RECONCILE_CLIENT chat_id=-1002144563093 account_id=acc_919006065076 source=account:acc_919006065076
2026-09-26 01:37:58 | INFO    | mediagrab          | resolve_vc_entity:11974 | VC_ENTITY_RESOLVE_START chat_ref=-1002144563093 chat_id=-1002144563093 access_hash=yes
2026-09-26 01:37:58 | INFO    | mediagrab          | resolve_vc_entity:12075 | VC_ENTITY_RESOLVE_CACHE_HIT chat_id=-1002144563093
2026-09-26 01:37:58 | INFO    | mediagrab          | resolve_vc_entity:12076 | VC_ENTITY_RESOLVE_SUCCESS chat_id=-1002144563093 source=cache
2026-09-26 01:37:58 | INFO    | mediagrab          | resolve_vc_entity:12431 | ENTITY_RESOLVE_RPC_COUNT chat_id=-1002144563093 scope=acc_919006065076 rpcs=0 failed_rpcs=0 outcome=RESOLVED_FROM_CACHE duration_ms=0.1 (v98.10 §22)
2026-09-26 01:37:58 | DEBUG   | mediagrab          | cache_entity_scoped:2355 | ENTITY_CACHE_SCOPED account=acc_919006065076 entity_id=2144563093 source=vc_discovery scope=acc_919006065076 (v99 RC-C scope-annotated)
2026-09-26 01:37:58 | INFO    | mediagrab          | vc_detect_active_call:3098 | VC_ENTITY_DISCOVERED entity_id=2144563093 access_hash=<-106…> type=Channel
2026-09-26 01:37:58 | DEBUG   | mediagrab          | vc_verify_target:8965 | VC_PARTICIPATION_REDETECT_OK chat_id=-1002144563093 account_id=acc_919006065076 detect_scope=acc_919006065076 source=cache reresolved=0 (v98.07 FIX-QQ)
2026-09-26 01:37:59 | INFO    | mediagrab          | vc_check_telegram_participation:7681 | VC_PARTICIPATION_ABSENT_VIA_TARGETED chat_id=-1002144563093 call_id=-9210828346574712743 my_id=8699582859 via TARGETED_QUERY (v98.01 FIX-I + v98.02 FIX-L) — broad scan truncated at 0/2000, targeted query EMPTY for streak=3 (>=threshold=3) consecutive times with call_id stable → authoritative absence after repeated negative
2026-09-26 01:37:59 | INFO    | mediagrab          | vc_verify_target:9136 | VC_PARTICIPATION_VERIFY chat_id=-1002144563093 locally_tracked=False telegram=absent
2026-09-26 01:37:59 | INFO    | mediagrab          | vc_verify_target:9155 | VC_VERIFY_NOT_MEMBER chat_id=-1002144563093 locally_tracked=False telegram=absent — explicit verification state (v99.11 P1; never a leave)
2026-09-26 01:37:59 | INFO    | mediagrab          | vc_reconcile_participations:9542 | VC_PARTICIPATION_CONFIRMED_ABSENT chat_id=-1002144563093
2026-09-26 01:37:59 | INFO    | mediagrab          | _vc_cleanup_stale_backend_call:8029 | VC_BACKEND_STALE_CALL_CLEANUP_OWNER chat_id=-1002144563093 owner_account=acc_919006065076 — using per-account backend for cleanup (v98.01 FIX-J: account-aware, prevents cross-account corruption)
2026-09-26 01:37:59 | INFO    | mediagrab          | vc_reconcile_participations:9645 | VC_REGISTRY_UPDATE_CONFIRMED chat_id=-1002144563093 classification=LEFT
2026-09-26 01:37:59 | DEBUG   | mediagrab          | vc_verify_target:8855 | VC_RECONCILE_CLIENT chat_id=2144563093 account_id=acc_919006065076 source=account:acc_919006065076
2026-09-26 01:37:59 | INFO    | mediagrab          | resolve_vc_entity:11974 | VC_ENTITY_RESOLVE_START chat_ref=-1002144563093 chat_id=-1002144563093 access_hash=yes
2026-09-26 01:37:59 | INFO    | mediagrab          | resolve_vc_entity:12075 | VC_ENTITY_RESOLVE_CACHE_HIT chat_id=-1002144563093
2026-09-26 01:37:59 | INFO    | mediagrab          | resolve_vc_entity:12076 | VC_ENTITY_RESOLVE_SUCCESS chat_id=-1002144563093 source=cache
2026-09-26 01:37:59 | INFO    | mediagrab          | resolve_vc_entity:12431 | ENTITY_RESOLVE_RPC_COUNT chat_id=-1002144563093 scope=acc_919006065076 rpcs=0 failed_rpcs=0 outcome=RESOLVED_FROM_CACHE duration_ms=0.2 (v98.10 §22)
2026-09-26 01:37:59 | DEBUG   | mediagrab          | cache_entity_scoped:2355 | ENTITY_CACHE_SCOPED account=acc_919006065076 entity_id=2144563093 source=vc_discovery scope=acc_919006065076 (v99 RC-C scope-annotated)
2026-09-26 01:37:59 | INFO    | mediagrab          | vc_detect_active_call:3098 | VC_ENTITY_DISCOVERED entity_id=2144563093 access_hash=<-106…> type=Channel
2026-09-26 01:37:59 | DEBUG   | mediagrab          | vc_verify_target:8965 | VC_PARTICIPATION_REDETECT_OK chat_id=2144563093 account_id=acc_919006065076 detect_scope=acc_919006065076 source=cache reresolved=0 (v98.07 FIX-QQ)
2026-09-26 01:37:59 | INFO    | mediagrab          | vc_check_telegram_participation:7681 | VC_PARTICIPATION_ABSENT_VIA_TARGETED chat_id=2144563093 call_id=-9210828346574712743 my_id=8699582859 via TARGETED_QUERY (v98.01 FIX-I + v98.02 FIX-L) — broad scan truncated at 0/2000, targeted query EMPTY for streak=3 (>=threshold=3) consecutive times with call_id stable → authoritative absence after repeated negative
2026-09-26 01:37:59 | INFO    | mediagrab          | vc_verify_target:9136 | VC_PARTICIPATION_VERIFY chat_id=2144563093 locally_tracked=False telegram=absent
2026-09-26 01:37:59 | INFO    | mediagrab          | vc_verify_target:9155 | VC_VERIFY_NOT_MEMBER chat_id=2144563093 locally_tracked=False telegram=absent — explicit verification state (v99.11 P1; never a leave)
2026-09-26 01:37:59 | INFO    | mediagrab          | vc_reconcile_participations:9542 | VC_PARTICIPATION_CONFIRMED_ABSENT chat_id=2144563093
2026-09-26 01:37:59 | INFO    | mediagrab          | _vc_cleanup_stale_backend_call:8029 | VC_BACKEND_STALE_CALL_CLEANUP_OWNER chat_id=2144563093 owner_account=acc_919006065076 — using per-account backend for cleanup (v98.01 FIX-J: account-aware, prevents cross-account corruption)
2026-09-26 01:37:59 | INFO    | mediagrab          | vc_reconcile_participations:9645 | VC_REGISTRY_UPDATE_CONFIRMED chat_id=2144563093 classification=LEFT
2026-09-26 01:37:59 | DEBUG   | mediagrab          | vc_verify_target:8855 | VC_RECONCILE_CLIENT chat_id=-1003875970076 account_id=global source=global_backend_bound
2026-09-26 01:37:59 | INFO    | mediagrab          | resolve_vc_entity:11974 | VC_ENTITY_RESOLVE_START chat_ref=-1003875970076 chat_id=-1003875970076 access_hash=yes
2026-09-26 01:37:59 | INFO    | mediagrab          | resolve_vc_entity:12075 | VC_ENTITY_RESOLVE_CACHE_HIT chat_id=-1003875970076
2026-09-26 01:37:59 | INFO    | mediagrab          | resolve_vc_entity:12076 | VC_ENTITY_RESOLVE_SUCCESS chat_id=-1003875970076 source=cache
2026-09-26 01:37:59 | INFO    | mediagrab          | resolve_vc_entity:12431 | ENTITY_RESOLVE_RPC_COUNT chat_id=-1003875970076 scope=acc_918335829278 rpcs=0 failed_rpcs=0 outcome=RESOLVED_FROM_CACHE duration_ms=0.2 (v98.10 §22)
2026-09-26 01:38:00 | DEBUG   | mediagrab          | cache_entity_scoped:2355 | ENTITY_CACHE_SCOPED account=acc_918335829278 entity_id=3875970076 source=vc_discovery scope=acc_918335829278 (v99 RC-C scope-annotated)
2026-09-26 01:38:00 | INFO    | mediagrab          | vc_detect_active_call:3098 | VC_ENTITY_DISCOVERED entity_id=3875970076 access_hash=<-994…> type=Channel
2026-09-26 01:38:00 | DEBUG   | mediagrab          | vc_verify_target:8965 | VC_PARTICIPATION_REDETECT_OK chat_id=-1003875970076 account_id=global detect_scope=acc_918335829278 source=cache reresolved=0 (v98.07 FIX-QQ)
2026-09-26 01:38:00 | INFO    | mediagrab          | vc_check_telegram_participation:7443 | VC_PARTICIPATION_PRESENT chat_id=-1003875970076 call_id=-7423792675553208312 my_id=8624009332 pages=1 inspected=1 complete=yes server_count=None participant=[peer=PeerUser(8624009332) flags=is_self,muted,video_joined source=380782009]
2026-09-26 01:38:00 | INFO    | mediagrab          | vc_verify_target:9136 | VC_PARTICIPATION_VERIFY chat_id=-1003875970076 locally_tracked=False telegram=present
2026-09-26 01:38:00 | INFO    | mediagrab          | vc_verify_target:9155 | VC_VERIFY_MEMBER chat_id=-1003875970076 locally_tracked=False telegram=present — explicit verification state (v99.11 P1; never a leave)
2026-09-26 01:38:00 | INFO    | mediagrab          | vc_reconcile_participations:9645 | VC_REGISTRY_UPDATE_CONFIRMED chat_id=-1003875970076 classification=PARTICIPATING_UNTRACKED
2026-09-26 01:38:00 | DEBUG   | mediagrab          | vc_verify_target:8855 | VC_RECONCILE_CLIENT chat_id=3875970076 account_id=acc_919006065076 source=account:acc_919006065076
2026-09-26 01:38:00 | INFO    | mediagrab          | resolve_vc_entity:11974 | VC_ENTITY_RESOLVE_START chat_ref=-1003875970076 chat_id=-1003875970076 access_hash=yes
2026-09-26 01:38:00 | WARNING | mediagrab          | resolve_vc_entity:12062 | VC_HASH_SCOPE_MISMATCH chat_id=-1003875970076 entry_scope=acc_918335829278 consumer_scope=acc_919006065076 — skipping cache hit, re-resolving for this client (v98.07 FIX-QQ)
2026-09-26 01:38:00 | INFO    | mediagrab          | _v9810_scope_route:11809 | ENTITY_RESOLVE_ACCOUNT_SWITCH chat_id=-1003875970076 from_scope=acc_919006065076 to_account=acc_918335829278 reason=known_good_scope verified_at=1s ago (v98.10 §15 Step 0c — targeted routing, not a blind rotation)
2026-09-26 01:38:00 | INFO    | mediagrab          | _v9810_scope_route:11837 | ENTITY_RESOLVE_CACHE_HIT chat_id=-1003875970076 scope=acc_918335829278 source=scope_state age=1s (v98.10 §15 Step 0c — fresh known-good object, 0 RPCs)
2026-09-26 01:38:00 | INFO    | mediagrab          | resolve_vc_entity:12431 | ENTITY_RESOLVE_RPC_COUNT chat_id=-1003875970076 scope=acc_919006065076 rpcs=0 failed_rpcs=0 outcome=RESOLVED_VIA_ROTATION duration_ms=0.6 (v98.10 §22)
2026-09-26 01:38:01 | DEBUG   | mediagrab          | cache_entity_scoped:2355 | ENTITY_CACHE_SCOPED account=acc_918335829278 entity_id=3875970076 source=vc_discovery scope=acc_918335829278 (v99 RC-C scope-annotated)
2026-09-26 01:38:01 | INFO    | mediagrab          | vc_detect_active_call:3098 | VC_ENTITY_DISCOVERED entity_id=3875970076 access_hash=<-994…> type=Channel
2026-09-26 01:38:01 | DEBUG   | mediagrab          | vc_verify_target:8965 | VC_PARTICIPATION_REDETECT_OK chat_id=3875970076 account_id=acc_919006065076 detect_scope=acc_918335829278 source=account_rotation:acc_918335829278 reresolved=0 (v98.07 FIX-QQ)
2026-09-26 01:38:01 | INFO    | mediagrab          | vc_check_telegram_participation:7356 | VC_PARTICIPATION_STALE_CALL chat_id=3875970076 call_id=-7423792675553208312 exc=GroupcallInvalidError — the queried (id, access_hash) pair is NOT a live call: STALE CALL IDENTITY, returning unknown (NOT absent; the pipeline re-detects the current pair and re-verifies) (v99.05 RC-F4)
2026-09-26 01:38:01 | INFO    | mediagrab          | vc_check_telegram_participation:7370 | VC_VERIFY_STALE_IDENTITY chat_id=3875970076 call_id=-7423792675553208312 — detect stale identity → re-resolve current pair → verify → atomically update cache; existing healthy transport PRESERVED (never a leave; v99.11 P1)
2026-09-26 01:38:01 | INFO    | mediagrab          | vc_verify_target:9136 | VC_PARTICIPATION_VERIFY chat_id=3875970076 locally_tracked=False telegram=unknown
2026-09-26 01:38:01 | INFO    | mediagrab          | vc_verify_target:9155 | VC_VERIFY_UNKNOWN chat_id=3875970076 locally_tracked=False telegram=unknown — explicit verification state (v99.11 P1; never a leave)
2026-09-26 01:38:01 | INFO    | mediagrab          | vc_reconcile_participations:9560 | VC_PARTICIPATION_UNKNOWN chat_id=3875970076 — preserving unknown state
2026-09-26 01:38:01 | INFO    | mediagrab          | vc_reconcile_participations:9645 | VC_REGISTRY_UPDATE_CONFIRMED chat_id=3875970076 classification=UNKNOWN
2026-09-26 01:38:01 | DEBUG   | mediagrab          | vc_verify_target:8855 | VC_RECONCILE_CLIENT chat_id=-1004366077086 account_id=global source=global_backend_bound
2026-09-26 01:38:01 | INFO    | mediagrab          | resolve_vc_entity:11974 | VC_ENTITY_RESOLVE_START chat_ref=-1004366077086 chat_id=-1004366077086 access_hash=yes
2026-09-26 01:38:01 | INFO    | mediagrab          | resolve_vc_entity:12075 | VC_ENTITY_RESOLVE_CACHE_HIT chat_id=-1004366077086
2026-09-26 01:38:01 | INFO    | mediagrab          | resolve_vc_entity:12076 | VC_ENTITY_RESOLVE_SUCCESS chat_id=-1004366077086 source=cache
2026-09-26 01:38:01 | INFO    | mediagrab          | resolve_vc_entity:12431 | ENTITY_RESOLVE_RPC_COUNT chat_id=-1004366077086 scope=acc_918335829278 rpcs=0 failed_rpcs=0 outcome=RESOLVED_FROM_CACHE duration_ms=0.5 (v98.10 §22)
2026-09-26 01:38:01 | DEBUG   | mediagrab          | _mtproto_health_loop:5800 | MTProto health check: OK
2026-09-26 01:38:01 | INFO    | mediagrab          | _mtproto_health_loop:5864 | MTPROTO_GENERATION_STATE active=0 retiring=0 retired=0 poisoned=0 generation_sessions=0 live_clients=3
2026-09-26 01:38:01 | DEBUG   | mediagrab          | cache_entity_scoped:2355 | ENTITY_CACHE_SCOPED account=acc_918335829278 entity_id=4366077086 source=vc_discovery scope=acc_918335829278 (v99 RC-C scope-annotated)
2026-09-26 01:38:01 | INFO    | mediagrab          | vc_detect_active_call:3098 | VC_ENTITY_DISCOVERED entity_id=4366077086 access_hash=<-334…> type=Channel
2026-09-26 01:38:01 | DEBUG   | mediagrab          | vc_verify_target:8965 | VC_PARTICIPATION_REDETECT_OK chat_id=-1004366077086 account_id=global detect_scope=acc_918335829278 source=cache reresolved=0 (v98.07 FIX-QQ)
2026-09-26 01:38:02 | INFO    | mediagrab          | vc_check_telegram_participation:7681 | VC_PARTICIPATION_ABSENT_VIA_TARGETED chat_id=-1004366077086 call_id=-305414218191178015 my_id=8624009332 via TARGETED_QUERY (v98.01 FIX-I + v98.02 FIX-L) — broad scan truncated at 0/2000, targeted query EMPTY for streak=3 (>=threshold=3) consecutive times with call_id stable → authoritative absence after repeated negative
2026-09-26 01:38:02 | INFO    | mediagrab          | vc_verify_target:9136 | VC_PARTICIPATION_VERIFY chat_id=-1004366077086 locally_tracked=False telegram=absent
2026-09-26 01:38:02 | INFO    | mediagrab          | vc_verify_target:9155 | VC_VERIFY_NOT_MEMBER chat_id=-1004366077086 locally_tracked=False telegram=absent — explicit verification state (v99.11 P1; never a leave)
2026-09-26 01:38:02 | INFO    | mediagrab          | vc_reconcile_participations:9542 | VC_PARTICIPATION_CONFIRMED_ABSENT chat_id=-1004366077086
2026-09-26 01:38:02 | WARNING | mediagrab          | _vc_join_quarantine_record_absent:17193 | VC_JOIN_QUARANTINE_SET chat_id=4366077086 cycles=11 window=1800s — the server-side participant check confirmed absent after 11 believed-joins; further auto-joins deferred for the window (explicit user join + present-verification clear it) (v98.12-FINAL2 FIX-TQ)
2026-09-26 01:38:02 | INFO    | mediagrab          | _vc_cleanup_stale_backend_call:8029 | VC_BACKEND_STALE_CALL_CLEANUP_OWNER chat_id=-1004366077086 owner_account=(global) — using per-account backend for cleanup (v98.01 FIX-J: account-aware, prevents cross-account corruption)
2026-09-26 01:38:02 | INFO    | mediagrab          | vc_reconcile_participations:9645 | VC_REGISTRY_UPDATE_CONFIRMED chat_id=-1004366077086 classification=LEFT
2026-09-26 01:38:02 | DEBUG   | mediagrab          | vc_verify_target:8855 | VC_RECONCILE_CLIENT chat_id=4366077086 account_id=acc_919006065076 source=account:acc_919006065076
2026-09-26 01:38:02 | INFO    | mediagrab          | resolve_vc_entity:11974 | VC_ENTITY_RESOLVE_START chat_ref=-1004366077086 chat_id=-1004366077086 access_hash=yes
2026-09-26 01:38:02 | WARNING | mediagrab          | resolve_vc_entity:12062 | VC_HASH_SCOPE_MISMATCH chat_id=-1004366077086 entry_scope=acc_918335829278 consumer_scope=acc_919006065076 — skipping cache hit, re-resolving for this client (v98.07 FIX-QQ)
2026-09-26 01:38:02 | INFO    | mediagrab          | _v9810_scope_route:11809 | ENTITY_RESOLVE_ACCOUNT_SWITCH chat_id=-1004366077086 from_scope=acc_919006065076 to_account=acc_918335829278 reason=known_good_scope verified_at=1s ago (v98.10 §15 Step 0c — targeted routing, not a blind rotation)
2026-09-26 01:38:02 | INFO    | mediagrab          | _v9810_scope_route:11837 | ENTITY_RESOLVE_CACHE_HIT chat_id=-1004366077086 scope=acc_918335829278 source=scope_state age=1s (v98.10 §15 Step 0c — fresh known-good object, 0 RPCs)
2026-09-26 01:38:02 | INFO    | mediagrab          | resolve_vc_entity:12431 | ENTITY_RESOLVE_RPC_COUNT chat_id=-1004366077086 scope=acc_919006065076 rpcs=0 failed_rpcs=0 outcome=RESOLVED_VIA_ROTATION duration_ms=0.2 (v98.10 §22)
2026-09-26 01:38:02 | DEBUG   | mediagrab          | cache_entity_scoped:2355 | ENTITY_CACHE_SCOPED account=acc_918335829278 entity_id=4366077086 source=vc_discovery scope=acc_918335829278 (v99 RC-C scope-annotated)
2026-09-26 01:38:02 | INFO    | mediagrab          | vc_detect_active_call:3098 | VC_ENTITY_DISCOVERED entity_id=4366077086 access_hash=<-334…> type=Channel
2026-09-26 01:38:02 | DEBUG   | mediagrab          | vc_verify_target:8965 | VC_PARTICIPATION_REDETECT_OK chat_id=4366077086 account_id=acc_919006065076 detect_scope=acc_918335829278 source=account_rotation:acc_918335829278 reresolved=0 (v98.07 FIX-QQ)
2026-09-26 01:38:02 | INFO    | mediagrab          | vc_check_telegram_participation:7356 | VC_PARTICIPATION_STALE_CALL chat_id=4366077086 call_id=-305414218191178015 exc=GroupcallInvalidError — the queried (id, access_hash) pair is NOT a live call: STALE CALL IDENTITY, returning unknown (NOT absent; the pipeline re-detects the current pair and re-verifies) (v99.05 RC-F4)
2026-09-26 01:38:02 | INFO    | mediagrab          | vc_check_telegram_participation:7370 | VC_VERIFY_STALE_IDENTITY chat_id=4366077086 call_id=-305414218191178015 — detect stale identity → re-resolve current pair → verify → atomically update cache; existing healthy transport PRESERVED (never a leave; v99.11 P1)
2026-09-26 01:38:02 | INFO    | mediagrab          | vc_verify_target:9136 | VC_PARTICIPATION_VERIFY chat_id=4366077086 locally_tracked=False telegram=unknown
2026-09-26 01:38:02 | INFO    | mediagrab          | vc_verify_target:9155 | VC_VERIFY_UNKNOWN chat_id=4366077086 locally_tracked=False telegram=unknown — explicit verification state (v99.11 P1; never a leave)
2026-09-26 01:38:02 | INFO    | mediagrab          | vc_reconcile_participations:9529 | VC_RECONCILE_DEFERRED_UNKNOWN chat_id=4366077086 — preserving joined state (backend evidence)
2026-09-26 01:38:02 | INFO    | mediagrab          | vc_reconcile_participations:9645 | VC_REGISTRY_UPDATE_CONFIRMED chat_id=4366077086 classification=LOCALLY_TRACKED_UNCONFIRMED
2026-09-26 01:38:02 | DEBUG   | mediagrab          | vc_verify_target:8855 | VC_RECONCILE_CLIENT chat_id=-1002592942176 account_id=global source=global_backend_bound
2026-09-26 01:38:02 | INFO    | mediagrab          | resolve_vc_entity:11974 | VC_ENTITY_RESOLVE_START chat_ref=-1002592942176 chat_id=-1002592942176 access_hash=yes
2026-09-26 01:38:02 | INFO    | mediagrab          | resolve_vc_entity:12075 | VC_ENTITY_RESOLVE_CACHE_HIT chat_id=-1002592942176
2026-09-26 01:38:02 | INFO    | mediagrab          | resolve_vc_entity:12076 | VC_ENTITY_RESOLVE_SUCCESS chat_id=-1002592942176 source=cache
2026-09-26 01:38:02 | INFO    | mediagrab          | resolve_vc_entity:12431 | ENTITY_RESOLVE_RPC_COUNT chat_id=-1002592942176 scope=acc_918335829278 rpcs=0 failed_rpcs=0 outcome=RESOLVED_FROM_CACHE duration_ms=0.4 (v98.10 §22)
2026-09-26 01:38:03 | DEBUG   | mediagrab          | cache_entity_scoped:2355 | ENTITY_CACHE_SCOPED account=acc_918335829278 entity_id=2592942176 source=vc_discovery scope=acc_918335829278 (v99 RC-C scope-annotated)
2026-09-26 01:38:03 | INFO    | mediagrab          | vc_detect_active_call:3098 | VC_ENTITY_DISCOVERED entity_id=2592942176 access_hash=<-832…> type=Channel
2026-09-26 01:38:03 | DEBUG   | mediagrab          | vc_verify_target:8965 | VC_PARTICIPATION_REDETECT_OK chat_id=-1002592942176 account_id=global detect_scope=acc_918335829278 source=cache reresolved=0 (v98.07 FIX-QQ)
2026-09-26 01:38:03 | INFO    | mediagrab          | vc_check_telegram_participation:7443 | VC_PARTICIPATION_PRESENT chat_id=-1002592942176 call_id=-1913229805195004447 my_id=8624009332 pages=1 inspected=1 complete=yes server_count=None participant=[peer=PeerUser(8624009332) flags=is_self,muted,video_joined source=247928894]
2026-09-26 01:38:03 | INFO    | mediagrab          | vc_verify_target:9136 | VC_PARTICIPATION_VERIFY chat_id=-1002592942176 locally_tracked=False telegram=present
2026-09-26 01:38:03 | INFO    | mediagrab          | vc_verify_target:9155 | VC_VERIFY_MEMBER chat_id=-1002592942176 locally_tracked=False telegram=present — explicit verification state (v99.11 P1; never a leave)
2026-09-26 01:38:03 | INFO    | mediagrab          | vc_reconcile_participations:9645 | VC_REGISTRY_UPDATE_CONFIRMED chat_id=-1002592942176 classification=PARTICIPATING_UNTRACKED
2026-09-26 01:38:03 | DEBUG   | mediagrab          | vc_verify_target:8855 | VC_RECONCILE_CLIENT chat_id=2592942176 account_id=acc_919006065076 source=account:acc_919006065076
2026-09-26 01:38:03 | INFO    | mediagrab          | resolve_vc_entity:11974 | VC_ENTITY_RESOLVE_START chat_ref=-1002592942176 chat_id=-1002592942176 access_hash=yes
2026-09-26 01:38:03 | WARNING | mediagrab          | resolve_vc_entity:12062 | VC_HASH_SCOPE_MISMATCH chat_id=-1002592942176 entry_scope=acc_918335829278 consumer_scope=acc_919006065076 — skipping cache hit, re-resolving for this client (v98.07 FIX-QQ)
2026-09-26 01:38:03 | INFO    | mediagrab          | _v9810_scope_route:11809 | ENTITY_RESOLVE_ACCOUNT_SWITCH chat_id=-1002592942176 from_scope=acc_919006065076 to_account=acc_918335829278 reason=known_good_scope verified_at=1s ago (v98.10 §15 Step 0c — targeted routing, not a blind rotation)
2026-09-26 01:38:03 | INFO    | mediagrab          | _v9810_scope_route:11837 | ENTITY_RESOLVE_CACHE_HIT chat_id=-1002592942176 scope=acc_918335829278 source=scope_state age=1s (v98.10 §15 Step 0c — fresh known-good object, 0 RPCs)
2026-09-26 01:38:03 | INFO    | mediagrab          | resolve_vc_entity:12431 | ENTITY_RESOLVE_RPC_COUNT chat_id=-1002592942176 scope=acc_919006065076 rpcs=0 failed_rpcs=0 outcome=RESOLVED_VIA_ROTATION duration_ms=0.3 (v98.10 §22)
2026-09-26 01:38:03 | DEBUG   | mediagrab          | cache_entity_scoped:2355 | ENTITY_CACHE_SCOPED account=acc_918335829278 entity_id=2592942176 source=vc_discovery scope=acc_918335829278 (v99 RC-C scope-annotated)
2026-09-26 01:38:03 | INFO    | mediagrab          | vc_detect_active_call:3098 | VC_ENTITY_DISCOVERED entity_id=2592942176 access_hash=<-832…> type=Channel
2026-09-26 01:38:03 | DEBUG   | mediagrab          | vc_verify_target:8965 | VC_PARTICIPATION_REDETECT_OK chat_id=2592942176 account_id=acc_919006065076 detect_scope=acc_918335829278 source=account_rotation:acc_918335829278 reresolved=0 (v98.07 FIX-QQ)
2026-09-26 01:38:04 | INFO    | mediagrab          | vc_check_telegram_participation:7356 | VC_PARTICIPATION_STALE_CALL chat_id=2592942176 call_id=-1913229805195004447 exc=GroupcallInvalidError — the queried (id, access_hash) pair is NOT a live call: STALE CALL IDENTITY, returning unknown (NOT absent; the pipeline re-detects the current pair and re-verifies) (v99.05 RC-F4)
2026-09-26 01:38:04 | INFO    | mediagrab          | vc_check_telegram_participation:7370 | VC_VERIFY_STALE_IDENTITY chat_id=2592942176 call_id=-1913229805195004447 — detect stale identity → re-resolve current pair → verify → atomically update cache; existing healthy transport PRESERVED (never a leave; v99.11 P1)
2026-09-26 01:38:04 | INFO    | mediagrab          | vc_verify_target:9136 | VC_PARTICIPATION_VERIFY chat_id=2592942176 locally_tracked=False telegram=unknown
2026-09-26 01:38:04 | INFO    | mediagrab          | vc_verify_target:9155 | VC_VERIFY_UNKNOWN chat_id=2592942176 locally_tracked=False telegram=unknown — explicit verification state (v99.11 P1; never a leave)
2026-09-26 01:38:04 | INFO    | mediagrab          | vc_reconcile_participations:9529 | VC_RECONCILE_DEFERRED_UNKNOWN chat_id=2592942176 — preserving joined state (backend evidence)
2026-09-26 01:38:04 | INFO    | mediagrab          | vc_reconcile_participations:9645 | VC_REGISTRY_UPDATE_CONFIRMED chat_id=2592942176 classification=LOCALLY_TRACKED_UNCONFIRMED
2026-09-26 01:38:04 | DEBUG   | mediagrab          | vc_verify_target:8855 | VC_RECONCILE_CLIENT chat_id=-1003067839538 account_id=acc_918335829278 source=account:acc_918335829278
2026-09-26 01:38:04 | INFO    | mediagrab          | resolve_vc_entity:11974 | VC_ENTITY_RESOLVE_START chat_ref=-1003067839538 chat_id=-1003067839538 access_hash=yes
2026-09-26 01:38:04 | INFO    | mediagrab          | resolve_vc_entity:12075 | VC_ENTITY_RESOLVE_CACHE_HIT chat_id=-1003067839538
2026-09-26 01:38:04 | INFO    | mediagrab          | resolve_vc_entity:12076 | VC_ENTITY_RESOLVE_SUCCESS chat_id=-1003067839538 source=cache
2026-09-26 01:38:04 | INFO    | mediagrab          | resolve_vc_entity:12431 | ENTITY_RESOLVE_RPC_COUNT chat_id=-1003067839538 scope=acc_918335829278 rpcs=0 failed_rpcs=0 outcome=RESOLVED_FROM_CACHE duration_ms=0.4 (v98.10 §22)
2026-09-26 01:38:04 | DEBUG   | mediagrab          | cache_entity_scoped:2355 | ENTITY_CACHE_SCOPED account=acc_918335829278 entity_id=3067839538 source=vc_discovery scope=acc_918335829278 (v99 RC-C scope-annotated)
2026-09-26 01:38:04 | INFO    | mediagrab          | vc_detect_active_call:3098 | VC_ENTITY_DISCOVERED entity_id=3067839538 access_hash=<5015…> type=Channel
2026-09-26 01:38:04 | DEBUG   | mediagrab          | vc_verify_target:8965 | VC_PARTICIPATION_REDETECT_OK chat_id=-1003067839538 account_id=acc_918335829278 detect_scope=acc_918335829278 source=cache reresolved=0 (v98.07 FIX-QQ)
2026-09-26 01:38:04 | INFO    | mediagrab          | vc_check_telegram_participation:7443 | VC_PARTICIPATION_PRESENT chat_id=-1003067839538 call_id=-3952898443944147318 my_id=8624009332 pages=1 inspected=1 complete=yes server_count=None participant=[peer=PeerUser(8624009332) flags=is_self,muted,video_joined source=1042776898]
2026-09-26 01:38:04 | INFO    | mediagrab          | vc_verify_target:9136 | VC_PARTICIPATION_VERIFY chat_id=-1003067839538 locally_tracked=True telegram=present
2026-09-26 01:38:04 | INFO    | mediagrab          | vc_verify_target:9155 | VC_VERIFY_MEMBER chat_id=-1003067839538 locally_tracked=True telegram=present — explicit verification state (v99.11 P1; never a leave)
2026-09-26 01:38:04 | INFO    | mediagrab          | vc_reconcile_participations:9520 | VC_PARTICIPATION_CONFIRMED_PRESENT chat_id=-1003067839538
2026-09-26 01:38:04 | INFO    | mediagrab          | vc_reconcile_participations:9645 | VC_REGISTRY_UPDATE_CONFIRMED chat_id=-1003067839538 classification=CONFIRMED
2026-09-26 01:38:04 | DEBUG   | mediagrab          | vc_verify_target:8855 | VC_RECONCILE_CLIENT chat_id=-1002333937461 account_id=acc_919006065076 source=account:acc_919006065076
2026-09-26 01:38:04 | INFO    | mediagrab          | resolve_vc_entity:11974 | VC_ENTITY_RESOLVE_START chat_ref=-1002333937461 chat_id=-1002333937461 access_hash=yes
2026-09-26 01:38:04 | INFO    | mediagrab          | resolve_vc_entity:12075 | VC_ENTITY_RESOLVE_CACHE_HIT chat_id=-1002333937461
2026-09-26 01:38:04 | INFO    | mediagrab          | resolve_vc_entity:12076 | VC_ENTITY_RESOLVE_SUCCESS chat_id=-1002333937461 source=cache
2026-09-26 01:38:04 | INFO    | mediagrab          | resolve_vc_entity:12431 | ENTITY_RESOLVE_RPC_COUNT chat_id=-1002333937461 scope=acc_919006065076 rpcs=0 failed_rpcs=0 outcome=RESOLVED_FROM_CACHE duration_ms=1.1 (v98.10 §22)
2026-09-26 01:38:05 | DEBUG   | mediagrab          | cache_entity_scoped:2355 | ENTITY_CACHE_SCOPED account=acc_919006065076 entity_id=2333937461 source=vc_discovery scope=acc_919006065076 (v99 RC-C scope-annotated)
2026-09-26 01:38:05 | INFO    | mediagrab          | vc_detect_active_call:3098 | VC_ENTITY_DISCOVERED entity_id=2333937461 access_hash=<-806…> type=Channel
2026-09-26 01:38:05 | DEBUG   | mediagrab          | vc_verify_target:8965 | VC_PARTICIPATION_REDETECT_OK chat_id=-1002333937461 account_id=acc_919006065076 detect_scope=acc_919006065076 source=cache reresolved=0 (v98.07 FIX-QQ)
2026-09-26 01:38:05 | INFO    | mediagrab          | vc_check_telegram_participation:7443 | VC_PARTICIPATION_PRESENT chat_id=-1002333937461 call_id=-800813024760383190 my_id=8699582859 pages=1 inspected=1 complete=yes server_count=None participant=[peer=PeerUser(8699582859) flags=is_self,muted,video_joined source=2096643760]
2026-09-26 01:38:05 | INFO    | mediagrab          | vc_verify_target:9136 | VC_PARTICIPATION_VERIFY chat_id=-1002333937461 locally_tracked=True telegram=present
2026-09-26 01:38:05 | INFO    | mediagrab          | vc_verify_target:9155 | VC_VERIFY_MEMBER chat_id=-1002333937461 locally_tracked=True telegram=present — explicit verification state (v99.11 P1; never a leave)
2026-09-26 01:38:05 | INFO    | mediagrab          | vc_reconcile_participations:9520 | VC_PARTICIPATION_CONFIRMED_PRESENT chat_id=-1002333937461
2026-09-26 01:38:05 | INFO    | mediagrab          | vc_reconcile_participations:9645 | VC_REGISTRY_UPDATE_CONFIRMED chat_id=-1002333937461 classification=CONFIRMED
2026-09-26 01:38:05 | DEBUG   | mediagrab          | vc_verify_target:8855 | VC_RECONCILE_CLIENT chat_id=-1003811965375 account_id=acc_918335829278 source=account:acc_918335829278
2026-09-26 01:38:05 | INFO    | mediagrab          | resolve_vc_entity:11974 | VC_ENTITY_RESOLVE_START chat_ref=-1003811965375 chat_id=-1003811965375 access_hash=yes
2026-09-26 01:38:05 | INFO    | mediagrab          | resolve_vc_entity:12075 | VC_ENTITY_RESOLVE_CACHE_HIT chat_id=-1003811965375
2026-09-26 01:38:05 | INFO    | mediagrab          | resolve_vc_entity:12076 | VC_ENTITY_RESOLVE_SUCCESS chat_id=-1003811965375 source=cache
2026-09-26 01:38:05 | INFO    | mediagrab          | resolve_vc_entity:12431 | ENTITY_RESOLVE_RPC_COUNT chat_id=-1003811965375 scope=acc_918335829278 rpcs=0 failed_rpcs=0 outcome=RESOLVED_FROM_CACHE duration_ms=0.3 (v98.10 §22)
2026-09-26 01:38:05 | DEBUG   | mediagrab          | cache_entity_scoped:2355 | ENTITY_CACHE_SCOPED account=acc_918335829278 entity_id=3811965375 source=vc_discovery scope=acc_918335829278 (v99 RC-C scope-annotated)
2026-09-26 01:38:05 | INFO    | mediagrab          | vc_detect_active_call:3098 | VC_ENTITY_DISCOVERED entity_id=3811965375 access_hash=<7432…> type=Channel
2026-09-26 01:38:05 | DEBUG   | mediagrab          | vc_verify_target:8965 | VC_PARTICIPATION_REDETECT_OK chat_id=-1003811965375 account_id=acc_918335829278 detect_scope=acc_918335829278 source=cache reresolved=0 (v98.07 FIX-QQ)
2026-09-26 01:38:06 | INFO    | mediagrab          | vc_check_telegram_participation:7681 | VC_PARTICIPATION_ABSENT_VIA_TARGETED chat_id=-1003811965375 call_id=-1824073576988881784 my_id=8624009332 via TARGETED_QUERY (v98.01 FIX-I + v98.02 FIX-L) — broad scan truncated at 0/2000, targeted query EMPTY for streak=3 (>=threshold=3) consecutive times with call_id stable → authoritative absence after repeated negative
2026-09-26 01:38:06 | INFO    | mediagrab          | vc_verify_target:9136 | VC_PARTICIPATION_VERIFY chat_id=-1003811965375 locally_tracked=True telegram=absent
2026-09-26 01:38:06 | INFO    | mediagrab          | vc_verify_target:9155 | VC_VERIFY_UNKNOWN chat_id=-1003811965375 locally_tracked=True telegram=absent — explicit verification state (v99.11 P1; never a leave)
2026-09-26 01:38:06 | INFO    | mediagrab          | vc_reconcile_participations:9645 | VC_REGISTRY_UPDATE_CONFIRMED chat_id=-1003811965375 classification=LOCALLY_TRACKED_UNCONFIRMED
2026-09-26 01:38:06 | DEBUG   | mediagrab          | vc_verify_target:8855 | VC_RECONCILE_CLIENT chat_id=-1004427666393 account_id=acc_918335829278 source=account:acc_918335829278
2026-09-26 01:38:06 | INFO    | mediagrab          | resolve_vc_entity:11974 | VC_ENTITY_RESOLVE_START chat_ref=-1004427666393 chat_id=-1004427666393 access_hash=yes
2026-09-26 01:38:06 | INFO    | mediagrab          | resolve_vc_entity:12075 | VC_ENTITY_RESOLVE_CACHE_HIT chat_id=-1004427666393
2026-09-26 01:38:06 | INFO    | mediagrab          | resolve_vc_entity:12076 | VC_ENTITY_RESOLVE_SUCCESS chat_id=-1004427666393 source=cache
2026-09-26 01:38:06 | INFO    | mediagrab          | resolve_vc_entity:12431 | ENTITY_RESOLVE_RPC_COUNT chat_id=-1004427666393 scope=acc_918335829278 rpcs=0 failed_rpcs=0 outcome=RESOLVED_FROM_CACHE duration_ms=0.2 (v98.10 §22)
2026-09-26 01:38:06 | DEBUG   | mediagrab          | cache_entity_scoped:2355 | ENTITY_CACHE_SCOPED account=acc_918335829278 entity_id=4427666393 source=vc_discovery scope=acc_918335829278 (v99 RC-C scope-annotated)
2026-09-26 01:38:06 | INFO    | mediagrab          | vc_detect_active_call:3098 | VC_ENTITY_DISCOVERED entity_id=4427666393 access_hash=<6046…> type=Channel
2026-09-26 01:38:06 | DEBUG   | mediagrab          | vc_verify_target:8965 | VC_PARTICIPATION_REDETECT_OK chat_id=-1004427666393 account_id=acc_918335829278 detect_scope=acc_918335829278 source=cache reresolved=0 (v98.07 FIX-QQ)
2026-09-26 01:38:06 | INFO    | mediagrab          | vc_check_telegram_participation:7443 | VC_PARTICIPATION_PRESENT chat_id=-1004427666393 call_id=-569938277538256374 my_id=8624009332 pages=1 inspected=1 complete=yes server_count=None participant=[peer=PeerUser(8624009332) flags=is_self,muted,video_joined source=2029513331]
2026-09-26 01:38:06 | INFO    | mediagrab          | vc_verify_target:9136 | VC_PARTICIPATION_VERIFY chat_id=-1004427666393 locally_tracked=True telegram=present
2026-09-26 01:38:06 | INFO    | mediagrab          | vc_verify_target:9155 | VC_VERIFY_MEMBER chat_id=-1004427666393 locally_tracked=True telegram=present — explicit verification state (v99.11 P1; never a leave)
2026-09-26 01:38:06 | INFO    | mediagrab          | vc_reconcile_participations:9520 | VC_PARTICIPATION_CONFIRMED_PRESENT chat_id=-1004427666393
2026-09-26 01:38:06 | INFO    | mediagrab          | vc_reconcile_participations:9645 | VC_REGISTRY_UPDATE_CONFIRMED chat_id=-1004427666393 classification=CONFIRMED
2026-09-26 01:38:06 | DEBUG   | mediagrab          | vc_verify_target:8855 | VC_RECONCILE_CLIENT chat_id=-1001993596337 account_id=acc_918335829278 source=account:acc_918335829278
2026-09-26 01:38:06 | INFO    | mediagrab          | resolve_vc_entity:11974 | VC_ENTITY_RESOLVE_START chat_ref=-1001993596337 chat_id=-1001993596337 access_hash=yes
2026-09-26 01:38:06 | INFO    | mediagrab          | resolve_vc_entity:12075 | VC_ENTITY_RESOLVE_CACHE_HIT chat_id=-1001993596337
2026-09-26 01:38:06 | INFO    | mediagrab          | resolve_vc_entity:12076 | VC_ENTITY_RESOLVE_SUCCESS chat_id=-1001993596337 source=cache
2026-09-26 01:38:06 | INFO    | mediagrab          | resolve_vc_entity:12431 | ENTITY_RESOLVE_RPC_COUNT chat_id=-1001993596337 scope=acc_918335829278 rpcs=0 failed_rpcs=0 outcome=RESOLVED_FROM_CACHE duration_ms=0.7 (v98.10 §22)
2026-09-26 01:38:06 | DEBUG   | mediagrab          | cache_entity_scoped:2355 | ENTITY_CACHE_SCOPED account=acc_918335829278 entity_id=1993596337 source=vc_discovery scope=acc_918335829278 (v99 RC-C scope-annotated)
2026-09-26 01:38:06 | INFO    | mediagrab          | vc_detect_active_call:3098 | VC_ENTITY_DISCOVERED entity_id=1993596337 access_hash=<7768…> type=Channel
2026-09-26 01:38:06 | DEBUG   | mediagrab          | vc_verify_target:8965 | VC_PARTICIPATION_REDETECT_OK chat_id=-1001993596337 account_id=acc_918335829278 detect_scope=acc_918335829278 source=cache reresolved=0 (v98.07 FIX-QQ)
2026-09-26 01:38:07 | INFO    | mediagrab          | vc_check_telegram_participation:7681 | VC_PARTICIPATION_ABSENT_VIA_TARGETED chat_id=-1001993596337 call_id=-8562431068729240560 my_id=8624009332 via TARGETED_QUERY (v98.01 FIX-I + v98.02 FIX-L) — broad scan truncated at 0/2000, targeted query EMPTY for streak=3 (>=threshold=3) consecutive times with call_id stable → authoritative absence after repeated negative
2026-09-26 01:38:07 | INFO    | mediagrab          | vc_verify_target:9136 | VC_PARTICIPATION_VERIFY chat_id=-1001993596337 locally_tracked=False telegram=absent
2026-09-26 01:38:07 | INFO    | mediagrab          | vc_verify_target:9155 | VC_VERIFY_NOT_MEMBER chat_id=-1001993596337 locally_tracked=False telegram=absent — explicit verification state (v99.11 P1; never a leave)
2026-09-26 01:38:07 | INFO    | mediagrab          | vc_reconcile_participations:9542 | VC_PARTICIPATION_CONFIRMED_ABSENT chat_id=-1001993596337
2026-09-26 01:38:07 | INFO    | mediagrab          | _vc_cleanup_stale_backend_call:8029 | VC_BACKEND_STALE_CALL_CLEANUP_OWNER chat_id=-1001993596337 owner_account=acc_918335829278 — using per-account backend for cleanup (v98.01 FIX-J: account-aware, prevents cross-account corruption)
2026-09-26 01:38:07 | INFO    | mediagrab          | vc_reconcile_participations:9645 | VC_REGISTRY_UPDATE_CONFIRMED chat_id=-1001993596337 classification=LEFT
2026-09-26 01:38:07 | DEBUG   | mediagrab          | vc_verify_target:8855 | VC_RECONCILE_CLIENT chat_id=-1001070871253 account_id=acc_918335829278 source=account:acc_918335829278
2026-09-26 01:38:07 | INFO    | mediagrab          | resolve_vc_entity:11974 | VC_ENTITY_RESOLVE_START chat_ref=-1001070871253 chat_id=-1001070871253 access_hash=yes
2026-09-26 01:38:07 | INFO    | mediagrab          | resolve_vc_entity:12075 | VC_ENTITY_RESOLVE_CACHE_HIT chat_id=-1001070871253
2026-09-26 01:38:07 | INFO    | mediagrab          | resolve_vc_entity:12076 | VC_ENTITY_RESOLVE_SUCCESS chat_id=-1001070871253 source=cache
2026-09-26 01:38:07 | INFO    | mediagrab          | resolve_vc_entity:12431 | ENTITY_RESOLVE_RPC_COUNT chat_id=-1001070871253 scope=acc_918335829278 rpcs=0 failed_rpcs=0 outcome=RESOLVED_FROM_CACHE duration_ms=0.2 (v98.10 §22)
2026-09-26 01:38:07 | DEBUG   | mediagrab          | cache_entity_scoped:2355 | ENTITY_CACHE_SCOPED account=acc_918335829278 entity_id=1070871253 source=vc_discovery scope=acc_918335829278 (v99 RC-C scope-annotated)
2026-09-26 01:38:07 | INFO    | mediagrab          | vc_detect_active_call:3098 | VC_ENTITY_DISCOVERED entity_id=1070871253 access_hash=<2700…> type=Channel
2026-09-26 01:38:07 | DEBUG   | mediagrab          | vc_verify_target:8965 | VC_PARTICIPATION_REDETECT_OK chat_id=-1001070871253 account_id=acc_918335829278 detect_scope=acc_918335829278 source=cache reresolved=0 (v98.07 FIX-QQ)
2026-09-26 01:38:07 | INFO    | mediagrab          | vc_check_telegram_participation:7443 | VC_PARTICIPATION_PRESENT chat_id=-1001070871253 call_id=-4599357008817247755 my_id=8624009332 pages=1 inspected=1 complete=yes server_count=None participant=[peer=PeerUser(8624009332) flags=is_self,muted,video_joined source=2135969937]
2026-09-26 01:38:07 | INFO    | mediagrab          | vc_verify_target:9136 | VC_PARTICIPATION_VERIFY chat_id=-1001070871253 locally_tracked=True telegram=present
2026-09-26 01:38:07 | INFO    | mediagrab          | vc_verify_target:9155 | VC_VERIFY_MEMBER chat_id=-1001070871253 locally_tracked=True telegram=present — explicit verification state (v99.11 P1; never a leave)
2026-09-26 01:38:07 | INFO    | mediagrab          | vc_reconcile_participations:9520 | VC_PARTICIPATION_CONFIRMED_PRESENT chat_id=-1001070871253
2026-09-26 01:38:07 | INFO    | mediagrab          | vc_reconcile_participations:9645 | VC_REGISTRY_UPDATE_CONFIRMED chat_id=-1001070871253 classification=CONFIRMED
2026-09-26 01:38:07 | DEBUG   | mediagrab          | vc_verify_target:8855 | VC_RECONCILE_CLIENT chat_id=-1001922822605 account_id=acc_918335829278 source=account:acc_918335829278
2026-09-26 01:38:07 | INFO    | mediagrab          | resolve_vc_entity:11974 | VC_ENTITY_RESOLVE_START chat_ref=-1001922822605 chat_id=-1001922822605 access_hash=yes
2026-09-26 01:38:07 | INFO    | mediagrab          | resolve_vc_entity:12075 | VC_ENTITY_RESOLVE_CACHE_HIT chat_id=-1001922822605
2026-09-26 01:38:07 | INFO    | mediagrab          | resolve_vc_entity:12076 | VC_ENTITY_RESOLVE_SUCCESS chat_id=-1001922822605 source=cache
2026-09-26 01:38:07 | INFO    | mediagrab          | resolve_vc_entity:12431 | ENTITY_RESOLVE_RPC_COUNT chat_id=-1001922822605 scope=acc_918335829278 rpcs=0 failed_rpcs=0 outcome=RESOLVED_FROM_CACHE duration_ms=0.2 (v98.10 §22)
2026-09-26 01:38:08 | DEBUG   | mediagrab          | cache_entity_scoped:2355 | ENTITY_CACHE_SCOPED account=acc_918335829278 entity_id=1922822605 source=vc_discovery scope=acc_918335829278 (v99 RC-C scope-annotated)
2026-09-26 01:38:08 | INFO    | mediagrab          | vc_detect_active_call:3098 | VC_ENTITY_DISCOVERED entity_id=1922822605 access_hash=<-620…> type=Channel
2026-09-26 01:38:08 | DEBUG   | mediagrab          | vc_verify_target:8965 | VC_PARTICIPATION_REDETECT_OK chat_id=-1001922822605 account_id=acc_918335829278 detect_scope=acc_918335829278 source=cache reresolved=0 (v98.07 FIX-QQ)
2026-09-26 01:38:08 | INFO    | mediagrab          | vc_check_telegram_participation:7443 | VC_PARTICIPATION_PRESENT chat_id=-1001922822605 call_id=-8258460203529507355 my_id=8624009332 pages=1 inspected=1 complete=yes server_count=None participant=[peer=PeerUser(8624009332) flags=is_self,muted,video_joined source=1159064395]
2026-09-26 01:38:08 | INFO    | mediagrab          | vc_verify_target:9136 | VC_PARTICIPATION_VERIFY chat_id=-1001922822605 locally_tracked=True telegram=present
2026-09-26 01:38:08 | INFO    | mediagrab          | vc_verify_target:9155 | VC_VERIFY_MEMBER chat_id=-1001922822605 locally_tracked=True telegram=present — explicit verification state (v99.11 P1; never a leave)
2026-09-26 01:38:08 | INFO    | mediagrab          | vc_reconcile_participations:9520 | VC_PARTICIPATION_CONFIRMED_PRESENT chat_id=-1001922822605
2026-09-26 01:38:08 | INFO    | mediagrab          | vc_reconcile_participations:9645 | VC_REGISTRY_UPDATE_CONFIRMED chat_id=-1001922822605 classification=CONFIRMED
2026-09-26 01:38:08 | DEBUG   | mediagrab          | vc_verify_target:8855 | VC_RECONCILE_CLIENT chat_id=-1004460369026 account_id=global source=global_backend_bound
2026-09-26 01:38:08 | INFO    | mediagrab          | resolve_vc_entity:11974 | VC_ENTITY_RESOLVE_START chat_ref=-1004460369026 chat_id=-1004460369026 access_hash=yes
2026-09-26 01:38:08 | WARNING | mediagrab          | resolve_vc_entity:12062 | VC_HASH_SCOPE_MISMATCH chat_id=-1004460369026 entry_scope=acc_919006065076 consumer_scope=acc_918335829278 — skipping cache hit, re-resolving for this client (v98.07 FIX-QQ)
2026-09-26 01:38:08 | INFO    | mediagrab          | _v9810_scope_route:11711 | ENTITY_RESOLVE_CACHE_HIT chat_id=-1004460369026 scope=acc_918335829278 source=scope_state age=9856s (v98.10 §15 Step 0a — 0 RPCs)
2026-09-26 01:38:08 | INFO    | mediagrab          | resolve_vc_entity:12431 | ENTITY_RESOLVE_RPC_COUNT chat_id=-1004460369026 scope=acc_918335829278 rpcs=0 failed_rpcs=0 outcome=RESOLVED_FROM_SCOPE_STATE duration_ms=0.1 (v98.10 §22)
2026-09-26 01:38:08 | DEBUG   | mediagrab          | cache_entity_scoped:2355 | ENTITY_CACHE_SCOPED account=acc_918335829278 entity_id=4460369026 source=vc_discovery scope=acc_918335829278 (v99 RC-C scope-annotated)
2026-09-26 01:38:08 | INFO    | mediagrab          | vc_detect_active_call:3098 | VC_ENTITY_DISCOVERED entity_id=4460369026 access_hash=<2476…> type=Channel
2026-09-26 01:38:08 | DEBUG   | mediagrab          | vc_verify_target:8965 | VC_PARTICIPATION_REDETECT_OK chat_id=-1004460369026 account_id=global detect_scope=acc_918335829278 source=scope_state reresolved=0 (v98.07 FIX-QQ)
2026-09-26 01:38:08 | INFO    | mediagrab          | vc_check_telegram_participation:7443 | VC_PARTICIPATION_PRESENT chat_id=-1004460369026 call_id=-710395016767153533 my_id=8624009332 pages=1 inspected=1 complete=yes server_count=None participant=[peer=PeerUser(8624009332) flags=is_self,muted,video_joined source=1163550688]
2026-09-26 01:38:08 | INFO    | mediagrab          | vc_verify_target:9136 | VC_PARTICIPATION_VERIFY chat_id=-1004460369026 locally_tracked=False telegram=present
2026-09-26 01:38:08 | INFO    | mediagrab          | vc_verify_target:9155 | VC_VERIFY_MEMBER chat_id=-1004460369026 locally_tracked=False telegram=present — explicit verification state (v99.11 P1; never a leave)
2026-09-26 01:38:08 | INFO    | mediagrab          | vc_reconcile_participations:9645 | VC_REGISTRY_UPDATE_CONFIRMED chat_id=-1004460369026 classification=PARTICIPATING_UNTRACKED
2026-09-26 01:38:08 | DEBUG   | mediagrab          | vc_verify_target:8855 | VC_RECONCILE_CLIENT chat_id=4460369026 account_id=acc_919006065076 source=account:acc_919006065076
2026-09-26 01:38:08 | INFO    | mediagrab          | resolve_vc_entity:11974 | VC_ENTITY_RESOLVE_START chat_ref=-1004460369026 chat_id=-1004460369026 access_hash=yes
2026-09-26 01:38:08 | WARNING | mediagrab          | resolve_vc_entity:12062 | VC_HASH_SCOPE_MISMATCH chat_id=-1004460369026 entry_scope=acc_918335829278 consumer_scope=acc_919006065076 — skipping cache hit, re-resolving for this client (v98.07 FIX-QQ)
2026-09-26 01:38:08 | INFO    | mediagrab          | _v9810_scope_route:11711 | ENTITY_RESOLVE_CACHE_HIT chat_id=-1004460369026 scope=acc_919006065076 source=scope_state age=9856s (v98.10 §15 Step 0a — 0 RPCs)
2026-09-26 01:38:08 | INFO    | mediagrab          | resolve_vc_entity:12431 | ENTITY_RESOLVE_RPC_COUNT chat_id=-1004460369026 scope=acc_919006065076 rpcs=0 failed_rpcs=0 outcome=RESOLVED_FROM_SCOPE_STATE duration_ms=0.2 (v98.10 §22)
2026-09-26 01:38:09 | DEBUG   | mediagrab          | cache_entity_scoped:2355 | ENTITY_CACHE_SCOPED account=acc_919006065076 entity_id=4460369026 source=vc_discovery scope=acc_919006065076 (v99 RC-C scope-annotated)
2026-09-26 01:38:09 | INFO    | mediagrab          | vc_detect_active_call:3098 | VC_ENTITY_DISCOVERED entity_id=4460369026 access_hash=<7729…> type=Channel
2026-09-26 01:38:09 | DEBUG   | mediagrab          | vc_verify_target:8965 | VC_PARTICIPATION_REDETECT_OK chat_id=4460369026 account_id=acc_919006065076 detect_scope=acc_919006065076 source=scope_state reresolved=0 (v98.07 FIX-QQ)
2026-09-26 01:38:09 | INFO    | mediagrab          | vc_check_telegram_participation:7751 | VC_PARTICIPATION_TARGETED_FOREIGN_RESULT chat_id=4460369026 call_id=-710395016767153533 my_id=8699582859 returned=1 — targeted query returned participants but NONE matched our identity (peer-based matching); a foreign-answer is NOT absence evidence → unknown (v99.05 RC-F2: the v99.02 no-match→absent escalation REMOVED — it destroyed 9 REAL joins on 2026-09-12)
2026-09-26 01:38:09 | INFO    | mediagrab          | vc_verify_target:9136 | VC_PARTICIPATION_VERIFY chat_id=4460369026 locally_tracked=False telegram=unknown
2026-09-26 01:38:09 | INFO    | mediagrab          | vc_verify_target:9155 | VC_VERIFY_UNKNOWN chat_id=4460369026 locally_tracked=False telegram=unknown — explicit verification state (v99.11 P1; never a leave)
2026-09-26 01:38:09 | INFO    | mediagrab          | vc_reconcile_participations:9529 | VC_RECONCILE_DEFERRED_UNKNOWN chat_id=4460369026 — preserving joined state (backend evidence)
2026-09-26 01:38:09 | INFO    | mediagrab          | vc_reconcile_participations:9645 | VC_REGISTRY_UPDATE_CONFIRMED chat_id=4460369026 classification=LOCALLY_TRACKED_UNCONFIRMED
2026-09-26 01:38:09 | DEBUG   | mediagrab          | vc_verify_target:8855 | VC_RECONCILE_CLIENT chat_id=4427666393 account_id=acc_919006065076 source=account:acc_919006065076
2026-09-26 01:38:09 | INFO    | mediagrab          | resolve_vc_entity:11974 | VC_ENTITY_RESOLVE_START chat_ref=-1004427666393 chat_id=-1004427666393 access_hash=yes
2026-09-26 01:38:09 | WARNING | mediagrab          | resolve_vc_entity:12062 | VC_HASH_SCOPE_MISMATCH chat_id=-1004427666393 entry_scope=acc_918335829278 consumer_scope=acc_919006065076 — skipping cache hit, re-resolving for this client (v98.07 FIX-QQ)
2026-09-26 01:38:09 | INFO    | mediagrab          | _v9810_scope_route:11809 | ENTITY_RESOLVE_ACCOUNT_SWITCH chat_id=-1004427666393 from_scope=acc_919006065076 to_account=acc_918335829278 reason=known_good_scope verified_at=4s ago (v98.10 §15 Step 0c — targeted routing, not a blind rotation)
2026-09-26 01:38:09 | INFO    | mediagrab          | _v9810_scope_route:11837 | ENTITY_RESOLVE_CACHE_HIT chat_id=-1004427666393 scope=acc_918335829278 source=scope_state age=4s (v98.10 §15 Step 0c — fresh known-good object, 0 RPCs)
2026-09-26 01:38:09 | INFO    | mediagrab          | resolve_vc_entity:12431 | ENTITY_RESOLVE_RPC_COUNT chat_id=-1004427666393 scope=acc_919006065076 rpcs=0 failed_rpcs=0 outcome=RESOLVED_VIA_ROTATION duration_ms=0.3 (v98.10 §22)
2026-09-26 01:38:09 | DEBUG   | mediagrab          | cache_entity_scoped:2355 | ENTITY_CACHE_SCOPED account=acc_918335829278 entity_id=4427666393 source=vc_discovery scope=acc_918335829278 (v99 RC-C scope-annotated)
2026-09-26 01:38:09 | INFO    | mediagrab          | vc_detect_active_call:3098 | VC_ENTITY_DISCOVERED entity_id=4427666393 access_hash=<6046…> type=Channel
2026-09-26 01:38:09 | DEBUG   | mediagrab          | vc_verify_target:8965 | VC_PARTICIPATION_REDETECT_OK chat_id=4427666393 account_id=acc_919006065076 detect_scope=acc_918335829278 source=account_rotation:acc_918335829278 reresolved=0 (v98.07 FIX-QQ)
2026-09-26 01:38:10 | INFO    | mediagrab          | vc_check_telegram_participation:7356 | VC_PARTICIPATION_STALE_CALL chat_id=4427666393 call_id=-569938277538256374 exc=GroupcallInvalidError — the queried (id, access_hash) pair is NOT a live call: STALE CALL IDENTITY, returning unknown (NOT absent; the pipeline re-detects the current pair and re-verifies) (v99.05 RC-F4)
2026-09-26 01:38:10 | INFO    | mediagrab          | vc_check_telegram_participation:7370 | VC_VERIFY_STALE_IDENTITY chat_id=4427666393 call_id=-569938277538256374 — detect stale identity → re-resolve current pair → verify → atomically update cache; existing healthy transport PRESERVED (never a leave; v99.11 P1)
2026-09-26 01:38:10 | INFO    | mediagrab          | vc_verify_target:9136 | VC_PARTICIPATION_VERIFY chat_id=4427666393 locally_tracked=False telegram=unknown
2026-09-26 01:38:10 | INFO    | mediagrab          | vc_verify_target:9155 | VC_VERIFY_UNKNOWN chat_id=4427666393 locally_tracked=False telegram=unknown — explicit verification state (v99.11 P1; never a leave)
2026-09-26 01:38:10 | INFO    | mediagrab          | vc_reconcile_participations:9529 | VC_RECONCILE_DEFERRED_UNKNOWN chat_id=4427666393 — preserving joined state (backend evidence)
2026-09-26 01:38:10 | INFO    | mediagrab          | vc_reconcile_participations:9645 | VC_REGISTRY_UPDATE_CONFIRMED chat_id=4427666393 classification=LOCALLY_TRACKED_UNCONFIRMED
2026-09-26 01:38:10 | DEBUG   | mediagrab          | vc_verify_target:8855 | VC_RECONCILE_CLIENT chat_id=-1003940064304 account_id=global source=global_backend_bound
2026-09-26 01:38:10 | INFO    | mediagrab          | resolve_vc_entity:11974 | VC_ENTITY_RESOLVE_START chat_ref=-1003940064304 chat_id=-1003940064304 access_hash=yes
2026-09-26 01:38:10 | INFO    | mediagrab          | resolve_vc_entity:12075 | VC_ENTITY_RESOLVE_CACHE_HIT chat_id=-1003940064304
2026-09-26 01:38:10 | INFO    | mediagrab          | resolve_vc_entity:12076 | VC_ENTITY_RESOLVE_SUCCESS chat_id=-1003940064304 source=cache
2026-09-26 01:38:10 | INFO    | mediagrab          | resolve_vc_entity:12431 | ENTITY_RESOLVE_RPC_COUNT chat_id=-1003940064304 scope=acc_918335829278 rpcs=0 failed_rpcs=0 outcome=RESOLVED_FROM_CACHE duration_ms=0.2 (v98.10 §22)
2026-09-26 01:38:10 | DEBUG   | mediagrab          | cache_entity_scoped:2355 | ENTITY_CACHE_SCOPED account=acc_918335829278 entity_id=3940064304 source=vc_discovery scope=acc_918335829278 (v99 RC-C scope-annotated)
2026-09-26 01:38:10 | INFO    | mediagrab          | vc_detect_active_call:3098 | VC_ENTITY_DISCOVERED entity_id=3940064304 access_hash=<1744…> type=Channel
2026-09-26 01:38:10 | DEBUG   | mediagrab          | vc_verify_target:8965 | VC_PARTICIPATION_REDETECT_OK chat_id=-1003940064304 account_id=global detect_scope=acc_918335829278 source=cache reresolved=0 (v98.07 FIX-QQ)
2026-09-26 01:38:10 | INFO    | mediagrab          | vc_check_telegram_participation:7443 | VC_PARTICIPATION_PRESENT chat_id=-1003940064304 call_id=-7699075288673564347 my_id=8624009332 pages=1 inspected=1 complete=yes server_count=None participant=[peer=PeerUser(8624009332) flags=is_self,muted,video_joined source=1194204182]
2026-09-26 01:38:10 | INFO    | mediagrab          | vc_verify_target:9136 | VC_PARTICIPATION_VERIFY chat_id=-1003940064304 locally_tracked=False telegram=present
2026-09-26 01:38:10 | INFO    | mediagrab          | vc_verify_target:9155 | VC_VERIFY_MEMBER chat_id=-1003940064304 locally_tracked=False telegram=present — explicit verification state (v99.11 P1; never a leave)
2026-09-26 01:38:10 | INFO    | mediagrab          | vc_reconcile_participations:9645 | VC_REGISTRY_UPDATE_CONFIRMED chat_id=-1003940064304 classification=PARTICIPATING_UNTRACKED
2026-09-26 01:38:10 | DEBUG   | mediagrab          | vc_verify_target:8855 | VC_RECONCILE_CLIENT chat_id=3940064304 account_id=acc_919006065076 source=account:acc_919006065076
2026-09-26 01:38:10 | INFO    | mediagrab          | resolve_vc_entity:11974 | VC_ENTITY_RESOLVE_START chat_ref=-1003940064304 chat_id=-1003940064304 access_hash=yes
2026-09-26 01:38:10 | WARNING | mediagrab          | resolve_vc_entity:12062 | VC_HASH_SCOPE_MISMATCH chat_id=-1003940064304 entry_scope=acc_918335829278 consumer_scope=acc_919006065076 — skipping cache hit, re-resolving for this client (v98.07 FIX-QQ)
2026-09-26 01:38:10 | INFO    | mediagrab          | _v9810_scope_route:11809 | ENTITY_RESOLVE_ACCOUNT_SWITCH chat_id=-1003940064304 from_scope=acc_919006065076 to_account=acc_918335829278 reason=known_good_scope verified_at=1s ago (v98.10 §15 Step 0c — targeted routing, not a blind rotation)
2026-09-26 01:38:10 | INFO    | mediagrab          | _v9810_scope_route:11837 | ENTITY_RESOLVE_CACHE_HIT chat_id=-1003940064304 scope=acc_918335829278 source=scope_state age=1s (v98.10 §15 Step 0c — fresh known-good object, 0 RPCs)
2026-09-26 01:38:10 | INFO    | mediagrab          | resolve_vc_entity:12431 | ENTITY_RESOLVE_RPC_COUNT chat_id=-1003940064304 scope=acc_919006065076 rpcs=0 failed_rpcs=0 outcome=RESOLVED_VIA_ROTATION duration_ms=0.2 (v98.10 §22)
2026-09-26 01:38:11 | DEBUG   | mediagrab          | cache_entity_scoped:2355 | ENTITY_CACHE_SCOPED account=acc_918335829278 entity_id=3940064304 source=vc_discovery scope=acc_918335829278 (v99 RC-C scope-annotated)
2026-09-26 01:38:11 | INFO    | mediagrab          | vc_detect_active_call:3098 | VC_ENTITY_DISCOVERED entity_id=3940064304 access_hash=<1744…> type=Channel
2026-09-26 01:38:11 | DEBUG   | mediagrab          | vc_verify_target:8965 | VC_PARTICIPATION_REDETECT_OK chat_id=3940064304 account_id=acc_919006065076 detect_scope=acc_918335829278 source=account_rotation:acc_918335829278 reresolved=0 (v98.07 FIX-QQ)
2026-09-26 01:38:11 | INFO    | mediagrab          | vc_check_telegram_participation:7356 | VC_PARTICIPATION_STALE_CALL chat_id=3940064304 call_id=-7699075288673564347 exc=GroupcallInvalidError — the queried (id, access_hash) pair is NOT a live call: STALE CALL IDENTITY, returning unknown (NOT absent; the pipeline re-detects the current pair and re-verifies) (v99.05 RC-F4)
2026-09-26 01:38:11 | INFO    | mediagrab          | vc_check_telegram_participation:7370 | VC_VERIFY_STALE_IDENTITY chat_id=3940064304 call_id=-7699075288673564347 — detect stale identity → re-resolve current pair → verify → atomically update cache; existing healthy transport PRESERVED (never a leave; v99.11 P1)
2026-09-26 01:38:11 | INFO    | mediagrab          | vc_verify_target:9136 | VC_PARTICIPATION_VERIFY chat_id=3940064304 locally_tracked=False telegram=unknown
2026-09-26 01:38:11 | INFO    | mediagrab          | vc_verify_target:9155 | VC_VERIFY_UNKNOWN chat_id=3940064304 locally_tracked=False telegram=unknown — explicit verification state (v99.11 P1; never a leave)
2026-09-26 01:38:11 | INFO    | mediagrab          | vc_reconcile_participations:9529 | VC_RECONCILE_DEFERRED_UNKNOWN chat_id=3940064304 — preserving joined state (backend evidence)
2026-09-26 01:38:11 | INFO    | mediagrab          | vc_reconcile_participations:9645 | VC_REGISTRY_UPDATE_CONFIRMED chat_id=3940064304 classification=LOCALLY_TRACKED_UNCONFIRMED
2026-09-26 01:38:11 | DEBUG   | mediagrab          | vc_verify_target:8855 | VC_RECONCILE_CLIENT chat_id=-1002887741724 account_id=global source=global_backend_bound
2026-09-26 01:38:11 | INFO    | mediagrab          | resolve_vc_entity:11974 | VC_ENTITY_RESOLVE_START chat_ref=-1002887741724 chat_id=-1002887741724 access_hash=yes
2026-09-26 01:38:11 | INFO    | mediagrab          | resolve_vc_entity:12075 | VC_ENTITY_RESOLVE_CACHE_HIT chat_id=-1002887741724
2026-09-26 01:38:11 | INFO    | mediagrab          | resolve_vc_entity:12076 | VC_ENTITY_RESOLVE_SUCCESS chat_id=-1002887741724 source=cache
2026-09-26 01:38:11 | INFO    | mediagrab          | resolve_vc_entity:12431 | ENTITY_RESOLVE_RPC_COUNT chat_id=-1002887741724 scope=acc_918335829278 rpcs=0 failed_rpcs=0 outcome=RESOLVED_FROM_CACHE duration_ms=0.1 (v98.10 §22)
2026-09-26 01:38:11 | DEBUG   | mediagrab          | cache_entity_scoped:2355 | ENTITY_CACHE_SCOPED account=acc_918335829278 entity_id=2887741724 source=vc_discovery scope=acc_918335829278 (v99 RC-C scope-annotated)
2026-09-26 01:38:11 | INFO    | mediagrab          | vc_detect_active_call:3098 | VC_ENTITY_DISCOVERED entity_id=2887741724 access_hash=<6524…> type=Channel
2026-09-26 01:38:11 | DEBUG   | mediagrab          | vc_verify_target:8965 | VC_PARTICIPATION_REDETECT_OK chat_id=-1002887741724 account_id=global detect_scope=acc_918335829278 source=cache reresolved=0 (v98.07 FIX-QQ)
2026-09-26 01:38:11 | INFO    | mediagrab          | vc_check_telegram_participation:7443 | VC_PARTICIPATION_PRESENT chat_id=-1002887741724 call_id=-3179384222730274919 my_id=8624009332 pages=1 inspected=1 complete=yes server_count=None participant=[peer=PeerUser(8624009332) flags=is_self,muted,video_joined source=1789396470]
2026-09-26 01:38:11 | INFO    | mediagrab          | vc_verify_target:9136 | VC_PARTICIPATION_VERIFY chat_id=-1002887741724 locally_tracked=False telegram=present
2026-09-26 01:38:11 | INFO    | mediagrab          | vc_verify_target:9155 | VC_VERIFY_MEMBER chat_id=-1002887741724 locally_tracked=False telegram=present — explicit verification state (v99.11 P1; never a leave)
2026-09-26 01:38:11 | INFO    | mediagrab          | vc_reconcile_participations:9645 | VC_REGISTRY_UPDATE_CONFIRMED chat_id=-1002887741724 classification=PARTICIPATING_UNTRACKED
2026-09-26 01:38:11 | DEBUG   | mediagrab          | vc_verify_target:8855 | VC_RECONCILE_CLIENT chat_id=2887741724 account_id=acc_919006065076 source=account:acc_919006065076
2026-09-26 01:38:11 | INFO    | mediagrab          | resolve_vc_entity:11974 | VC_ENTITY_RESOLVE_START chat_ref=-1002887741724 chat_id=-1002887741724 access_hash=yes
2026-09-26 01:38:11 | WARNING | mediagrab          | resolve_vc_entity:12062 | VC_HASH_SCOPE_MISMATCH chat_id=-1002887741724 entry_scope=acc_918335829278 consumer_scope=acc_919006065076 — skipping cache hit, re-resolving for this client (v98.07 FIX-QQ)
2026-09-26 01:38:11 | INFO    | mediagrab          | _v9810_scope_route:11809 | ENTITY_RESOLVE_ACCOUNT_SWITCH chat_id=-1002887741724 from_scope=acc_919006065076 to_account=acc_918335829278 reason=known_good_scope verified_at=0s ago (v98.10 §15 Step 0c — targeted routing, not a blind rotation)
2026-09-26 01:38:11 | INFO    | mediagrab          | _v9810_scope_route:11837 | ENTITY_RESOLVE_CACHE_HIT chat_id=-1002887741724 scope=acc_918335829278 source=scope_state age=0s (v98.10 §15 Step 0c — fresh known-good object, 0 RPCs)
2026-09-26 01:38:11 | INFO    | mediagrab          | resolve_vc_entity:12431 | ENTITY_RESOLVE_RPC_COUNT chat_id=-1002887741724 scope=acc_919006065076 rpcs=0 failed_rpcs=0 outcome=RESOLVED_VIA_ROTATION duration_ms=0.3 (v98.10 §22)
2026-09-26 01:38:12 | DEBUG   | mediagrab          | cache_entity_scoped:2355 | ENTITY_CACHE_SCOPED account=acc_918335829278 entity_id=2887741724 source=vc_discovery scope=acc_918335829278 (v99 RC-C scope-annotated)
2026-09-26 01:38:12 | INFO    | mediagrab          | vc_detect_active_call:3098 | VC_ENTITY_DISCOVERED entity_id=2887741724 access_hash=<6524…> type=Channel
2026-09-26 01:38:12 | DEBUG   | mediagrab          | vc_verify_target:8965 | VC_PARTICIPATION_REDETECT_OK chat_id=2887741724 account_id=acc_919006065076 detect_scope=acc_918335829278 source=account_rotation:acc_918335829278 reresolved=0 (v98.07 FIX-QQ)
2026-09-26 01:38:12 | INFO    | mediagrab          | vc_check_telegram_participation:7356 | VC_PARTICIPATION_STALE_CALL chat_id=2887741724 call_id=-3179384222730274919 exc=GroupcallInvalidError — the queried (id, access_hash) pair is NOT a live call: STALE CALL IDENTITY, returning unknown (NOT absent; the pipeline re-detects the current pair and re-verifies) (v99.05 RC-F4)
2026-09-26 01:38:12 | INFO    | mediagrab          | vc_check_telegram_participation:7370 | VC_VERIFY_STALE_IDENTITY chat_id=2887741724 call_id=-3179384222730274919 — detect stale identity → re-resolve current pair → verify → atomically update cache; existing healthy transport PRESERVED (never a leave; v99.11 P1)
2026-09-26 01:38:12 | INFO    | mediagrab          | vc_verify_target:9136 | VC_PARTICIPATION_VERIFY chat_id=2887741724 locally_tracked=False telegram=unknown
2026-09-26 01:38:12 | INFO    | mediagrab          | vc_verify_target:9155 | VC_VERIFY_UNKNOWN chat_id=2887741724 locally_tracked=False telegram=unknown — explicit verification state (v99.11 P1; never a leave)
2026-09-26 01:38:12 | INFO    | mediagrab          | vc_reconcile_participations:9529 | VC_RECONCILE_DEFERRED_UNKNOWN chat_id=2887741724 — preserving joined state (backend evidence)
2026-09-26 01:38:12 | INFO    | mediagrab          | vc_reconcile_participations:9645 | VC_REGISTRY_UPDATE_CONFIRMED chat_id=2887741724 classification=LOCALLY_TRACKED_UNCONFIRMED
2026-09-26 01:38:12 | INFO    | mediagrab          | vc_reconcile_participations:9660 | VC_RECONCILE_RESULT total=34 confirmed=5 participating_untracked=11 locally_tracked_unconfirmed=7 unknown=5 cleanup_required=0 left=6 failed=0
2026-09-26 01:38:12 | DEBUG   | mediagrab          | _vc_prune_caches:10026 | VC_CACHE_PRUNE target_cooldowns removed=2 remaining=0
2026-09-26 01:38:31 | DEBUG   | mediagrab          | _mtproto_health_loop:5800 | MTProto health check: OK
2026-09-26 01:38:31 | INFO    | mediagrab          | _mtproto_health_loop:5864 | MTPROTO_GENERATION_STATE active=0 retiring=0 retired=0 poisoned=0 generation_sessions=0 live_clients=3
2026-09-26 01:38:31 | INFO    | mediagrab          | _reconcile_cycle:917 | VC_COVERAGE_RECONCILE_START active=40 joined=28 missing=12 retry_ready=0 persistent_retry_queue_total=0 persistent_retry_queue_ready=0
2026-09-26 01:38:31 | INFO    | mediagrab          | _reconcile_cycle:946 | VC_RECONCILE_FOUND_MISSING chat_id=1949746242 title=
2026-09-26 01:38:31 | INFO    | mediagrab          | _reconcile_cycle:946 | VC_RECONCILE_FOUND_MISSING chat_id=3717806820 title=
2026-09-26 01:38:31 | INFO    | mediagrab          | _reconcile_cycle:946 | VC_RECONCILE_FOUND_MISSING chat_id=3961210499 title=
2026-09-26 01:38:31 | INFO    | mediagrab          | _reconcile_cycle:946 | VC_RECONCILE_FOUND_MISSING chat_id=2144563093 title=
2026-09-26 01:38:31 | INFO    | mediagrab          | _reconcile_cycle:946 | VC_RECONCILE_FOUND_MISSING chat_id=2333937461 title=
2026-09-26 01:38:31 | INFO    | mediagrab          | _reconcile_cycle:946 | VC_RECONCILE_FOUND_MISSING chat_id=1993596337 title=Трейд чатик Vespiol
2026-09-26 01:38:31 | DEBUG   | mediagrab          | _watchdog_loop:1740 | WATCHDOG: talkative handler not registered but effective_disabled source=dashboard_db — not retrying (admin disabled; v99.07 FIX-5)
2026-09-26 01:38:39 | INFO    | mediagrab          | _bot_heartbeat_loop:2756 | ACCOUNT_HEALTH live_clients=2 cluster_accounts=2 dead_sessions=0 unregistered=0 expected_cluster=2 total_files=2 — live_clients counts primary_global + registered cluster sessions; dead files need delete + re-login (SESSION_REMEDIATION); expected_cluster is accounts.json's registry size (v99.03 RC-10)
2026-09-26 01:38:39 | INFO    | mediagrab          | _bot_heartbeat_loop:2840 | BOT_HEARTBEAT pid=7 uptime=17055s rss_mb=166 threads=50 fd=322/1024 joined_transports=20 join_queue=0 active_joins=0 memory_limit_mb=4506 resource_headroom_mb=4340 FD_CENSUS total=322 soft=1024 sockets=305 pipes=2 files=12 anon=2 other=1 MEM_CENSUS rss_mb=166 threads=50 fd=322/1024 joined_transports=20 joins=_global:J=13/F=0 acc_918335829278:J=6/F=0 acc_919006065076:J=1/F=0 (v98.05 FIX-FF liveness; v98.06 FIX-OO uptime epoch domain; v99.02 FIX-3 FD_CENSUS; v99.10 FIX-D MEM_CENSUS; v99.11 P0-1 single-%s safe emission + resource fields)
2026-09-26 01:39:01 | DEBUG   | mediagrab          | _mtproto_health_loop:5800 | MTProto health check: OK
2026-09-26 01:39:01 | INFO    | mediagrab          | _mtproto_health_loop:5864 | MTPROTO_GENERATION_STATE active=0 retiring=0 retired=0 poisoned=0 generation_sessions=0 live_clients=3
2026-09-26 01:39:03 | INFO    | mediagrab          | _vc_handle_vc_command:28929 | COMMAND_RECEIVED path=telethon cmd=topchat@newsviewslavebot sender=6824848993 chat=-1003922758336
2026-09-26 01:39:31 | DEBUG   | mediagrab          | _mtproto_health_loop:5800 | MTProto health check: OK
2026-09-26 01:39:31 | INFO    | mediagrab          | _mtproto_health_loop:5864 | MTPROTO_GENERATION_STATE active=0 retiring=0 retired=0 poisoned=0 generation_sessions=0 live_clients=3
2026-09-26 01:39:31 | INFO    | mediagrab          | _reconcile_cycle:917 | VC_COVERAGE_RECONCILE_START active=40 joined=28 missing=12 retry_ready=0 persistent_retry_queue_total=0 persistent_retry_queue_ready=0
2026-09-26 01:39:31 | INFO    | mediagrab          | _reconcile_cycle:946 | VC_RECONCILE_FOUND_MISSING chat_id=1949746242 title=
2026-09-26 01:39:31 | INFO    | mediagrab          | _reconcile_cycle:946 | VC_RECONCILE_FOUND_MISSING chat_id=3717806820 title=
2026-09-26 01:39:31 | INFO    | mediagrab          | _reconcile_cycle:946 | VC_RECONCILE_FOUND_MISSING chat_id=3961210499 title=
2026-09-26 01:39:31 | INFO    | mediagrab          | _reconcile_cycle:946 | VC_RECONCILE_FOUND_MISSING chat_id=2144563093 title=
2026-09-26 01:39:31 | INFO    | mediagrab          | _reconcile_cycle:946 | VC_RECONCILE_FOUND_MISSING chat_id=2333937461 title=
2026-09-26 01:39:31 | INFO    | mediagrab          | _reconcile_cycle:946 | VC_RECONCILE_FOUND_MISSING chat_id=1993596337 title=Трейд чатик Vespiol
2026-09-26 01:39:31 | DEBUG   | mediagrab          | _watchdog_loop:1740 | WATCHDOG: talkative handler not registered but effective_disabled source=dashboard_db — not retrying (admin disabled; v99.07 FIX-5)
2026-09-26 01:39:39 | INFO    | mediagrab          | _bot_heartbeat_loop:2840 | BOT_HEARTBEAT pid=7 uptime=17115s rss_mb=166 threads=50 fd=322/1024 joined_transports=20 join_queue=0 active_joins=0 memory_limit_mb=4506 resource_headroom_mb=4340 FD_CENSUS total=322 soft=1024 sockets=305 pipes=2 files=12 anon=2 other=1 MEM_CENSUS rss_mb=166 threads=50 fd=322/1024 joined_transports=20 joins=_global:J=13/F=0 acc_918335829278:J=6/F=0 acc_919006065076:J=1/F=0 (v98.05 FIX-FF liveness; v98.06 FIX-OO uptime epoch domain; v99.02 FIX-3 FD_CENSUS; v99.10 FIX-D MEM_CENSUS; v99.11 P0-1 single-%s safe emission + resource fields)
2026-09-26 01:39:43 | INFO    | mediagrab          | _vc_handle_vc_command:28929 | COMMAND_RECEIVED path=telethon cmd=tgid sender=7376851429 chat=-1003794439741
2026-09-26 01:40:00 | INFO    | mediagrab          | _vc_handle_vc_command:28929 | COMMAND_RECEIVED path=telethon cmd=. sender=8356310557 chat=-1002872778080
2026-09-26 01:40:01 | DEBUG   | mediagrab          | _mtproto_health_loop:5800 | MTProto health check: OK
2026-09-26 01:40:01 | INFO    | mediagrab          | _mtproto_health_loop:5864 | MTPROTO_GENERATION_STATE active=0 retiring=0 retired=0 poisoned=0 generation_sessions=0 live_clients=3
2026-09-26 01:40:31 | DEBUG   | mediagrab          | _mtproto_health_loop:5800 | MTProto health check: OK
2026-09-26 01:40:31 | INFO    | mediagrab          | _mtproto_health_loop:5864 | MTPROTO_GENERATION_STATE active=0 retiring=0 retired=0 poisoned=0 generation_sessions=0 live_clients=3
2026-09-26 01:40:31 | INFO    | mediagrab          | _reconcile_cycle:917 | VC_COVERAGE_RECONCILE_START active=40 joined=28 missing=12 retry_ready=0 persistent_retry_queue_total=0 persistent_retry_queue_ready=0
2026-09-26 01:40:31 | INFO    | mediagrab          | _reconcile_cycle:946 | VC_RECONCILE_FOUND_MISSING chat_id=1949746242 title=
2026-09-26 01:40:31 | INFO    | mediagrab          | _reconcile_cycle:946 | VC_RECONCILE_FOUND_MISSING chat_id=3717806820 title=
2026-09-26 01:40:31 | INFO    | mediagrab          | _reconcile_cycle:946 | VC_RECONCILE_FOUND_MISSING chat_id=3961210499 title=
2026-09-26 01:40:31 | INFO    | mediagrab          | _reconcile_cycle:946 | VC_RECONCILE_FOUND_MISSING chat_id=2144563093 title=
2026-09-26 01:40:31 | INFO    | mediagrab          | _reconcile_cycle:946 | VC_RECONCILE_FOUND_MISSING chat_id=2333937461 title=
2026-09-26 01:40:31 | INFO    | mediagrab          | _reconcile_cycle:946 | VC_RECONCILE_FOUND_MISSING chat_id=1993596337 title=Трейд чатик Vespiol
2026-09-26 01:40:31 | INFO    | mediagrab_bot.vc_arch | emit_budgets_heartbeat:1204 | VC_ARCH_BUDGETS_HEARTBEAT max_classification_in_flight=4 max_discovery_in_flight=4 max_dispatch_queue_depth=200 max_entity_resolution_in_flight=8 max_join_in_flight=3 max_reconcile_in_flight=4 negcache_max_entries=10000 retry_budget_per_window=25 retry_window_seconds=60 task_population_bound=5000
2026-09-26 01:40:31 | DEBUG   | mediagrab          | _watchdog_loop:1740 | WATCHDOG: talkative handler not registered but effective_disabled source=dashboard_db — not retrying (admin disabled; v99.07 FIX-5)
2026-09-26 01:40:33 | INFO    | mediagrab          | _vc_handle_vc_command:28929 | COMMAND_RECEIVED path=telethon cmd=claim@newsviewslavebot sender=7261104982 chat=-1003922758336
2026-09-26 01:40:39 | INFO    | mediagrab          | _bot_heartbeat_loop:2840 | BOT_HEARTBEAT pid=7 uptime=17175s rss_mb=166 threads=50 fd=325/1024 joined_transports=20 join_queue=0 active_joins=0 memory_limit_mb=4506 resource_headroom_mb=4339 FD_CENSUS total=325 soft=1024 sockets=307 pipes=2 files=13 anon=2 other=1 MEM_CENSUS rss_mb=166 threads=50 fd=325/1024 joined_transports=20 joins=_global:J=13/F=0 acc_918335829278:J=6/F=0 acc_919006065076:J=1/F=0 (v98.05 FIX-FF liveness; v98.06 FIX-OO uptime epoch domain; v99.02 FIX-3 FD_CENSUS; v99.10 FIX-D MEM_CENSUS; v99.11 P0-1 single-%s safe emission + resource fields)
2026-09-26 01:41:01 | DEBUG   | mediagrab          | _mtproto_health_loop:5800 | MTProto health check: OK
2026-09-26 01:41:01 | INFO    | mediagrab          | _mtproto_health_loop:5864 | MTPROTO_GENERATION_STATE active=0 retiring=0 retired=0 poisoned=0 generation_sessions=0 live_clients=3
2026-09-26 01:41:31 | DEBUG   | mediagrab          | _mtproto_health_loop:5800 | MTProto health check: OK
2026-09-26 01:41:31 | INFO    | mediagrab          | _mtproto_health_loop:5864 | MTPROTO_GENERATION_STATE active=0 retiring=0 retired=0 poisoned=0 generation_sessions=0 live_clients=3
2026-09-26 01:41:31 | INFO    | mediagrab          | _reconcile_cycle:917 | VC_COVERAGE_RECONCILE_START active=40 joined=28 missing=12 retry_ready=0 persistent_retry_queue_total=0 persistent_retry_queue_ready=0
2026-09-26 01:41:31 | INFO    | mediagrab          | _reconcile_cycle:946 | VC_RECONCILE_FOUND_MISSING chat_id=1949746242 title=
2026-09-26 01:41:31 | INFO    | mediagrab          | _reconcile_cycle:946 | VC_RECONCILE_FOUND_MISSING chat_id=3717806820 title=
2026-09-26 01:41:31 | INFO    | mediagrab          | _reconcile_cycle:946 | VC_RECONCILE_FOUND_MISSING chat_id=3961210499 title=
2026-09-26 01:41:31 | INFO    | mediagrab          | _reconcile_cycle:946 | VC_RECONCILE_FOUND_MISSING chat_id=2144563093 title=
2026-09-26 01:41:31 | INFO    | mediagrab          | _reconcile_cycle:946 | VC_RECONCILE_FOUND_MISSING chat_id=2333937461 title=
2026-09-26 01:41:31 | INFO    | mediagrab          | _reconcile_cycle:946 | VC_RECONCILE_FOUND_MISSING chat_id=1993596337 title=Трейд чатик Vespiol
2026-09-26 01:41:31 | DEBUG   | mediagrab          | _watchdog_loop:1740 | WATCHDOG: talkative handler not registered but effective_disabled source=dashboard_db — not retrying (admin disabled; v99.07 FIX-5)
2026-09-26 01:41:39 | INFO    | mediagrab          | _bot_heartbeat_loop:2840 | BOT_HEARTBEAT pid=7 uptime=17235s rss_mb=166 threads=50 fd=329/1024 joined_transports=20 join_queue=0 active_joins=0 memory_limit_mb=4506 resource_headroom_mb=4339 FD_CENSUS total=329 soft=1024 sockets=311 pipes=2 files=13 anon=2 other=1 MEM_CENSUS rss_mb=166 threads=50 fd=329/1024 joined_transports=20 joins=_global:J=13/F=0 acc_918335829278:J=6/F=0 acc_919006065076:J=1/F=0 (v98.05 FIX-FF liveness; v98.06 FIX-OO uptime epoch domain; v99.02 FIX-3 FD_CENSUS; v99.10 FIX-D MEM_CENSUS; v99.11 P0-1 single-%s safe emission + resource fields)
2026-09-26 01:42:01 | DEBUG   | mediagrab          | _mtproto_health_loop:5800 | MTProto health check: OK
2026-09-26 01:42:01 | INFO    | mediagrab          | _mtproto_health_loop:5864 | MTPROTO_GENERATION_STATE active=0 retiring=0 retired=0 poisoned=0 generation_sessions=0 live_clients=3
2026-09-26 01:42:31 | DEBUG   | mediagrab          | _mtproto_health_loop:5800 | MTProto health check: OK
2026-09-26 01:42:31 | INFO    | mediagrab          | _mtproto_health_loop:5864 | MTPROTO_GENERATION_STATE active=0 retiring=0 retired=0 poisoned=0 generation_sessions=0 live_clients=3
2026-09-26 01:42:31 | INFO    | mediagrab          | _reconcile_cycle:917 | VC_COVERAGE_RECONCILE_START active=40 joined=28 missing=12 retry_ready=0 persistent_retry_queue_total=0 persistent_retry_queue_ready=0
2026-09-26 01:42:31 | INFO    | mediagrab          | _reconcile_cycle:946 | VC_RECONCILE_FOUND_MISSING chat_id=1949746242 title=
2026-09-26 01:42:31 | INFO    | mediagrab          | _reconcile_cycle:946 | VC_RECONCILE_FOUND_MISSING chat_id=3717806820 title=
2026-09-26 01:42:31 | INFO    | mediagrab          | _reconcile_cycle:946 | VC_RECONCILE_FOUND_MISSING chat_id=3961210499 title=
2026-09-26 01:42:31 | INFO    | mediagrab          | _reconcile_cycle:946 | VC_RECONCILE_FOUND_MISSING chat_id=2144563093 title=
2026-09-26 01:42:31 | INFO    | mediagrab          | _reconcile_cycle:946 | VC_RECONCILE_FOUND_MISSING chat_id=2333937461 title=
2026-09-26 01:42:31 | INFO    | mediagrab          | _reconcile_cycle:946 | VC_RECONCILE_FOUND_MISSING chat_id=1993596337 title=Трейд чатик Vespiol
2026-09-26 01:42:31 | DEBUG   | mediagrab          | _watchdog_loop:1740 | WATCHDOG: talkative handler not registered but effective_disabled source=dashboard_db — not retrying (admin disabled; v99.07 FIX-5)
2026-09-26 01:42:39 | INFO    | mediagrab          | _bot_heartbeat_loop:2840 | BOT_HEARTBEAT pid=7 uptime=17295s rss_mb=166 threads=50 fd=328/1024 joined_transports=20 join_queue=0 active_joins=0 memory_limit_mb=4506 resource_headroom_mb=4339 FD_CENSUS total=328 soft=1024 sockets=311 pipes=2 files=12 anon=2 other=1 MEM_CENSUS rss_mb=166 threads=50 fd=328/1024 joined_transports=20 joins=_global:J=13/F=0 acc_918335829278:J=6/F=0 acc_919006065076:J=1/F=0 (v98.05 FIX-FF liveness; v98.06 FIX-OO uptime epoch domain; v99.02 FIX-3 FD_CENSUS; v99.10 FIX-D MEM_CENSUS; v99.11 P0-1 single-%s safe emission + resource fields)
2026-09-26 01:43:01 | DEBUG   | mediagrab          | _mtproto_health_loop:5800 | MTProto health check: OK
2026-09-26 01:43:01 | INFO    | mediagrab          | _mtproto_health_loop:5864 | MTPROTO_GENERATION_STATE active=0 retiring=0 retired=0 poisoned=0 generation_sessions=0 live_clients=3
2026-09-26 01:43:12 | INFO    | mediagrab          | vc_collect_capability_evidence:8673 | VC_MULTI_CAPABILITY classification=MULTI_TRANSPORT resolved_count=13 tracked_targets=34 telegram_present=16 leave_target_specific=True confidence=high contradictions=0
2026-09-26 01:43:12 | DEBUG   | mediagrab          | vc_verify_target:8855 | VC_RECONCILE_CLIENT chat_id=-1001949746242 account_id=global source=global_backend_bound
2026-09-26 01:43:12 | INFO    | mediagrab          | resolve_vc_entity:11974 | VC_ENTITY_RESOLVE_START chat_ref=-1001949746242 chat_id=-1001949746242 access_hash=yes
2026-09-26 01:43:12 | INFO    | mediagrab          | resolve_vc_entity:12075 | VC_ENTITY_RESOLVE_CACHE_HIT chat_id=-1001949746242
2026-09-26 01:43:12 | INFO    | mediagrab          | resolve_vc_entity:12076 | VC_ENTITY_RESOLVE_SUCCESS chat_id=-1001949746242 source=cache
2026-09-26 01:43:12 | INFO    | mediagrab          | resolve_vc_entity:12431 | ENTITY_RESOLVE_RPC_COUNT chat_id=-1001949746242 scope=acc_918335829278 rpcs=0 failed_rpcs=0 outcome=RESOLVED_FROM_CACHE duration_ms=0.2 (v98.10 §22)
2026-09-26 01:43:12 | DEBUG   | mediagrab          | cache_entity_scoped:2355 | ENTITY_CACHE_SCOPED account=acc_918335829278 entity_id=1949746242 source=vc_discovery scope=acc_918335829278 (v99 RC-C scope-annotated)
2026-09-26 01:43:12 | INFO    | mediagrab          | vc_detect_active_call:3098 | VC_ENTITY_DISCOVERED entity_id=1949746242 access_hash=<2432…> type=Channel
2026-09-26 01:43:12 | DEBUG   | mediagrab          | vc_verify_target:8965 | VC_PARTICIPATION_REDETECT_OK chat_id=-1001949746242 account_id=global detect_scope=acc_918335829278 source=cache reresolved=0 (v98.07 FIX-QQ)
2026-09-26 01:43:13 | WARNING | mediagrab          | vc_check_telegram_participation:7700 | VC_PARTICIPATION_TARGETED_EMPTY_STREAK chat_id=-1001949746242 call_id=-8374096343459726500 my_id=8624009332 streak=1/3 (v98.02 FIX-L: single/double targeted-empty is UNKNOWN — NOT destructive; awaiting 3 consecutive for absent) — broad scan truncated at 0/2000, targeted EMPTY
2026-09-26 01:43:13 | INFO    | mediagrab          | vc_verify_target:9136 | VC_PARTICIPATION_VERIFY chat_id=-1001949746242 locally_tracked=False telegram=unknown
2026-09-26 01:43:13 | INFO    | mediagrab          | vc_verify_target:9155 | VC_VERIFY_UNKNOWN chat_id=-1001949746242 locally_tracked=False telegram=unknown — explicit verification state (v99.11 P1; never a leave)
2026-09-26 01:43:13 | INFO    | mediagrab          | vc_reconcile_participations:9560 | VC_PARTICIPATION_UNKNOWN chat_id=-1001949746242 — preserving unknown state
2026-09-26 01:43:13 | INFO    | mediagrab          | vc_reconcile_participations:9645 | VC_REGISTRY_UPDATE_CONFIRMED chat_id=-1001949746242 classification=UNKNOWN
2026-09-26 01:43:13 | DEBUG   | mediagrab          | vc_verify_target:8855 | VC_RECONCILE_CLIENT chat_id=1949746242 account_id=acc_918335829278 source=account:acc_918335829278
2026-09-26 01:43:13 | INFO    | mediagrab          | resolve_vc_entity:11974 | VC_ENTITY_RESOLVE_START chat_ref=-1001949746242 chat_id=-1001949746242 access_hash=yes
2026-09-26 01:43:13 | INFO    | mediagrab          | resolve_vc_entity:12075 | VC_ENTITY_RESOLVE_CACHE_HIT chat_id=-1001949746242
2026-09-26 01:43:13 | INFO    | mediagrab          | resolve_vc_entity:12076 | VC_ENTITY_RESOLVE_SUCCESS chat_id=-1001949746242 source=cache
2026-09-26 01:43:13 | INFO    | mediagrab          | resolve_vc_entity:12431 | ENTITY_RESOLVE_RPC_COUNT chat_id=-1001949746242 scope=acc_918335829278 rpcs=0 failed_rpcs=0 outcome=RESOLVED_FROM_CACHE duration_ms=0.1 (v98.10 §22)
2026-09-26 01:43:13 | DEBUG   | mediagrab          | cache_entity_scoped:2355 | ENTITY_CACHE_SCOPED account=acc_918335829278 entity_id=1949746242 source=vc_discovery scope=acc_918335829278 (v99 RC-C scope-annotated)
2026-09-26 01:43:13 | INFO    | mediagrab          | vc_detect_active_call:3098 | VC_ENTITY_DISCOVERED entity_id=1949746242 access_hash=<2432…> type=Channel
2026-09-26 01:43:13 | DEBUG   | mediagrab          | vc_verify_target:8965 | VC_PARTICIPATION_REDETECT_OK chat_id=1949746242 account_id=acc_918335829278 detect_scope=acc_918335829278 source=cache reresolved=0 (v98.07 FIX-QQ)
2026-09-26 01:43:13 | WARNING | mediagrab          | vc_check_telegram_participation:7700 | VC_PARTICIPATION_TARGETED_EMPTY_STREAK chat_id=1949746242 call_id=-8374096343459726500 my_id=8624009332 streak=1/3 (v98.02 FIX-L: single/double targeted-empty is UNKNOWN — NOT destructive; awaiting 3 consecutive for absent) — broad scan truncated at 0/2000, targeted EMPTY
2026-09-26 01:43:13 | INFO    | mediagrab          | vc_verify_target:9136 | VC_PARTICIPATION_VERIFY chat_id=1949746242 locally_tracked=False telegram=unknown
2026-09-26 01:43:13 | INFO    | mediagrab          | vc_verify_target:9155 | VC_VERIFY_UNKNOWN chat_id=1949746242 locally_tracked=False telegram=unknown — explicit verification state (v99.11 P1; never a leave)
2026-09-26 01:43:13 | INFO    | mediagrab          | vc_reconcile_participations:9560 | VC_PARTICIPATION_UNKNOWN chat_id=1949746242 — preserving unknown state
2026-09-26 01:43:13 | INFO    | mediagrab          | vc_reconcile_participations:9645 | VC_REGISTRY_UPDATE_CONFIRMED chat_id=1949746242 classification=UNKNOWN
2026-09-26 01:43:13 | DEBUG   | mediagrab          | vc_verify_target:8730 | VC_RECONCILE_SKIP_COOLDOWN chat_id=-1003717806820 remaining=1163s — recently confirmed dead
2026-09-26 01:43:13 | INFO    | mediagrab          | vc_reconcile_participations:9645 | VC_REGISTRY_UPDATE_CONFIRMED chat_id=-1003717806820 classification=UNKNOWN
2026-09-26 01:43:13 | DEBUG   | mediagrab          | vc_verify_target:8730 | VC_RECONCILE_SKIP_COOLDOWN chat_id=3717806820 remaining=1163s — recently confirmed dead
2026-09-26 01:43:13 | INFO    | mediagrab          | vc_reconcile_participations:9645 | VC_REGISTRY_UPDATE_CONFIRMED chat_id=3717806820 classification=UNKNOWN
2026-09-26 01:43:13 | DEBUG   | mediagrab          | vc_verify_target:8855 | VC_RECONCILE_CLIENT chat_id=-1004493954490 account_id=global source=global_backend_bound
2026-09-26 01:43:13 | INFO    | mediagrab          | resolve_vc_entity:11974 | VC_ENTITY_RESOLVE_START chat_ref=-1004493954490 chat_id=-1004493954490 access_hash=yes
2026-09-26 01:43:13 | INFO    | mediagrab          | resolve_vc_entity:12075 | VC_ENTITY_RESOLVE_CACHE_HIT chat_id=-1004493954490
2026-09-26 01:43:13 | INFO    | mediagrab          | resolve_vc_entity:12076 | VC_ENTITY_RESOLVE_SUCCESS chat_id=-1004493954490 source=cache
2026-09-26 01:43:13 | INFO    | mediagrab          | resolve_vc_entity:12431 | ENTITY_RESOLVE_RPC_COUNT chat_id=-1004493954490 scope=acc_918335829278 rpcs=0 failed_rpcs=0 outcome=RESOLVED_FROM_CACHE duration_ms=0.1 (v98.10 §22)
2026-09-26 01:43:14 | DEBUG   | mediagrab          | cache_entity_scoped:2355 | ENTITY_CACHE_SCOPED account=acc_918335829278 entity_id=4493954490 source=vc_discovery scope=acc_918335829278 (v99 RC-C scope-annotated)
2026-09-26 01:43:14 | INFO    | mediagrab          | vc_detect_active_call:3098 | VC_ENTITY_DISCOVERED entity_id=4493954490 access_hash=<1521…> type=Channel
2026-09-26 01:43:14 | DEBUG   | mediagrab          | vc_verify_target:8965 | VC_PARTICIPATION_REDETECT_OK chat_id=-1004493954490 account_id=global detect_scope=acc_918335829278 source=cache reresolved=0 (v98.07 FIX-QQ)
2026-09-26 01:43:14 | INFO    | mediagrab          | vc_check_telegram_participation:7443 | VC_PARTICIPATION_PRESENT chat_id=-1004493954490 call_id=-854643486267583587 my_id=8624009332 pages=1 inspected=1 complete=yes server_count=None participant=[peer=PeerUser(8624009332) flags=is_self,muted,video_joined source=1809589421]
2026-09-26 01:43:14 | INFO    | mediagrab          | vc_verify_target:9136 | VC_PARTICIPATION_VERIFY chat_id=-1004493954490 locally_tracked=False telegram=present
2026-09-26 01:43:14 | INFO    | mediagrab          | vc_verify_target:9155 | VC_VERIFY_MEMBER chat_id=-1004493954490 locally_tracked=False telegram=present — explicit verification state (v99.11 P1; never a leave)
2026-09-26 01:43:14 | INFO    | mediagrab          | vc_reconcile_participations:9645 | VC_REGISTRY_UPDATE_CONFIRMED chat_id=-1004493954490 classification=PARTICIPATING_UNTRACKED
2026-09-26 01:43:14 | DEBUG   | mediagrab          | vc_verify_target:8855 | VC_RECONCILE_CLIENT chat_id=4493954490 account_id=(none) source=primary_legacy
2026-09-26 01:43:14 | INFO    | mediagrab          | resolve_vc_entity:11974 | VC_ENTITY_RESOLVE_START chat_ref=-1004493954490 chat_id=-1004493954490 access_hash=yes
2026-09-26 01:43:14 | INFO    | mediagrab          | resolve_vc_entity:12075 | VC_ENTITY_RESOLVE_CACHE_HIT chat_id=-1004493954490
2026-09-26 01:43:14 | INFO    | mediagrab          | resolve_vc_entity:12076 | VC_ENTITY_RESOLVE_SUCCESS chat_id=-1004493954490 source=cache
2026-09-26 01:43:14 | INFO    | mediagrab          | resolve_vc_entity:12431 | ENTITY_RESOLVE_RPC_COUNT chat_id=-1004493954490 scope=acc_918335829278 rpcs=0 failed_rpcs=0 outcome=RESOLVED_FROM_CACHE duration_ms=0.2 (v98.10 §22)
2026-09-26 01:43:14 | DEBUG   | mediagrab          | cache_entity_scoped:2355 | ENTITY_CACHE_SCOPED account=acc_918335829278 entity_id=4493954490 source=vc_discovery scope=acc_918335829278 (v99 RC-C scope-annotated)
2026-09-26 01:43:14 | INFO    | mediagrab          | vc_detect_active_call:3098 | VC_ENTITY_DISCOVERED entity_id=4493954490 access_hash=<1521…> type=Channel
2026-09-26 01:43:14 | DEBUG   | mediagrab          | vc_verify_target:8965 | VC_PARTICIPATION_REDETECT_OK chat_id=4493954490 account_id=(none) detect_scope=acc_918335829278 source=cache reresolved=0 (v98.07 FIX-QQ)
2026-09-26 01:43:14 | INFO    | mediagrab          | vc_check_telegram_participation:7443 | VC_PARTICIPATION_PRESENT chat_id=4493954490 call_id=-854643486267583587 my_id=8624009332 pages=1 inspected=1 complete=yes server_count=None participant=[peer=PeerUser(8624009332) flags=is_self,muted,video_joined source=1809589421]
2026-09-26 01:43:14 | INFO    | mediagrab          | vc_verify_target:9136 | VC_PARTICIPATION_VERIFY chat_id=4493954490 locally_tracked=False telegram=present
2026-09-26 01:43:14 | INFO    | mediagrab          | vc_verify_target:9155 | VC_VERIFY_MEMBER chat_id=4493954490 locally_tracked=False telegram=present — explicit verification state (v99.11 P1; never a leave)
2026-09-26 01:43:14 | INFO    | mediagrab          | vc_reconcile_participations:9645 | VC_REGISTRY_UPDATE_CONFIRMED chat_id=4493954490 classification=PARTICIPATING_UNTRACKED
2026-09-26 01:43:14 | DEBUG   | mediagrab          | vc_verify_target:8855 | VC_RECONCILE_CLIENT chat_id=-1001741660162 account_id=global source=global_backend_bound
2026-09-26 01:43:14 | INFO    | mediagrab          | resolve_vc_entity:11974 | VC_ENTITY_RESOLVE_START chat_ref=-1001741660162 chat_id=-1001741660162 access_hash=yes
2026-09-26 01:43:14 | INFO    | mediagrab          | resolve_vc_entity:12075 | VC_ENTITY_RESOLVE_CACHE_HIT chat_id=-1001741660162
2026-09-26 01:43:14 | INFO    | mediagrab          | resolve_vc_entity:12076 | VC_ENTITY_RESOLVE_SUCCESS chat_id=-1001741660162 source=cache
2026-09-26 01:43:14 | INFO    | mediagrab          | resolve_vc_entity:12431 | ENTITY_RESOLVE_RPC_COUNT chat_id=-1001741660162 scope=acc_918335829278 rpcs=0 failed_rpcs=0 outcome=RESOLVED_FROM_CACHE duration_ms=0.3 (v98.10 §22)
2026-09-26 01:43:15 | DEBUG   | mediagrab          | cache_entity_scoped:2355 | ENTITY_CACHE_SCOPED account=acc_918335829278 entity_id=1741660162 source=vc_discovery scope=acc_918335829278 (v99 RC-C scope-annotated)
2026-09-26 01:43:15 | INFO    | mediagrab          | vc_detect_active_call:3098 | VC_ENTITY_DISCOVERED entity_id=1741660162 access_hash=<-409…> type=Channel
2026-09-26 01:43:15 | DEBUG   | mediagrab          | vc_verify_target:8965 | VC_PARTICIPATION_REDETECT_OK chat_id=-1001741660162 account_id=global detect_scope=acc_918335829278 source=cache reresolved=0 (v98.07 FIX-QQ)
2026-09-26 01:43:15 | INFO    | mediagrab          | vc_check_telegram_participation:7443 | VC_PARTICIPATION_PRESENT chat_id=-1001741660162 call_id=-7480373434596124204 my_id=8624009332 pages=1 inspected=1 complete=yes server_count=None participant=[peer=PeerUser(8624009332) flags=is_self,muted,video_joined source=1709522862]
2026-09-26 01:43:15 | INFO    | mediagrab          | vc_verify_target:9136 | VC_PARTICIPATION_VERIFY chat_id=-1001741660162 locally_tracked=False telegram=present
2026-09-26 01:43:15 | INFO    | mediagrab          | vc_verify_target:9155 | VC_VERIFY_MEMBER chat_id=-1001741660162 locally_tracked=False telegram=present — explicit verification state (v99.11 P1; never a leave)
2026-09-26 01:43:15 | INFO    | mediagrab          | vc_reconcile_participations:9645 | VC_REGISTRY_UPDATE_CONFIRMED chat_id=-1001741660162 classification=PARTICIPATING_UNTRACKED
2026-09-26 01:43:15 | DEBUG   | mediagrab          | vc_verify_target:8855 | VC_RECONCILE_CLIENT chat_id=1741660162 account_id=(none) source=primary_legacy
2026-09-26 01:43:15 | INFO    | mediagrab          | resolve_vc_entity:11974 | VC_ENTITY_RESOLVE_START chat_ref=-1001741660162 chat_id=-1001741660162 access_hash=yes
2026-09-26 01:43:15 | INFO    | mediagrab          | resolve_vc_entity:12075 | VC_ENTITY_RESOLVE_CACHE_HIT chat_id=-1001741660162
2026-09-26 01:43:15 | INFO    | mediagrab          | resolve_vc_entity:12076 | VC_ENTITY_RESOLVE_SUCCESS chat_id=-1001741660162 source=cache
2026-09-26 01:43:15 | INFO    | mediagrab          | resolve_vc_entity:12431 | ENTITY_RESOLVE_RPC_COUNT chat_id=-1001741660162 scope=acc_918335829278 rpcs=0 failed_rpcs=0 outcome=RESOLVED_FROM_CACHE duration_ms=0.1 (v98.10 §22)
2026-09-26 01:43:15 | DEBUG   | mediagrab          | cache_entity_scoped:2355 | ENTITY_CACHE_SCOPED account=acc_918335829278 entity_id=1741660162 source=vc_discovery scope=acc_918335829278 (v99 RC-C scope-annotated)
2026-09-26 01:43:15 | INFO    | mediagrab          | vc_detect_active_call:3098 | VC_ENTITY_DISCOVERED entity_id=1741660162 access_hash=<-409…> type=Channel
2026-09-26 01:43:15 | DEBUG   | mediagrab          | vc_verify_target:8965 | VC_PARTICIPATION_REDETECT_OK chat_id=1741660162 account_id=(none) detect_scope=acc_918335829278 source=cache reresolved=0 (v98.07 FIX-QQ)
2026-09-26 01:43:15 | INFO    | mediagrab          | vc_check_telegram_participation:7443 | VC_PARTICIPATION_PRESENT chat_id=1741660162 call_id=-7480373434596124204 my_id=8624009332 pages=1 inspected=1 complete=yes server_count=None participant=[peer=PeerUser(8624009332) flags=is_self,muted,video_joined source=1709522862]
2026-09-26 01:43:15 | INFO    | mediagrab          | vc_verify_target:9136 | VC_PARTICIPATION_VERIFY chat_id=1741660162 locally_tracked=False telegram=present
2026-09-26 01:43:15 | INFO    | mediagrab          | vc_verify_target:9155 | VC_VERIFY_MEMBER chat_id=1741660162 locally_tracked=False telegram=present — explicit verification state (v99.11 P1; never a leave)
2026-09-26 01:43:15 | INFO    | mediagrab          | vc_reconcile_participations:9645 | VC_REGISTRY_UPDATE_CONFIRMED chat_id=1741660162 classification=PARTICIPATING_UNTRACKED
2026-09-26 01:43:15 | DEBUG   | mediagrab          | vc_verify_target:8855 | VC_RECONCILE_CLIENT chat_id=-1003957856246 account_id=global source=global_backend_bound
2026-09-26 01:43:15 | INFO    | mediagrab          | resolve_vc_entity:11974 | VC_ENTITY_RESOLVE_START chat_ref=-1003957856246 chat_id=-1003957856246 access_hash=yes
2026-09-26 01:43:15 | INFO    | mediagrab          | resolve_vc_entity:12075 | VC_ENTITY_RESOLVE_CACHE_HIT chat_id=-1003957856246
2026-09-26 01:43:15 | INFO    | mediagrab          | resolve_vc_entity:12076 | VC_ENTITY_RESOLVE_SUCCESS chat_id=-1003957856246 source=cache
2026-09-26 01:43:15 | INFO    | mediagrab          | resolve_vc_entity:12431 | ENTITY_RESOLVE_RPC_COUNT chat_id=-1003957856246 scope=acc_918335829278 rpcs=0 failed_rpcs=0 outcome=RESOLVED_FROM_CACHE duration_ms=0.6 (v98.10 §22)
2026-09-26 01:43:16 | DEBUG   | mediagrab          | cache_entity_scoped:2355 | ENTITY_CACHE_SCOPED account=acc_918335829278 entity_id=3957856246 source=vc_discovery scope=acc_918335829278 (v99 RC-C scope-annotated)
2026-09-26 01:43:16 | INFO    | mediagrab          | vc_detect_active_call:3098 | VC_ENTITY_DISCOVERED entity_id=3957856246 access_hash=<-733…> type=Channel
2026-09-26 01:43:16 | DEBUG   | mediagrab          | vc_verify_target:8965 | VC_PARTICIPATION_REDETECT_OK chat_id=-1003957856246 account_id=global detect_scope=acc_918335829278 source=cache reresolved=0 (v98.07 FIX-QQ)
2026-09-26 01:43:16 | INFO    | mediagrab          | vc_check_telegram_participation:7443 | VC_PARTICIPATION_PRESENT chat_id=-1003957856246 call_id=-7775491097696072747 my_id=8624009332 pages=1 inspected=1 complete=yes server_count=None participant=[peer=PeerUser(8624009332) flags=is_self,muted,video_joined source=1207408936]
2026-09-26 01:43:16 | INFO    | mediagrab          | vc_verify_target:9136 | VC_PARTICIPATION_VERIFY chat_id=-1003957856246 locally_tracked=False telegram=present
2026-09-26 01:43:16 | INFO    | mediagrab          | vc_verify_target:9155 | VC_VERIFY_MEMBER chat_id=-1003957856246 locally_tracked=False telegram=present — explicit verification state (v99.11 P1; never a leave)
2026-09-26 01:43:16 | INFO    | mediagrab          | vc_reconcile_participations:9645 | VC_REGISTRY_UPDATE_CONFIRMED chat_id=-1003957856246 classification=PARTICIPATING_UNTRACKED
2026-09-26 01:43:16 | DEBUG   | mediagrab          | vc_verify_target:8855 | VC_RECONCILE_CLIENT chat_id=3957856246 account_id=(none) source=primary_legacy
2026-09-26 01:43:16 | INFO    | mediagrab          | resolve_vc_entity:11974 | VC_ENTITY_RESOLVE_START chat_ref=-1003957856246 chat_id=-1003957856246 access_hash=yes
2026-09-26 01:43:16 | INFO    | mediagrab          | resolve_vc_entity:12075 | VC_ENTITY_RESOLVE_CACHE_HIT chat_id=-1003957856246
2026-09-26 01:43:16 | INFO    | mediagrab          | resolve_vc_entity:12076 | VC_ENTITY_RESOLVE_SUCCESS chat_id=-1003957856246 source=cache
2026-09-26 01:43:16 | INFO    | mediagrab          | resolve_vc_entity:12431 | ENTITY_RESOLVE_RPC_COUNT chat_id=-1003957856246 scope=acc_918335829278 rpcs=0 failed_rpcs=0 outcome=RESOLVED_FROM_CACHE duration_ms=0.8 (v98.10 §22)
2026-09-26 01:43:16 | DEBUG   | mediagrab          | cache_entity_scoped:2355 | ENTITY_CACHE_SCOPED account=acc_918335829278 entity_id=3957856246 source=vc_discovery scope=acc_918335829278 (v99 RC-C scope-annotated)
2026-09-26 01:43:16 | INFO    | mediagrab          | vc_detect_active_call:3098 | VC_ENTITY_DISCOVERED entity_id=3957856246 access_hash=<-733…> type=Channel
2026-09-26 01:43:16 | DEBUG   | mediagrab          | vc_verify_target:8965 | VC_PARTICIPATION_REDETECT_OK chat_id=3957856246 account_id=(none) detect_scope=acc_918335829278 source=cache reresolved=0 (v98.07 FIX-QQ)
2026-09-26 01:43:16 | INFO    | mediagrab          | vc_check_telegram_participation:7443 | VC_PARTICIPATION_PRESENT chat_id=3957856246 call_id=-7775491097696072747 my_id=8624009332 pages=1 inspected=1 complete=yes server_count=None participant=[peer=PeerUser(8624009332) flags=is_self,muted,video_joined source=1207408936]
2026-09-26 01:43:16 | INFO    | mediagrab          | vc_verify_target:9136 | VC_PARTICIPATION_VERIFY chat_id=3957856246 locally_tracked=False telegram=present
2026-09-26 01:43:16 | INFO    | mediagrab          | vc_verify_target:9155 | VC_VERIFY_MEMBER chat_id=3957856246 locally_tracked=False telegram=present — explicit verification state (v99.11 P1; never a leave)
2026-09-26 01:43:16 | INFO    | mediagrab          | vc_reconcile_participations:9645 | VC_REGISTRY_UPDATE_CONFIRMED chat_id=3957856246 classification=PARTICIPATING_UNTRACKED
2026-09-26 01:43:16 | DEBUG   | mediagrab          | vc_verify_target:8730 | VC_RECONCILE_SKIP_COOLDOWN chat_id=-1003961210499 remaining=526s — recently confirmed dead
2026-09-26 01:43:16 | INFO    | mediagrab          | vc_reconcile_participations:9645 | VC_REGISTRY_UPDATE_CONFIRMED chat_id=-1003961210499 classification=UNKNOWN
2026-09-26 01:43:16 | DEBUG   | mediagrab          | vc_verify_target:8730 | VC_RECONCILE_SKIP_COOLDOWN chat_id=3961210499 remaining=527s — recently confirmed dead
2026-09-26 01:43:16 | INFO    | mediagrab          | vc_reconcile_participations:9645 | VC_REGISTRY_UPDATE_CONFIRMED chat_id=3961210499 classification=UNKNOWN
2026-09-26 01:43:16 | DEBUG   | mediagrab          | vc_verify_target:8855 | VC_RECONCILE_CLIENT chat_id=-1002144563093 account_id=acc_919006065076 source=account:acc_919006065076
2026-09-26 01:43:16 | INFO    | mediagrab          | resolve_vc_entity:11974 | VC_ENTITY_RESOLVE_START chat_ref=-1002144563093 chat_id=-1002144563093 access_hash=yes
2026-09-26 01:43:16 | INFO    | mediagrab          | resolve_vc_entity:12075 | VC_ENTITY_RESOLVE_CACHE_HIT chat_id=-1002144563093
2026-09-26 01:43:16 | INFO    | mediagrab          | resolve_vc_entity:12076 | VC_ENTITY_RESOLVE_SUCCESS chat_id=-1002144563093 source=cache
2026-09-26 01:43:16 | INFO    | mediagrab          | resolve_vc_entity:12431 | ENTITY_RESOLVE_RPC_COUNT chat_id=-1002144563093 scope=acc_919006065076 rpcs=0 failed_rpcs=0 outcome=RESOLVED_FROM_CACHE duration_ms=0.1 (v98.10 §22)
2026-09-26 01:43:17 | DEBUG   | mediagrab          | cache_entity_scoped:2355 | ENTITY_CACHE_SCOPED account=acc_919006065076 entity_id=2144563093 source=vc_discovery scope=acc_919006065076 (v99 RC-C scope-annotated)
2026-09-26 01:43:17 | INFO    | mediagrab          | vc_detect_active_call:3098 | VC_ENTITY_DISCOVERED entity_id=2144563093 access_hash=<-106…> type=Channel
2026-09-26 01:43:17 | DEBUG   | mediagrab          | vc_verify_target:8965 | VC_PARTICIPATION_REDETECT_OK chat_id=-1002144563093 account_id=acc_919006065076 detect_scope=acc_919006065076 source=cache reresolved=0 (v98.07 FIX-QQ)
2026-09-26 01:43:17 | WARNING | mediagrab          | vc_check_telegram_participation:7700 | VC_PARTICIPATION_TARGETED_EMPTY_STREAK chat_id=-1002144563093 call_id=-9210828346574712743 my_id=8699582859 streak=1/3 (v98.02 FIX-L: single/double targeted-empty is UNKNOWN — NOT destructive; awaiting 3 consecutive for absent) — broad scan truncated at 0/2000, targeted EMPTY
2026-09-26 01:43:17 | INFO    | mediagrab          | vc_verify_target:9136 | VC_PARTICIPATION_VERIFY chat_id=-1002144563093 locally_tracked=False telegram=unknown
2026-09-26 01:43:17 | INFO    | mediagrab          | vc_verify_target:9155 | VC_VERIFY_UNKNOWN chat_id=-1002144563093 locally_tracked=False telegram=unknown — explicit verification state (v99.11 P1; never a leave)
2026-09-26 01:43:17 | INFO    | mediagrab          | vc_reconcile_participations:9560 | VC_PARTICIPATION_UNKNOWN chat_id=-1002144563093 — preserving unknown state
2026-09-26 01:43:17 | INFO    | mediagrab          | vc_reconcile_participations:9645 | VC_REGISTRY_UPDATE_CONFIRMED chat_id=-1002144563093 classification=UNKNOWN
2026-09-26 01:43:17 | DEBUG   | mediagrab          | vc_verify_target:8855 | VC_RECONCILE_CLIENT chat_id=2144563093 account_id=acc_919006065076 source=account:acc_919006065076
2026-09-26 01:43:17 | INFO    | mediagrab          | resolve_vc_entity:11974 | VC_ENTITY_RESOLVE_START chat_ref=-1002144563093 chat_id=-1002144563093 access_hash=yes
2026-09-26 01:43:17 | INFO    | mediagrab          | resolve_vc_entity:12075 | VC_ENTITY_RESOLVE_CACHE_HIT chat_id=-1002144563093
2026-09-26 01:43:17 | INFO    | mediagrab          | resolve_vc_entity:12076 | VC_ENTITY_RESOLVE_SUCCESS chat_id=-1002144563093 source=cache
2026-09-26 01:43:17 | INFO    | mediagrab          | resolve_vc_entity:12431 | ENTITY_RESOLVE_RPC_COUNT chat_id=-1002144563093 scope=acc_919006065076 rpcs=0 failed_rpcs=0 outcome=RESOLVED_FROM_CACHE duration_ms=0.1 (v98.10 §22)
2026-09-26 01:43:17 | DEBUG   | mediagrab          | cache_entity_scoped:2355 | ENTITY_CACHE_SCOPED account=acc_919006065076 entity_id=2144563093 source=vc_discovery scope=acc_919006065076 (v99 RC-C scope-annotated)
2026-09-26 01:43:17 | INFO    | mediagrab          | vc_detect_active_call:3098 | VC_ENTITY_DISCOVERED entity_id=2144563093 access_hash=<-106…> type=Channel
2026-09-26 01:43:17 | DEBUG   | mediagrab          | vc_verify_target:8965 | VC_PARTICIPATION_REDETECT_OK chat_id=2144563093 account_id=acc_919006065076 detect_scope=acc_919006065076 source=cache reresolved=0 (v98.07 FIX-QQ)
2026-09-26 01:43:18 | WARNING | mediagrab          | vc_check_telegram_participation:7700 | VC_PARTICIPATION_TARGETED_EMPTY_STREAK chat_id=2144563093 call_id=-9210828346574712743 my_id=8699582859 streak=1/3 (v98.02 FIX-L: single/double targeted-empty is UNKNOWN — NOT destructive; awaiting 3 consecutive for absent) — broad scan truncated at 0/2000, targeted EMPTY
2026-09-26 01:43:18 | INFO    | mediagrab          | vc_verify_target:9136 | VC_PARTICIPATION_VERIFY chat_id=2144563093 locally_tracked=False telegram=unknown
2026-09-26 01:43:18 | INFO    | mediagrab          | vc_verify_target:9155 | VC_VERIFY_UNKNOWN chat_id=2144563093 locally_tracked=False telegram=unknown — explicit verification state (v99.11 P1; never a leave)
2026-09-26 01:43:18 | INFO    | mediagrab          | vc_reconcile_participations:9560 | VC_PARTICIPATION_UNKNOWN chat_id=2144563093 — preserving unknown state
2026-09-26 01:43:18 | INFO    | mediagrab          | vc_reconcile_participations:9645 | VC_REGISTRY_UPDATE_CONFIRMED chat_id=2144563093 classification=UNKNOWN
2026-09-26 01:43:18 | DEBUG   | mediagrab          | vc_verify_target:8855 | VC_RECONCILE_CLIENT chat_id=-1003875970076 account_id=global source=global_backend_bound
2026-09-26 01:43:18 | INFO    | mediagrab          | resolve_vc_entity:11974 | VC_ENTITY_RESOLVE_START chat_ref=-1003875970076 chat_id=-1003875970076 access_hash=yes
2026-09-26 01:43:18 | INFO    | mediagrab          | resolve_vc_entity:12075 | VC_ENTITY_RESOLVE_CACHE_HIT chat_id=-1003875970076
2026-09-26 01:43:18 | INFO    | mediagrab          | resolve_vc_entity:12076 | VC_ENTITY_RESOLVE_SUCCESS chat_id=-1003875970076 source=cache
2026-09-26 01:43:18 | INFO    | mediagrab          | resolve_vc_entity:12431 | ENTITY_RESOLVE_RPC_COUNT chat_id=-1003875970076 scope=acc_918335829278 rpcs=0 failed_rpcs=0 outcome=RESOLVED_FROM_CACHE duration_ms=0.1 (v98.10 §22)
2026-09-26 01:43:18 | DEBUG   | mediagrab          | cache_entity_scoped:2355 | ENTITY_CACHE_SCOPED account=acc_918335829278 entity_id=3875970076 source=vc_discovery scope=acc_918335829278 (v99 RC-C scope-annotated)
2026-09-26 01:43:18 | INFO    | mediagrab          | vc_detect_active_call:3098 | VC_ENTITY_DISCOVERED entity_id=3875970076 access_hash=<-994…> type=Channel
2026-09-26 01:43:18 | DEBUG   | mediagrab          | vc_verify_target:8965 | VC_PARTICIPATION_REDETECT_OK chat_id=-1003875970076 account_id=global detect_scope=acc_918335829278 source=cache reresolved=0 (v98.07 FIX-QQ)
2026-09-26 01:43:18 | INFO    | mediagrab          | vc_check_telegram_participation:7443 | VC_PARTICIPATION_PRESENT chat_id=-1003875970076 call_id=-7423792675553208312 my_id=8624009332 pages=1 inspected=1 complete=yes server_count=None participant=[peer=PeerUser(8624009332) flags=is_self,muted,video_joined source=380782009]
2026-09-26 01:43:18 | INFO    | mediagrab          | vc_verify_target:9136 | VC_PARTICIPATION_VERIFY chat_id=-1003875970076 locally_tracked=False telegram=present
2026-09-26 01:43:18 | INFO    | mediagrab          | vc_verify_target:9155 | VC_VERIFY_MEMBER chat_id=-1003875970076 locally_tracked=False telegram=present — explicit verification state (v99.11 P1; never a leave)
2026-09-26 01:43:18 | INFO    | mediagrab          | vc_reconcile_participations:9645 | VC_REGISTRY_UPDATE_CONFIRMED chat_id=-1003875970076 classification=PARTICIPATING_UNTRACKED
2026-09-26 01:43:18 | DEBUG   | mediagrab          | vc_verify_target:8855 | VC_RECONCILE_CLIENT chat_id=3875970076 account_id=acc_919006065076 source=account:acc_919006065076
2026-09-26 01:43:18 | INFO    | mediagrab          | resolve_vc_entity:11974 | VC_ENTITY_RESOLVE_START chat_ref=-1003875970076 chat_id=-1003875970076 access_hash=yes
2026-09-26 01:43:18 | WARNING | mediagrab          | resolve_vc_entity:12062 | VC_HASH_SCOPE_MISMATCH chat_id=-1003875970076 entry_scope=acc_918335829278 consumer_scope=acc_919006065076 — skipping cache hit, re-resolving for this client (v98.07 FIX-QQ)
2026-09-26 01:43:18 | INFO    | mediagrab          | _v9810_scope_route:11809 | ENTITY_RESOLVE_ACCOUNT_SWITCH chat_id=-1003875970076 from_scope=acc_919006065076 to_account=acc_918335829278 reason=known_good_scope verified_at=1s ago (v98.10 §15 Step 0c — targeted routing, not a blind rotation)
2026-09-26 01:43:18 | INFO    | mediagrab          | _v9810_scope_route:11837 | ENTITY_RESOLVE_CACHE_HIT chat_id=-1003875970076 scope=acc_918335829278 source=scope_state age=1s (v98.10 §15 Step 0c — fresh known-good object, 0 RPCs)
2026-09-26 01:43:18 | INFO    | mediagrab          | resolve_vc_entity:12431 | ENTITY_RESOLVE_RPC_COUNT chat_id=-1003875970076 scope=acc_919006065076 rpcs=0 failed_rpcs=0 outcome=RESOLVED_VIA_ROTATION duration_ms=0.3 (v98.10 §22)
2026-09-26 01:43:19 | DEBUG   | mediagrab          | cache_entity_scoped:2355 | ENTITY_CACHE_SCOPED account=acc_918335829278 entity_id=3875970076 source=vc_discovery scope=acc_918335829278 (v99 RC-C scope-annotated)
2026-09-26 01:43:19 | INFO    | mediagrab          | vc_detect_active_call:3098 | VC_ENTITY_DISCOVERED entity_id=3875970076 access_hash=<-994…> type=Channel
2026-09-26 01:43:19 | DEBUG   | mediagrab          | vc_verify_target:8965 | VC_PARTICIPATION_REDETECT_OK chat_id=3875970076 account_id=acc_919006065076 detect_scope=acc_918335829278 source=account_rotation:acc_918335829278 reresolved=0 (v98.07 FIX-QQ)
2026-09-26 01:43:19 | INFO    | mediagrab          | vc_check_telegram_participation:7356 | VC_PARTICIPATION_STALE_CALL chat_id=3875970076 call_id=-7423792675553208312 exc=GroupcallInvalidError — the queried (id, access_hash) pair is NOT a live call: STALE CALL IDENTITY, returning unknown (NOT absent; the pipeline re-detects the current pair and re-verifies) (v99.05 RC-F4)
2026-09-26 01:43:19 | INFO    | mediagrab          | vc_check_telegram_participation:7370 | VC_VERIFY_STALE_IDENTITY chat_id=3875970076 call_id=-7423792675553208312 — detect stale identity → re-resolve current pair → verify → atomically update cache; existing healthy transport PRESERVED (never a leave; v99.11 P1)
2026-09-26 01:43:19 | INFO    | mediagrab          | vc_verify_target:9136 | VC_PARTICIPATION_VERIFY chat_id=3875970076 locally_tracked=False telegram=unknown
2026-09-26 01:43:19 | INFO    | mediagrab          | vc_verify_target:9155 | VC_VERIFY_UNKNOWN chat_id=3875970076 locally_tracked=False telegram=unknown — explicit verification state (v99.11 P1; never a leave)
2026-09-26 01:43:19 | INFO    | mediagrab          | vc_reconcile_participations:9560 | VC_PARTICIPATION_UNKNOWN chat_id=3875970076 — preserving unknown state
2026-09-26 01:43:19 | INFO    | mediagrab          | vc_reconcile_participations:9645 | VC_REGISTRY_UPDATE_CONFIRMED chat_id=3875970076 classification=UNKNOWN
2026-09-26 01:43:19 | DEBUG   | mediagrab          | vc_verify_target:8855 | VC_RECONCILE_CLIENT chat_id=-1004366077086 account_id=global source=global_backend_bound
2026-09-26 01:43:19 | INFO    | mediagrab          | resolve_vc_entity:11974 | VC_ENTITY_RESOLVE_START chat_ref=-1004366077086 chat_id=-1004366077086 access_hash=yes
2026-09-26 01:43:19 | INFO    | mediagrab          | resolve_vc_entity:12075 | VC_ENTITY_RESOLVE_CACHE_HIT chat_id=-1004366077086
2026-09-26 01:43:19 | INFO    | mediagrab          | resolve_vc_entity:12076 | VC_ENTITY_RESOLVE_SUCCESS chat_id=-1004366077086 source=cache
2026-09-26 01:43:19 | INFO    | mediagrab          | resolve_vc_entity:12431 | ENTITY_RESOLVE_RPC_COUNT chat_id=-1004366077086 scope=acc_918335829278 rpcs=0 failed_rpcs=0 outcome=RESOLVED_FROM_CACHE duration_ms=0.7 (v98.10 §22)
2026-09-26 01:43:19 | DEBUG   | mediagrab          | cache_entity_scoped:2355 | ENTITY_CACHE_SCOPED account=acc_918335829278 entity_id=4366077086 source=vc_discovery scope=acc_918335829278 (v99 RC-C scope-annotated)
2026-09-26 01:43:19 | INFO    | mediagrab          | vc_detect_active_call:3098 | VC_ENTITY_DISCOVERED entity_id=4366077086 access_hash=<-334…> type=Channel
2026-09-26 01:43:19 | DEBUG   | mediagrab          | vc_verify_target:8965 | VC_PARTICIPATION_REDETECT_OK chat_id=-1004366077086 account_id=global detect_scope=acc_918335829278 source=cache reresolved=0 (v98.07 FIX-QQ)
2026-09-26 01:43:20 | WARNING | mediagrab          | vc_check_telegram_participation:7700 | VC_PARTICIPATION_TARGETED_EMPTY_STREAK chat_id=-1004366077086 call_id=-305414218191178015 my_id=8624009332 streak=1/3 (v98.02 FIX-L: single/double targeted-empty is UNKNOWN — NOT destructive; awaiting 3 consecutive for absent) — broad scan truncated at 0/2000, targeted EMPTY
2026-09-26 01:43:20 | INFO    | mediagrab          | vc_verify_target:9136 | VC_PARTICIPATION_VERIFY chat_id=-1004366077086 locally_tracked=False telegram=unknown
2026-09-26 01:43:20 | INFO    | mediagrab          | vc_verify_target:9155 | VC_VERIFY_UNKNOWN chat_id=-1004366077086 locally_tracked=False telegram=unknown — explicit verification state (v99.11 P1; never a leave)
2026-09-26 01:43:20 | INFO    | mediagrab          | vc_reconcile_participations:9560 | VC_PARTICIPATION_UNKNOWN chat_id=-1004366077086 — preserving unknown state
2026-09-26 01:43:20 | INFO    | mediagrab          | vc_reconcile_participations:9645 | VC_REGISTRY_UPDATE_CONFIRMED chat_id=-1004366077086 classification=UNKNOWN
2026-09-26 01:43:20 | DEBUG   | mediagrab          | vc_verify_target:8855 | VC_RECONCILE_CLIENT chat_id=4366077086 account_id=acc_919006065076 source=account:acc_919006065076
2026-09-26 01:43:20 | INFO    | mediagrab          | resolve_vc_entity:11974 | VC_ENTITY_RESOLVE_START chat_ref=-1004366077086 chat_id=-1004366077086 access_hash=yes
2026-09-26 01:43:20 | WARNING | mediagrab          | resolve_vc_entity:12062 | VC_HASH_SCOPE_MISMATCH chat_id=-1004366077086 entry_scope=acc_918335829278 consumer_scope=acc_919006065076 — skipping cache hit, re-resolving for this client (v98.07 FIX-QQ)
2026-09-26 01:43:20 | INFO    | mediagrab          | _v9810_scope_route:11809 | ENTITY_RESOLVE_ACCOUNT_SWITCH chat_id=-1004366077086 from_scope=acc_919006065076 to_account=acc_918335829278 reason=known_good_scope verified_at=1s ago (v98.10 §15 Step 0c — targeted routing, not a blind rotation)
2026-09-26 01:43:20 | INFO    | mediagrab          | _v9810_scope_route:11837 | ENTITY_RESOLVE_CACHE_HIT chat_id=-1004366077086 scope=acc_918335829278 source=scope_state age=1s (v98.10 §15 Step 0c — fresh known-good object, 0 RPCs)
2026-09-26 01:43:20 | INFO    | mediagrab          | resolve_vc_entity:12431 | ENTITY_RESOLVE_RPC_COUNT chat_id=-1004366077086 scope=acc_919006065076 rpcs=0 failed_rpcs=0 outcome=RESOLVED_VIA_ROTATION duration_ms=0.2 (v98.10 §22)
2026-09-26 01:43:20 | DEBUG   | mediagrab          | cache_entity_scoped:2355 | ENTITY_CACHE_SCOPED account=acc_918335829278 entity_id=4366077086 source=vc_discovery scope=acc_918335829278 (v99 RC-C scope-annotated)
2026-09-26 01:43:20 | INFO    | mediagrab          | vc_detect_active_call:3098 | VC_ENTITY_DISCOVERED entity_id=4366077086 access_hash=<-334…> type=Channel
2026-09-26 01:43:20 | DEBUG   | mediagrab          | vc_verify_target:8965 | VC_PARTICIPATION_REDETECT_OK chat_id=4366077086 account_id=acc_919006065076 detect_scope=acc_918335829278 source=account_rotation:acc_918335829278 reresolved=0 (v98.07 FIX-QQ)
2026-09-26 01:43:20 | INFO    | mediagrab          | vc_check_telegram_participation:7356 | VC_PARTICIPATION_STALE_CALL chat_id=4366077086 call_id=-305414218191178015 exc=GroupcallInvalidError — the queried (id, access_hash) pair is NOT a live call: STALE CALL IDENTITY, returning unknown (NOT absent; the pipeline re-detects the current pair and re-verifies) (v99.05 RC-F4)
2026-09-26 01:43:20 | INFO    | mediagrab          | vc_check_telegram_participation:7370 | VC_VERIFY_STALE_IDENTITY chat_id=4366077086 call_id=-305414218191178015 — detect stale identity → re-resolve current pair → verify → atomically update cache; existing healthy transport PRESERVED (never a leave; v99.11 P1)
2026-09-26 01:43:20 | INFO    | mediagrab          | vc_verify_target:9136 | VC_PARTICIPATION_VERIFY chat_id=4366077086 locally_tracked=False telegram=unknown
2026-09-26 01:43:20 | INFO    | mediagrab          | vc_verify_target:9155 | VC_VERIFY_UNKNOWN chat_id=4366077086 locally_tracked=False telegram=unknown — explicit verification state (v99.11 P1; never a leave)
2026-09-26 01:43:20 | INFO    | mediagrab          | vc_reconcile_participations:9529 | VC_RECONCILE_DEFERRED_UNKNOWN chat_id=4366077086 — preserving joined state (backend evidence)
2026-09-26 01:43:20 | INFO    | mediagrab          | vc_reconcile_participations:9645 | VC_REGISTRY_UPDATE_CONFIRMED chat_id=4366077086 classification=LOCALLY_TRACKED_UNCONFIRMED
2026-09-26 01:43:20 | DEBUG   | mediagrab          | vc_verify_target:8855 | VC_RECONCILE_CLIENT chat_id=-1002592942176 account_id=global source=global_backend_bound
2026-09-26 01:43:20 | INFO    | mediagrab          | resolve_vc_entity:11974 | VC_ENTITY_RESOLVE_START chat_ref=-1002592942176 chat_id=-1002592942176 access_hash=yes
2026-09-26 01:43:20 | INFO    | mediagrab          | resolve_vc_entity:12075 | VC_ENTITY_RESOLVE_CACHE_HIT chat_id=-1002592942176
2026-09-26 01:43:20 | INFO    | mediagrab          | resolve_vc_entity:12076 | VC_ENTITY_RESOLVE_SUCCESS chat_id=-1002592942176 source=cache
2026-09-26 01:43:20 | INFO    | mediagrab          | resolve_vc_entity:12431 | ENTITY_RESOLVE_RPC_COUNT chat_id=-1002592942176 scope=acc_918335829278 rpcs=0 failed_rpcs=0 outcome=RESOLVED_FROM_CACHE duration_ms=0.2 (v98.10 §22)
2026-09-26 01:43:21 | DEBUG   | mediagrab          | cache_entity_scoped:2355 | ENTITY_CACHE_SCOPED account=acc_918335829278 entity_id=2592942176 source=vc_discovery scope=acc_918335829278 (v99 RC-C scope-annotated)
2026-09-26 01:43:21 | INFO    | mediagrab          | vc_detect_active_call:3098 | VC_ENTITY_DISCOVERED entity_id=2592942176 access_hash=<-832…> type=Channel
2026-09-26 01:43:21 | DEBUG   | mediagrab          | vc_verify_target:8965 | VC_PARTICIPATION_REDETECT_OK chat_id=-1002592942176 account_id=global detect_scope=acc_918335829278 source=cache reresolved=0 (v98.07 FIX-QQ)
2026-09-26 01:43:21 | INFO    | mediagrab          | vc_check_telegram_participation:7443 | VC_PARTICIPATION_PRESENT chat_id=-1002592942176 call_id=-1913229805195004447 my_id=8624009332 pages=1 inspected=1 complete=yes server_count=None participant=[peer=PeerUser(8624009332) flags=is_self,muted,video_joined source=247928894]
2026-09-26 01:43:21 | INFO    | mediagrab          | vc_verify_target:9136 | VC_PARTICIPATION_VERIFY chat_id=-1002592942176 locally_tracked=False telegram=present
2026-09-26 01:43:21 | INFO    | mediagrab          | vc_verify_target:9155 | VC_VERIFY_MEMBER chat_id=-1002592942176 locally_tracked=False telegram=present — explicit verification state (v99.11 P1; never a leave)
2026-09-26 01:43:21 | INFO    | mediagrab          | vc_reconcile_participations:9645 | VC_REGISTRY_UPDATE_CONFIRMED chat_id=-1002592942176 classification=PARTICIPATING_UNTRACKED
2026-09-26 01:43:21 | DEBUG   | mediagrab          | vc_verify_target:8855 | VC_RECONCILE_CLIENT chat_id=2592942176 account_id=acc_919006065076 source=account:acc_919006065076
2026-09-26 01:43:21 | INFO    | mediagrab          | resolve_vc_entity:11974 | VC_ENTITY_RESOLVE_START chat_ref=-1002592942176 chat_id=-1002592942176 access_hash=yes
2026-09-26 01:43:21 | WARNING | mediagrab          | resolve_vc_entity:12062 | VC_HASH_SCOPE_MISMATCH chat_id=-1002592942176 entry_scope=acc_918335829278 consumer_scope=acc_919006065076 — skipping cache hit, re-resolving for this client (v98.07 FIX-QQ)
2026-09-26 01:43:21 | INFO    | mediagrab          | _v9810_scope_route:11809 | ENTITY_RESOLVE_ACCOUNT_SWITCH chat_id=-1002592942176 from_scope=acc_919006065076 to_account=acc_918335829278 reason=known_good_scope verified_at=1s ago (v98.10 §15 Step 0c — targeted routing, not a blind rotation)
2026-09-26 01:43:21 | INFO    | mediagrab          | _v9810_scope_route:11837 | ENTITY_RESOLVE_CACHE_HIT chat_id=-1002592942176 scope=acc_918335829278 source=scope_state age=1s (v98.10 §15 Step 0c — fresh known-good object, 0 RPCs)
2026-09-26 01:43:21 | INFO    | mediagrab          | resolve_vc_entity:12431 | ENTITY_RESOLVE_RPC_COUNT chat_id=-1002592942176 scope=acc_919006065076 rpcs=0 failed_rpcs=0 outcome=RESOLVED_VIA_ROTATION duration_ms=0.2 (v98.10 §22)
2026-09-26 01:43:21 | DEBUG   | mediagrab          | cache_entity_scoped:2355 | ENTITY_CACHE_SCOPED account=acc_918335829278 entity_id=2592942176 source=vc_discovery scope=acc_918335829278 (v99 RC-C scope-annotated)
2026-09-26 01:43:21 | INFO    | mediagrab          | vc_detect_active_call:3098 | VC_ENTITY_DISCOVERED entity_id=2592942176 access_hash=<-832…> type=Channel
2026-09-26 01:43:21 | DEBUG   | mediagrab          | vc_verify_target:8965 | VC_PARTICIPATION_REDETECT_OK chat_id=2592942176 account_id=acc_919006065076 detect_scope=acc_918335829278 source=account_rotation:acc_918335829278 reresolved=0 (v98.07 FIX-QQ)
2026-09-26 01:43:22 | INFO    | mediagrab          | vc_check_telegram_participation:7356 | VC_PARTICIPATION_STALE_CALL chat_id=2592942176 call_id=-1913229805195004447 exc=GroupcallInvalidError — the queried (id, access_hash) pair is NOT a live call: STALE CALL IDENTITY, returning unknown (NOT absent; the pipeline re-detects the current pair and re-verifies) (v99.05 RC-F4)
2026-09-26 01:43:22 | INFO    | mediagrab          | vc_check_telegram_participation:7370 | VC_VERIFY_STALE_IDENTITY chat_id=2592942176 call_id=-1913229805195004447 — detect stale identity → re-resolve current pair → verify → atomically update cache; existing healthy transport PRESERVED (never a leave; v99.11 P1)
2026-09-26 01:43:22 | INFO    | mediagrab          | vc_verify_target:9136 | VC_PARTICIPATION_VERIFY chat_id=2592942176 locally_tracked=False telegram=unknown
2026-09-26 01:43:22 | INFO    | mediagrab          | vc_verify_target:9155 | VC_VERIFY_UNKNOWN chat_id=2592942176 locally_tracked=False telegram=unknown — explicit verification state (v99.11 P1; never a leave)
2026-09-26 01:43:22 | INFO    | mediagrab          | vc_reconcile_participations:9529 | VC_RECONCILE_DEFERRED_UNKNOWN chat_id=2592942176 — preserving joined state (backend evidence)
2026-09-26 01:43:22 | INFO    | mediagrab          | vc_reconcile_participations:9645 | VC_REGISTRY_UPDATE_CONFIRMED chat_id=2592942176 classification=LOCALLY_TRACKED_UNCONFIRMED
2026-09-26 01:43:22 | DEBUG   | mediagrab          | vc_verify_target:8855 | VC_RECONCILE_CLIENT chat_id=-1003067839538 account_id=acc_918335829278 source=account:acc_918335829278
2026-09-26 01:43:22 | INFO    | mediagrab          | resolve_vc_entity:11974 | VC_ENTITY_RESOLVE_START chat_ref=-1003067839538 chat_id=-1003067839538 access_hash=yes
2026-09-26 01:43:22 | INFO    | mediagrab          | resolve_vc_entity:12075 | VC_ENTITY_RESOLVE_CACHE_HIT chat_id=-1003067839538
2026-09-26 01:43:22 | INFO    | mediagrab          | resolve_vc_entity:12076 | VC_ENTITY_RESOLVE_SUCCESS chat_id=-1003067839538 source=cache
2026-09-26 01:43:22 | INFO    | mediagrab          | resolve_vc_entity:12431 | ENTITY_RESOLVE_RPC_COUNT chat_id=-1003067839538 scope=acc_918335829278 rpcs=0 failed_rpcs=0 outcome=RESOLVED_FROM_CACHE duration_ms=0.2 (v98.10 §22)
2026-09-26 01:43:22 | DEBUG   | mediagrab          | cache_entity_scoped:2355 | ENTITY_CACHE_SCOPED account=acc_918335829278 entity_id=3067839538 source=vc_discovery scope=acc_918335829278 (v99 RC-C scope-annotated)
2026-09-26 01:43:22 | INFO    | mediagrab          | vc_detect_active_call:3098 | VC_ENTITY_DISCOVERED entity_id=3067839538 access_hash=<5015…> type=Channel
2026-09-26 01:43:22 | DEBUG   | mediagrab          | vc_verify_target:8965 | VC_PARTICIPATION_REDETECT_OK chat_id=-1003067839538 account_id=acc_918335829278 detect_scope=acc_918335829278 source=cache reresolved=0 (v98.07 FIX-QQ)
2026-09-26 01:43:22 | INFO    | mediagrab          | vc_check_telegram_participation:7443 | VC_PARTICIPATION_PRESENT chat_id=-1003067839538 call_id=-3952898443944147318 my_id=8624009332 pages=1 inspected=1 complete=yes server_count=None participant=[peer=PeerUser(8624009332) flags=is_self,muted,video_joined source=1042776898]
2026-09-26 01:43:22 | INFO    | mediagrab          | vc_verify_target:9136 | VC_PARTICIPATION_VERIFY chat_id=-1003067839538 locally_tracked=True telegram=present
2026-09-26 01:43:22 | INFO    | mediagrab          | vc_verify_target:9155 | VC_VERIFY_MEMBER chat_id=-1003067839538 locally_tracked=True telegram=present — explicit verification state (v99.11 P1; never a leave)
2026-09-26 01:43:22 | INFO    | mediagrab          | vc_reconcile_participations:9520 | VC_PARTICIPATION_CONFIRMED_PRESENT chat_id=-1003067839538
2026-09-26 01:43:22 | INFO    | mediagrab          | vc_reconcile_participations:9645 | VC_REGISTRY_UPDATE_CONFIRMED chat_id=-1003067839538 classification=CONFIRMED
2026-09-26 01:43:22 | DEBUG   | mediagrab          | vc_verify_target:8855 | VC_RECONCILE_CLIENT chat_id=-1002333937461 account_id=acc_919006065076 source=account:acc_919006065076
2026-09-26 01:43:22 | INFO    | mediagrab          | resolve_vc_entity:11974 | VC_ENTITY_RESOLVE_START chat_ref=-1002333937461 chat_id=-1002333937461 access_hash=yes
2026-09-26 01:43:22 | INFO    | mediagrab          | resolve_vc_entity:12075 | VC_ENTITY_RESOLVE_CACHE_HIT chat_id=-1002333937461
2026-09-26 01:43:22 | INFO    | mediagrab          | resolve_vc_entity:12076 | VC_ENTITY_RESOLVE_SUCCESS chat_id=-1002333937461 source=cache
2026-09-26 01:43:22 | INFO    | mediagrab          | resolve_vc_entity:12431 | ENTITY_RESOLVE_RPC_COUNT chat_id=-1002333937461 scope=acc_919006065076 rpcs=0 failed_rpcs=0 outcome=RESOLVED_FROM_CACHE duration_ms=0.1 (v98.10 §22)
2026-09-26 01:43:22 | DEBUG   | mediagrab          | cache_entity_scoped:2355 | ENTITY_CACHE_SCOPED account=acc_919006065076 entity_id=2333937461 source=vc_discovery scope=acc_919006065076 (v99 RC-C scope-annotated)
2026-09-26 01:43:22 | INFO    | mediagrab          | vc_detect_active_call:3098 | VC_ENTITY_DISCOVERED entity_id=2333937461 access_hash=<-806…> type=Channel
2026-09-26 01:43:22 | DEBUG   | mediagrab          | vc_verify_target:8965 | VC_PARTICIPATION_REDETECT_OK chat_id=-1002333937461 account_id=acc_919006065076 detect_scope=acc_919006065076 source=cache reresolved=0 (v98.07 FIX-QQ)
2026-09-26 01:43:23 | INFO    | mediagrab          | vc_check_telegram_participation:7443 | VC_PARTICIPATION_PRESENT chat_id=-1002333937461 call_id=-800813024760383190 my_id=8699582859 pages=1 inspected=1 complete=yes server_count=None participant=[peer=PeerUser(8699582859) flags=is_self,muted,video_joined source=2096643760]
2026-09-26 01:43:23 | INFO    | mediagrab          | vc_verify_target:9136 | VC_PARTICIPATION_VERIFY chat_id=-1002333937461 locally_tracked=True telegram=present
2026-09-26 01:43:23 | INFO    | mediagrab          | vc_verify_target:9155 | VC_VERIFY_MEMBER chat_id=-1002333937461 locally_tracked=True telegram=present — explicit verification state (v99.11 P1; never a leave)
2026-09-26 01:43:23 | INFO    | mediagrab          | vc_reconcile_participations:9520 | VC_PARTICIPATION_CONFIRMED_PRESENT chat_id=-1002333937461
2026-09-26 01:43:23 | INFO    | mediagrab          | vc_reconcile_participations:9645 | VC_REGISTRY_UPDATE_CONFIRMED chat_id=-1002333937461 classification=CONFIRMED
2026-09-26 01:43:23 | DEBUG   | mediagrab          | vc_verify_target:8855 | VC_RECONCILE_CLIENT chat_id=-1003811965375 account_id=acc_918335829278 source=account:acc_918335829278
2026-09-26 01:43:23 | INFO    | mediagrab          | resolve_vc_entity:11974 | VC_ENTITY_RESOLVE_START chat_ref=-1003811965375 chat_id=-1003811965375 access_hash=yes
2026-09-26 01:43:23 | INFO    | mediagrab          | resolve_vc_entity:12075 | VC_ENTITY_RESOLVE_CACHE_HIT chat_id=-1003811965375
2026-09-26 01:43:23 | INFO    | mediagrab          | resolve_vc_entity:12076 | VC_ENTITY_RESOLVE_SUCCESS chat_id=-1003811965375 source=cache
2026-09-26 01:43:23 | INFO    | mediagrab          | resolve_vc_entity:12431 | ENTITY_RESOLVE_RPC_COUNT chat_id=-1003811965375 scope=acc_918335829278 rpcs=0 failed_rpcs=0 outcome=RESOLVED_FROM_CACHE duration_ms=0.1 (v98.10 §22)
2026-09-26 01:43:23 | DEBUG   | mediagrab          | cache_entity_scoped:2355 | ENTITY_CACHE_SCOPED account=acc_918335829278 entity_id=3811965375 source=vc_discovery scope=acc_918335829278 (v99 RC-C scope-annotated)
2026-09-26 01:43:23 | INFO    | mediagrab          | vc_detect_active_call:3098 | VC_ENTITY_DISCOVERED entity_id=3811965375 access_hash=<7432…> type=Channel
2026-09-26 01:43:23 | DEBUG   | mediagrab          | vc_verify_target:8965 | VC_PARTICIPATION_REDETECT_OK chat_id=-1003811965375 account_id=acc_918335829278 detect_scope=acc_918335829278 source=cache reresolved=0 (v98.07 FIX-QQ)
2026-09-26 01:43:23 | WARNING | mediagrab          | vc_check_telegram_participation:7700 | VC_PARTICIPATION_TARGETED_EMPTY_STREAK chat_id=-1003811965375 call_id=-1824073576988881784 my_id=8624009332 streak=1/3 (v98.02 FIX-L: single/double targeted-empty is UNKNOWN — NOT destructive; awaiting 3 consecutive for absent) — broad scan truncated at 0/2000, targeted EMPTY
2026-09-26 01:43:23 | INFO    | mediagrab          | vc_verify_target:9136 | VC_PARTICIPATION_VERIFY chat_id=-1003811965375 locally_tracked=True telegram=unknown
2026-09-26 01:43:23 | INFO    | mediagrab          | vc_verify_target:9155 | VC_VERIFY_UNKNOWN chat_id=-1003811965375 locally_tracked=True telegram=unknown — explicit verification state (v99.11 P1; never a leave)
2026-09-26 01:43:23 | INFO    | mediagrab          | vc_reconcile_participations:9645 | VC_REGISTRY_UPDATE_CONFIRMED chat_id=-1003811965375 classification=LOCALLY_TRACKED_UNCONFIRMED
2026-09-26 01:43:23 | DEBUG   | mediagrab          | vc_verify_target:8855 | VC_RECONCILE_CLIENT chat_id=-1004427666393 account_id=acc_918335829278 source=account:acc_918335829278
2026-09-26 01:43:23 | INFO    | mediagrab          | resolve_vc_entity:11974 | VC_ENTITY_RESOLVE_START chat_ref=-1004427666393 chat_id=-1004427666393 access_hash=yes
2026-09-26 01:43:23 | INFO    | mediagrab          | resolve_vc_entity:12075 | VC_ENTITY_RESOLVE_CACHE_HIT chat_id=-1004427666393
2026-09-26 01:43:23 | INFO    | mediagrab          | resolve_vc_entity:12076 | VC_ENTITY_RESOLVE_SUCCESS chat_id=-1004427666393 source=cache
2026-09-26 01:43:23 | INFO    | mediagrab          | resolve_vc_entity:12431 | ENTITY_RESOLVE_RPC_COUNT chat_id=-1004427666393 scope=acc_918335829278 rpcs=0 failed_rpcs=0 outcome=RESOLVED_FROM_CACHE duration_ms=0.1 (v98.10 §22)
2026-09-26 01:43:24 | DEBUG   | mediagrab          | cache_entity_scoped:2355 | ENTITY_CACHE_SCOPED account=acc_918335829278 entity_id=4427666393 source=vc_discovery scope=acc_918335829278 (v99 RC-C scope-annotated)
2026-09-26 01:43:24 | INFO    | mediagrab          | vc_detect_active_call:3098 | VC_ENTITY_DISCOVERED entity_id=4427666393 access_hash=<6046…> type=Channel
2026-09-26 01:43:24 | DEBUG   | mediagrab          | vc_verify_target:8965 | VC_PARTICIPATION_REDETECT_OK chat_id=-1004427666393 account_id=acc_918335829278 detect_scope=acc_918335829278 source=cache reresolved=0 (v98.07 FIX-QQ)
2026-09-26 01:43:24 | INFO    | mediagrab          | vc_check_telegram_participation:7443 | VC_PARTICIPATION_PRESENT chat_id=-1004427666393 call_id=-569938277538256374 my_id=8624009332 pages=1 inspected=1 complete=yes server_count=None participant=[peer=PeerUser(8624009332) flags=is_self,muted,video_joined source=2029513331]
2026-09-26 01:43:24 | INFO    | mediagrab          | vc_verify_target:9136 | VC_PARTICIPATION_VERIFY chat_id=-1004427666393 locally_tracked=True telegram=present
2026-09-26 01:43:24 | INFO    | mediagrab          | vc_verify_target:9155 | VC_VERIFY_MEMBER chat_id=-1004427666393 locally_tracked=True telegram=present — explicit verification state (v99.11 P1; never a leave)
2026-09-26 01:43:24 | INFO    | mediagrab          | vc_reconcile_participations:9520 | VC_PARTICIPATION_CONFIRMED_PRESENT chat_id=-1004427666393
2026-09-26 01:43:24 | INFO    | mediagrab          | vc_reconcile_participations:9645 | VC_REGISTRY_UPDATE_CONFIRMED chat_id=-1004427666393 classification=CONFIRMED
2026-09-26 01:43:24 | DEBUG   | mediagrab          | vc_verify_target:8855 | VC_RECONCILE_CLIENT chat_id=-1001993596337 account_id=acc_918335829278 source=account:acc_918335829278
2026-09-26 01:43:24 | INFO    | mediagrab          | resolve_vc_entity:11974 | VC_ENTITY_RESOLVE_START chat_ref=-1001993596337 chat_id=-1001993596337 access_hash=yes
2026-09-26 01:43:24 | INFO    | mediagrab          | resolve_vc_entity:12075 | VC_ENTITY_RESOLVE_CACHE_HIT chat_id=-1001993596337
2026-09-26 01:43:24 | INFO    | mediagrab          | resolve_vc_entity:12076 | VC_ENTITY_RESOLVE_SUCCESS chat_id=-1001993596337 source=cache
2026-09-26 01:43:24 | INFO    | mediagrab          | resolve_vc_entity:12431 | ENTITY_RESOLVE_RPC_COUNT chat_id=-1001993596337 scope=acc_918335829278 rpcs=0 failed_rpcs=0 outcome=RESOLVED_FROM_CACHE duration_ms=0.2 (v98.10 §22)
2026-09-26 01:43:24 | DEBUG   | mediagrab          | cache_entity_scoped:2355 | ENTITY_CACHE_SCOPED account=acc_918335829278 entity_id=1993596337 source=vc_discovery scope=acc_918335829278 (v99 RC-C scope-annotated)
2026-09-26 01:43:24 | INFO    | mediagrab          | vc_detect_active_call:3098 | VC_ENTITY_DISCOVERED entity_id=1993596337 access_hash=<7768…> type=Channel
2026-09-26 01:43:24 | DEBUG   | mediagrab          | vc_verify_target:8965 | VC_PARTICIPATION_REDETECT_OK chat_id=-1001993596337 account_id=acc_918335829278 detect_scope=acc_918335829278 source=cache reresolved=0 (v98.07 FIX-QQ)
2026-09-26 01:43:25 | WARNING | mediagrab          | vc_check_telegram_participation:7700 | VC_PARTICIPATION_TARGETED_EMPTY_STREAK chat_id=-1001993596337 call_id=-8562431068729240560 my_id=8624009332 streak=1/3 (v98.02 FIX-L: single/double targeted-empty is UNKNOWN — NOT destructive; awaiting 3 consecutive for absent) — broad scan truncated at 0/2000, targeted EMPTY
2026-09-26 01:43:25 | INFO    | mediagrab          | vc_verify_target:9136 | VC_PARTICIPATION_VERIFY chat_id=-1001993596337 locally_tracked=False telegram=unknown
2026-09-26 01:43:25 | INFO    | mediagrab          | vc_verify_target:9155 | VC_VERIFY_UNKNOWN chat_id=-1001993596337 locally_tracked=False telegram=unknown — explicit verification state (v99.11 P1; never a leave)
2026-09-26 01:43:25 | INFO    | mediagrab          | vc_reconcile_participations:9560 | VC_PARTICIPATION_UNKNOWN chat_id=-1001993596337 — preserving unknown state
2026-09-26 01:43:25 | INFO    | mediagrab          | vc_reconcile_participations:9645 | VC_REGISTRY_UPDATE_CONFIRMED chat_id=-1001993596337 classification=UNKNOWN
2026-09-26 01:43:25 | DEBUG   | mediagrab          | vc_verify_target:8855 | VC_RECONCILE_CLIENT chat_id=-1001070871253 account_id=acc_918335829278 source=account:acc_918335829278
2026-09-26 01:43:25 | INFO    | mediagrab          | resolve_vc_entity:11974 | VC_ENTITY_RESOLVE_START chat_ref=-1001070871253 chat_id=-1001070871253 access_hash=yes
2026-09-26 01:43:25 | INFO    | mediagrab          | resolve_vc_entity:12075 | VC_ENTITY_RESOLVE_CACHE_HIT chat_id=-1001070871253
2026-09-26 01:43:25 | INFO    | mediagrab          | resolve_vc_entity:12076 | VC_ENTITY_RESOLVE_SUCCESS chat_id=-1001070871253 source=cache
2026-09-26 01:43:25 | INFO    | mediagrab          | resolve_vc_entity:12431 | ENTITY_RESOLVE_RPC_COUNT chat_id=-1001070871253 scope=acc_918335829278 rpcs=0 failed_rpcs=0 outcome=RESOLVED_FROM_CACHE duration_ms=0.2 (v98.10 §22)
2026-09-26 01:43:25 | DEBUG   | mediagrab          | cache_entity_scoped:2355 | ENTITY_CACHE_SCOPED account=acc_918335829278 entity_id=1070871253 source=vc_discovery scope=acc_918335829278 (v99 RC-C scope-annotated)
2026-09-26 01:43:25 | INFO    | mediagrab          | vc_detect_active_call:3098 | VC_ENTITY_DISCOVERED entity_id=1070871253 access_hash=<2700…> type=Channel
2026-09-26 01:43:25 | DEBUG   | mediagrab          | vc_verify_target:8965 | VC_PARTICIPATION_REDETECT_OK chat_id=-1001070871253 account_id=acc_918335829278 detect_scope=acc_918335829278 source=cache reresolved=0 (v98.07 FIX-QQ)
2026-09-26 01:43:25 | INFO    | mediagrab          | vc_check_telegram_participation:7443 | VC_PARTICIPATION_PRESENT chat_id=-1001070871253 call_id=-4599357008817247755 my_id=8624009332 pages=1 inspected=1 complete=yes server_count=None participant=[peer=PeerUser(8624009332) flags=is_self,muted,video_joined source=2135969937]
2026-09-26 01:43:25 | INFO    | mediagrab          | vc_verify_target:9136 | VC_PARTICIPATION_VERIFY chat_id=-1001070871253 locally_tracked=True telegram=present
2026-09-26 01:43:25 | INFO    | mediagrab          | vc_verify_target:9155 | VC_VERIFY_MEMBER chat_id=-1001070871253 locally_tracked=True telegram=present — explicit verification state (v99.11 P1; never a leave)
2026-09-26 01:43:25 | INFO    | mediagrab          | vc_reconcile_participations:9520 | VC_PARTICIPATION_CONFIRMED_PRESENT chat_id=-1001070871253
2026-09-26 01:43:25 | INFO    | mediagrab          | vc_reconcile_participations:9645 | VC_REGISTRY_UPDATE_CONFIRMED chat_id=-1001070871253 classification=CONFIRMED
2026-09-26 01:43:25 | DEBUG   | mediagrab          | vc_verify_target:8855 | VC_RECONCILE_CLIENT chat_id=-1001922822605 account_id=acc_918335829278 source=account:acc_918335829278
2026-09-26 01:43:25 | INFO    | mediagrab          | resolve_vc_entity:11974 | VC_ENTITY_RESOLVE_START chat_ref=-1001922822605 chat_id=-1001922822605 access_hash=yes
2026-09-26 01:43:25 | INFO    | mediagrab          | resolve_vc_entity:12075 | VC_ENTITY_RESOLVE_CACHE_HIT chat_id=-1001922822605
2026-09-26 01:43:25 | INFO    | mediagrab          | resolve_vc_entity:12076 | VC_ENTITY_RESOLVE_SUCCESS chat_id=-1001922822605 source=cache
2026-09-26 01:43:25 | INFO    | mediagrab          | resolve_vc_entity:12431 | ENTITY_RESOLVE_RPC_COUNT chat_id=-1001922822605 scope=acc_918335829278 rpcs=0 failed_rpcs=0 outcome=RESOLVED_FROM_CACHE duration_ms=0.2 (v98.10 §22)
2026-09-26 01:43:25 | DEBUG   | mediagrab          | cache_entity_scoped:2355 | ENTITY_CACHE_SCOPED account=acc_918335829278 entity_id=1922822605 source=vc_discovery scope=acc_918335829278 (v99 RC-C scope-annotated)
2026-09-26 01:43:25 | INFO    | mediagrab          | vc_detect_active_call:3098 | VC_ENTITY_DISCOVERED entity_id=1922822605 access_hash=<-620…> type=Channel
2026-09-26 01:43:25 | DEBUG   | mediagrab          | vc_verify_target:8965 | VC_PARTICIPATION_REDETECT_OK chat_id=-1001922822605 account_id=acc_918335829278 detect_scope=acc_918335829278 source=cache reresolved=0 (v98.07 FIX-QQ)
2026-09-26 01:43:26 | INFO    | mediagrab          | vc_check_telegram_participation:7443 | VC_PARTICIPATION_PRESENT chat_id=-1001922822605 call_id=-8258460203529507355 my_id=8624009332 pages=1 inspected=1 complete=yes server_count=None participant=[peer=PeerUser(8624009332) flags=is_self,muted,video_joined source=1159064395]
2026-09-26 01:43:26 | INFO    | mediagrab          | vc_verify_target:9136 | VC_PARTICIPATION_VERIFY chat_id=-1001922822605 locally_tracked=True telegram=present
2026-09-26 01:43:26 | INFO    | mediagrab          | vc_verify_target:9155 | VC_VERIFY_MEMBER chat_id=-1001922822605 locally_tracked=True telegram=present — explicit verification state (v99.11 P1; never a leave)
2026-09-26 01:43:26 | INFO    | mediagrab          | vc_reconcile_participations:9520 | VC_PARTICIPATION_CONFIRMED_PRESENT chat_id=-1001922822605
2026-09-26 01:43:26 | INFO    | mediagrab          | vc_reconcile_participations:9645 | VC_REGISTRY_UPDATE_CONFIRMED chat_id=-1001922822605 classification=CONFIRMED
2026-09-26 01:43:26 | DEBUG   | mediagrab          | vc_verify_target:8855 | VC_RECONCILE_CLIENT chat_id=-1004460369026 account_id=global source=global_backend_bound
2026-09-26 01:43:26 | INFO    | mediagrab          | resolve_vc_entity:11974 | VC_ENTITY_RESOLVE_START chat_ref=-1004460369026 chat_id=-1004460369026 access_hash=yes
2026-09-26 01:43:26 | WARNING | mediagrab          | resolve_vc_entity:12062 | VC_HASH_SCOPE_MISMATCH chat_id=-1004460369026 entry_scope=acc_919006065076 consumer_scope=acc_918335829278 — skipping cache hit, re-resolving for this client (v98.07 FIX-QQ)
2026-09-26 01:43:26 | INFO    | mediagrab          | _v9810_scope_route:11711 | ENTITY_RESOLVE_CACHE_HIT chat_id=-1004460369026 scope=acc_918335829278 source=scope_state age=10174s (v98.10 §15 Step 0a — 0 RPCs)
2026-09-26 01:43:26 | INFO    | mediagrab          | resolve_vc_entity:12431 | ENTITY_RESOLVE_RPC_COUNT chat_id=-1004460369026 scope=acc_918335829278 rpcs=0 failed_rpcs=0 outcome=RESOLVED_FROM_SCOPE_STATE duration_ms=0.2 (v98.10 §22)
2026-09-26 01:43:26 | DEBUG   | mediagrab          | cache_entity_scoped:2355 | ENTITY_CACHE_SCOPED account=acc_918335829278 entity_id=4460369026 source=vc_discovery scope=acc_918335829278 (v99 RC-C scope-annotated)
2026-09-26 01:43:26 | INFO    | mediagrab          | vc_detect_active_call:3098 | VC_ENTITY_DISCOVERED entity_id=4460369026 access_hash=<2476…> type=Channel
2026-09-26 01:43:26 | DEBUG   | mediagrab          | vc_verify_target:8965 | VC_PARTICIPATION_REDETECT_OK chat_id=-1004460369026 account_id=global detect_scope=acc_918335829278 source=scope_state reresolved=0 (v98.07 FIX-QQ)
2026-09-26 01:43:26 | INFO    | mediagrab          | vc_check_telegram_participation:7443 | VC_PARTICIPATION_PRESENT chat_id=-1004460369026 call_id=-710395016767153533 my_id=8624009332 pages=1 inspected=1 complete=yes server_count=None participant=[peer=PeerUser(8624009332) flags=is_self,muted,video_joined source=1163550688]
2026-09-26 01:43:26 | INFO    | mediagrab          | vc_verify_target:9136 | VC_PARTICIPATION_VERIFY chat_id=-1004460369026 locally_tracked=False telegram=present
2026-09-26 01:43:26 | INFO    | mediagrab          | vc_verify_target:9155 | VC_VERIFY_MEMBER chat_id=-1004460369026 locally_tracked=False telegram=present — explicit verification state (v99.11 P1; never a leave)
2026-09-26 01:43:26 | INFO    | mediagrab          | vc_reconcile_participations:9645 | VC_REGISTRY_UPDATE_CONFIRMED chat_id=-1004460369026 classification=PARTICIPATING_UNTRACKED
2026-09-26 01:43:26 | DEBUG   | mediagrab          | vc_verify_target:8855 | VC_RECONCILE_CLIENT chat_id=4460369026 account_id=acc_919006065076 source=account:acc_919006065076
2026-09-26 01:43:26 | INFO    | mediagrab          | resolve_vc_entity:11974 | VC_ENTITY_RESOLVE_START chat_ref=-1004460369026 chat_id=-1004460369026 access_hash=yes
2026-09-26 01:43:26 | WARNING | mediagrab          | resolve_vc_entity:12062 | VC_HASH_SCOPE_MISMATCH chat_id=-1004460369026 entry_scope=acc_918335829278 consumer_scope=acc_919006065076 — skipping cache hit, re-resolving for this client (v98.07 FIX-QQ)
2026-09-26 01:43:26 | INFO    | mediagrab          | _v9810_scope_route:11711 | ENTITY_RESOLVE_CACHE_HIT chat_id=-1004460369026 scope=acc_919006065076 source=scope_state age=10174s (v98.10 §15 Step 0a — 0 RPCs)
2026-09-26 01:43:26 | INFO    | mediagrab          | resolve_vc_entity:12431 | ENTITY_RESOLVE_RPC_COUNT chat_id=-1004460369026 scope=acc_919006065076 rpcs=0 failed_rpcs=0 outcome=RESOLVED_FROM_SCOPE_STATE duration_ms=0.8 (v98.10 §22)
2026-09-26 01:43:26 | DEBUG   | mediagrab          | cache_entity_scoped:2355 | ENTITY_CACHE_SCOPED account=acc_919006065076 entity_id=4460369026 source=vc_discovery scope=acc_919006065076 (v99 RC-C scope-annotated)
2026-09-26 01:43:26 | INFO    | mediagrab          | vc_detect_active_call:3098 | VC_ENTITY_DISCOVERED entity_id=4460369026 access_hash=<7729…> type=Channel
2026-09-26 01:43:26 | DEBUG   | mediagrab          | vc_verify_target:8965 | VC_PARTICIPATION_REDETECT_OK chat_id=4460369026 account_id=acc_919006065076 detect_scope=acc_919006065076 source=scope_state reresolved=0 (v98.07 FIX-QQ)
2026-09-26 01:43:27 | INFO    | mediagrab          | vc_check_telegram_participation:7751 | VC_PARTICIPATION_TARGETED_FOREIGN_RESULT chat_id=4460369026 call_id=-710395016767153533 my_id=8699582859 returned=1 — targeted query returned participants but NONE matched our identity (peer-based matching); a foreign-answer is NOT absence evidence → unknown (v99.05 RC-F2: the v99.02 no-match→absent escalation REMOVED — it destroyed 9 REAL joins on 2026-09-12)
2026-09-26 01:43:27 | INFO    | mediagrab          | vc_verify_target:9136 | VC_PARTICIPATION_VERIFY chat_id=4460369026 locally_tracked=False telegram=unknown
2026-09-26 01:43:27 | INFO    | mediagrab          | vc_verify_target:9155 | VC_VERIFY_UNKNOWN chat_id=4460369026 locally_tracked=False telegram=unknown — explicit verification state (v99.11 P1; never a leave)
2026-09-26 01:43:27 | INFO    | mediagrab          | vc_reconcile_participations:9529 | VC_RECONCILE_DEFERRED_UNKNOWN chat_id=4460369026 — preserving joined state (backend evidence)
2026-09-26 01:43:27 | INFO    | mediagrab          | vc_reconcile_participations:9645 | VC_REGISTRY_UPDATE_CONFIRMED chat_id=4460369026 classification=LOCALLY_TRACKED_UNCONFIRMED
2026-09-26 01:43:27 | DEBUG   | mediagrab          | vc_verify_target:8855 | VC_RECONCILE_CLIENT chat_id=4427666393 account_id=acc_919006065076 source=account:acc_919006065076
2026-09-26 01:43:27 | INFO    | mediagrab          | resolve_vc_entity:11974 | VC_ENTITY_RESOLVE_START chat_ref=-1004427666393 chat_id=-1004427666393 access_hash=yes
2026-09-26 01:43:27 | WARNING | mediagrab          | resolve_vc_entity:12062 | VC_HASH_SCOPE_MISMATCH chat_id=-1004427666393 entry_scope=acc_918335829278 consumer_scope=acc_919006065076 — skipping cache hit, re-resolving for this client (v98.07 FIX-QQ)
2026-09-26 01:43:27 | INFO    | mediagrab          | _v9810_scope_route:11809 | ENTITY_RESOLVE_ACCOUNT_SWITCH chat_id=-1004427666393 from_scope=acc_919006065076 to_account=acc_918335829278 reason=known_good_scope verified_at=3s ago (v98.10 §15 Step 0c — targeted routing, not a blind rotation)
2026-09-26 01:43:27 | INFO    | mediagrab          | _v9810_scope_route:11837 | ENTITY_RESOLVE_CACHE_HIT chat_id=-1004427666393 scope=acc_918335829278 source=scope_state age=3s (v98.10 §15 Step 0c — fresh known-good object, 0 RPCs)
2026-09-26 01:43:27 | INFO    | mediagrab          | resolve_vc_entity:12431 | ENTITY_RESOLVE_RPC_COUNT chat_id=-1004427666393 scope=acc_919006065076 rpcs=0 failed_rpcs=0 outcome=RESOLVED_VIA_ROTATION duration_ms=0.4 (v98.10 §22)
2026-09-26 01:43:27 | DEBUG   | mediagrab          | cache_entity_scoped:2355 | ENTITY_CACHE_SCOPED account=acc_918335829278 entity_id=4427666393 source=vc_discovery scope=acc_918335829278 (v99 RC-C scope-annotated)
2026-09-26 01:43:27 | INFO    | mediagrab          | vc_detect_active_call:3098 | VC_ENTITY_DISCOVERED entity_id=4427666393 access_hash=<6046…> type=Channel
2026-09-26 01:43:27 | DEBUG   | mediagrab          | vc_verify_target:8965 | VC_PARTICIPATION_REDETECT_OK chat_id=4427666393 account_id=acc_919006065076 detect_scope=acc_918335829278 source=account_rotation:acc_918335829278 reresolved=0 (v98.07 FIX-QQ)
2026-09-26 01:43:27 | INFO    | mediagrab          | vc_check_telegram_participation:7356 | VC_PARTICIPATION_STALE_CALL chat_id=4427666393 call_id=-569938277538256374 exc=GroupcallInvalidError — the queried (id, access_hash) pair is NOT a live call: STALE CALL IDENTITY, returning unknown (NOT absent; the pipeline re-detects the current pair and re-verifies) (v99.05 RC-F4)
2026-09-26 01:43:27 | INFO    | mediagrab          | vc_check_telegram_participation:7370 | VC_VERIFY_STALE_IDENTITY chat_id=4427666393 call_id=-569938277538256374 — detect stale identity → re-resolve current pair → verify → atomically update cache; existing healthy transport PRESERVED (never a leave; v99.11 P1)
2026-09-26 01:43:27 | INFO    | mediagrab          | vc_verify_target:9136 | VC_PARTICIPATION_VERIFY chat_id=4427666393 locally_tracked=False telegram=unknown
2026-09-26 01:43:27 | INFO    | mediagrab          | vc_verify_target:9155 | VC_VERIFY_UNKNOWN chat_id=4427666393 locally_tracked=False telegram=unknown — explicit verification state (v99.11 P1; never a leave)
2026-09-26 01:43:27 | INFO    | mediagrab          | vc_reconcile_participations:9529 | VC_RECONCILE_DEFERRED_UNKNOWN chat_id=4427666393 — preserving joined state (backend evidence)
2026-09-26 01:43:27 | INFO    | mediagrab          | vc_reconcile_participations:9645 | VC_REGISTRY_UPDATE_CONFIRMED chat_id=4427666393 classification=LOCALLY_TRACKED_UNCONFIRMED
2026-09-26 01:43:27 | DEBUG   | mediagrab          | vc_verify_target:8855 | VC_RECONCILE_CLIENT chat_id=-1003940064304 account_id=global source=global_backend_bound
2026-09-26 01:43:27 | INFO    | mediagrab          | resolve_vc_entity:11974 | VC_ENTITY_RESOLVE_START chat_ref=-1003940064304 chat_id=-1003940064304 access_hash=yes
2026-09-26 01:43:27 | INFO    | mediagrab          | resolve_vc_entity:12075 | VC_ENTITY_RESOLVE_CACHE_HIT chat_id=-1003940064304
2026-09-26 01:43:27 | INFO    | mediagrab          | resolve_vc_entity:12076 | VC_ENTITY_RESOLVE_SUCCESS chat_id=-1003940064304 source=cache
2026-09-26 01:43:27 | INFO    | mediagrab          | resolve_vc_entity:12431 | ENTITY_RESOLVE_RPC_COUNT chat_id=-1003940064304 scope=acc_918335829278 rpcs=0 failed_rpcs=0 outcome=RESOLVED_FROM_CACHE duration_ms=0.6 (v98.10 §22)
2026-09-26 01:43:28 | DEBUG   | mediagrab          | cache_entity_scoped:2355 | ENTITY_CACHE_SCOPED account=acc_918335829278 entity_id=3940064304 source=vc_discovery scope=acc_918335829278 (v99 RC-C scope-annotated)
2026-09-26 01:43:28 | INFO    | mediagrab          | vc_detect_active_call:3098 | VC_ENTITY_DISCOVERED entity_id=3940064304 access_hash=<1744…> type=Channel
2026-09-26 01:43:28 | DEBUG   | mediagrab          | vc_verify_target:8965 | VC_PARTICIPATION_REDETECT_OK chat_id=-1003940064304 account_id=global detect_scope=acc_918335829278 source=cache reresolved=0 (v98.07 FIX-QQ)
2026-09-26 01:43:28 | INFO    | mediagrab          | vc_check_telegram_participation:7443 | VC_PARTICIPATION_PRESENT chat_id=-1003940064304 call_id=-7699075288673564347 my_id=8624009332 pages=1 inspected=1 complete=yes server_count=None participant=[peer=PeerUser(8624009332) flags=is_self,muted,video_joined source=1194204182]
2026-09-26 01:43:28 | INFO    | mediagrab          | vc_verify_target:9136 | VC_PARTICIPATION_VERIFY chat_id=-1003940064304 locally_tracked=False telegram=present
2026-09-26 01:43:28 | INFO    | mediagrab          | vc_verify_target:9155 | VC_VERIFY_MEMBER chat_id=-1003940064304 locally_tracked=False telegram=present — explicit verification state (v99.11 P1; never a leave)
2026-09-26 01:43:28 | INFO    | mediagrab          | vc_reconcile_participations:9645 | VC_REGISTRY_UPDATE_CONFIRMED chat_id=-1003940064304 classification=PARTICIPATING_UNTRACKED
2026-09-26 01:43:28 | DEBUG   | mediagrab          | vc_verify_target:8855 | VC_RECONCILE_CLIENT chat_id=3940064304 account_id=acc_919006065076 source=account:acc_919006065076
2026-09-26 01:43:28 | INFO    | mediagrab          | resolve_vc_entity:11974 | VC_ENTITY_RESOLVE_START chat_ref=-1003940064304 chat_id=-1003940064304 access_hash=yes
2026-09-26 01:43:28 | WARNING | mediagrab          | resolve_vc_entity:12062 | VC_HASH_SCOPE_MISMATCH chat_id=-1003940064304 entry_scope=acc_918335829278 consumer_scope=acc_919006065076 — skipping cache hit, re-resolving for this client (v98.07 FIX-QQ)
2026-09-26 01:43:28 | INFO    | mediagrab          | _v9810_scope_route:11809 | ENTITY_RESOLVE_ACCOUNT_SWITCH chat_id=-1003940064304 from_scope=acc_919006065076 to_account=acc_918335829278 reason=known_good_scope verified_at=1s ago (v98.10 §15 Step 0c — targeted routing, not a blind rotation)
2026-09-26 01:43:28 | INFO    | mediagrab          | _v9810_scope_route:11837 | ENTITY_RESOLVE_CACHE_HIT chat_id=-1003940064304 scope=acc_918335829278 source=scope_state age=1s (v98.10 §15 Step 0c — fresh known-good object, 0 RPCs)
2026-09-26 01:43:28 | INFO    | mediagrab          | resolve_vc_entity:12431 | ENTITY_RESOLVE_RPC_COUNT chat_id=-1003940064304 scope=acc_919006065076 rpcs=0 failed_rpcs=0 outcome=RESOLVED_VIA_ROTATION duration_ms=1.5 (v98.10 §22)
2026-09-26 01:43:28 | DEBUG   | mediagrab          | cache_entity_scoped:2355 | ENTITY_CACHE_SCOPED account=acc_918335829278 entity_id=3940064304 source=vc_discovery scope=acc_918335829278 (v99 RC-C scope-annotated)
2026-09-26 01:43:28 | INFO    | mediagrab          | vc_detect_active_call:3098 | VC_ENTITY_DISCOVERED entity_id=3940064304 access_hash=<1744…> type=Channel
2026-09-26 01:43:28 | DEBUG   | mediagrab          | vc_verify_target:8965 | VC_PARTICIPATION_REDETECT_OK chat_id=3940064304 account_id=acc_919006065076 detect_scope=acc_918335829278 source=account_rotation:acc_918335829278 reresolved=0 (v98.07 FIX-QQ)
2026-09-26 01:43:28 | INFO    | mediagrab          | vc_check_telegram_participation:7356 | VC_PARTICIPATION_STALE_CALL chat_id=3940064304 call_id=-7699075288673564347 exc=GroupcallInvalidError — the queried (id, access_hash) pair is NOT a live call: STALE CALL IDENTITY, returning unknown (NOT absent; the pipeline re-detects the current pair and re-verifies) (v99.05 RC-F4)
2026-09-26 01:43:28 | INFO    | mediagrab          | vc_check_telegram_participation:7370 | VC_VERIFY_STALE_IDENTITY chat_id=3940064304 call_id=-7699075288673564347 — detect stale identity → re-resolve current pair → verify → atomically update cache; existing healthy transport PRESERVED (never a leave; v99.11 P1)
2026-09-26 01:43:28 | INFO    | mediagrab          | vc_verify_target:9136 | VC_PARTICIPATION_VERIFY chat_id=3940064304 locally_tracked=False telegram=unknown
2026-09-26 01:43:28 | INFO    | mediagrab          | vc_verify_target:9155 | VC_VERIFY_UNKNOWN chat_id=3940064304 locally_tracked=False telegram=unknown — explicit verification state (v99.11 P1; never a leave)
2026-09-26 01:43:28 | INFO    | mediagrab          | vc_reconcile_participations:9529 | VC_RECONCILE_DEFERRED_UNKNOWN chat_id=3940064304 — preserving joined state (backend evidence)
2026-09-26 01:43:28 | INFO    | mediagrab          | vc_reconcile_participations:9645 | VC_REGISTRY_UPDATE_CONFIRMED chat_id=3940064304 classification=LOCALLY_TRACKED_UNCONFIRMED
2026-09-26 01:43:28 | DEBUG   | mediagrab          | vc_verify_target:8855 | VC_RECONCILE_CLIENT chat_id=-1002887741724 account_id=global source=global_backend_bound
2026-09-26 01:43:28 | INFO    | mediagrab          | resolve_vc_entity:11974 | VC_ENTITY_RESOLVE_START chat_ref=-1002887741724 chat_id=-1002887741724 access_hash=yes
2026-09-26 01:43:28 | INFO    | mediagrab          | resolve_vc_entity:12075 | VC_ENTITY_RESOLVE_CACHE_HIT chat_id=-1002887741724
2026-09-26 01:43:28 | INFO    | mediagrab          | resolve_vc_entity:12076 | VC_ENTITY_RESOLVE_SUCCESS chat_id=-1002887741724 source=cache
2026-09-26 01:43:28 | INFO    | mediagrab          | resolve_vc_entity:12431 | ENTITY_RESOLVE_RPC_COUNT chat_id=-1002887741724 scope=acc_918335829278 rpcs=0 failed_rpcs=0 outcome=RESOLVED_FROM_CACHE duration_ms=0.2 (v98.10 §22)
2026-09-26 01:43:29 | DEBUG   | mediagrab          | cache_entity_scoped:2355 | ENTITY_CACHE_SCOPED account=acc_918335829278 entity_id=2887741724 source=vc_discovery scope=acc_918335829278 (v99 RC-C scope-annotated)
2026-09-26 01:43:29 | INFO    | mediagrab          | vc_detect_active_call:3098 | VC_ENTITY_DISCOVERED entity_id=2887741724 access_hash=<6524…> type=Channel
2026-09-26 01:43:29 | DEBUG   | mediagrab          | vc_verify_target:8965 | VC_PARTICIPATION_REDETECT_OK chat_id=-1002887741724 account_id=global detect_scope=acc_918335829278 source=cache reresolved=0 (v98.07 FIX-QQ)
2026-09-26 01:43:29 | INFO    | mediagrab          | vc_check_telegram_participation:7443 | VC_PARTICIPATION_PRESENT chat_id=-1002887741724 call_id=-3179384222730274919 my_id=8624009332 pages=1 inspected=1 complete=yes server_count=None participant=[peer=PeerUser(8624009332) flags=is_self,muted,video_joined source=1789396470]
2026-09-26 01:43:29 | INFO    | mediagrab          | vc_verify_target:9136 | VC_PARTICIPATION_VERIFY chat_id=-1002887741724 locally_tracked=False telegram=present
2026-09-26 01:43:29 | INFO    | mediagrab          | vc_verify_target:9155 | VC_VERIFY_MEMBER chat_id=-1002887741724 locally_tracked=False telegram=present — explicit verification state (v99.11 P1; never a leave)
2026-09-26 01:43:29 | INFO    | mediagrab          | vc_reconcile_participations:9645 | VC_REGISTRY_UPDATE_CONFIRMED chat_id=-1002887741724 classification=PARTICIPATING_UNTRACKED
2026-09-26 01:43:29 | DEBUG   | mediagrab          | vc_verify_target:8855 | VC_RECONCILE_CLIENT chat_id=2887741724 account_id=acc_919006065076 source=account:acc_919006065076
2026-09-26 01:43:29 | INFO    | mediagrab          | resolve_vc_entity:11974 | VC_ENTITY_RESOLVE_START chat_ref=-1002887741724 chat_id=-1002887741724 access_hash=yes
2026-09-26 01:43:29 | WARNING | mediagrab          | resolve_vc_entity:12062 | VC_HASH_SCOPE_MISMATCH chat_id=-1002887741724 entry_scope=acc_918335829278 consumer_scope=acc_919006065076 — skipping cache hit, re-resolving for this client (v98.07 FIX-QQ)
2026-09-26 01:43:29 | INFO    | mediagrab          | _v9810_scope_route:11809 | ENTITY_RESOLVE_ACCOUNT_SWITCH chat_id=-1002887741724 from_scope=acc_919006065076 to_account=acc_918335829278 reason=known_good_scope verified_at=0s ago (v98.10 §15 Step 0c — targeted routing, not a blind rotation)
2026-09-26 01:43:29 | INFO    | mediagrab          | _v9810_scope_route:11837 | ENTITY_RESOLVE_CACHE_HIT chat_id=-1002887741724 scope=acc_918335829278 source=scope_state age=0s (v98.10 §15 Step 0c — fresh known-good object, 0 RPCs)
2026-09-26 01:43:29 | INFO    | mediagrab          | resolve_vc_entity:12431 | ENTITY_RESOLVE_RPC_COUNT chat_id=-1002887741724 scope=acc_919006065076 rpcs=0 failed_rpcs=0 outcome=RESOLVED_VIA_ROTATION duration_ms=0.3 (v98.10 §22)
2026-09-26 01:43:29 | DEBUG   | mediagrab          | cache_entity_scoped:2355 | ENTITY_CACHE_SCOPED account=acc_918335829278 entity_id=2887741724 source=vc_discovery scope=acc_918335829278 (v99 RC-C scope-annotated)
2026-09-26 01:43:29 | INFO    | mediagrab          | vc_detect_active_call:3098 | VC_ENTITY_DISCOVERED entity_id=2887741724 access_hash=<6524…> type=Channel
2026-09-26 01:43:29 | DEBUG   | mediagrab          | vc_verify_target:8965 | VC_PARTICIPATION_REDETECT_OK chat_id=2887741724 account_id=acc_919006065076 detect_scope=acc_918335829278 source=account_rotation:acc_918335829278 reresolved=0 (v98.07 FIX-QQ)
2026-09-26 01:43:29 | INFO    | mediagrab          | vc_check_telegram_participation:7356 | VC_PARTICIPATION_STALE_CALL chat_id=2887741724 call_id=-3179384222730274919 exc=GroupcallInvalidError — the queried (id, access_hash) pair is NOT a live call: STALE CALL IDENTITY, returning unknown (NOT absent; the pipeline re-detects the current pair and re-verifies) (v99.05 RC-F4)
2026-09-26 01:43:29 | INFO    | mediagrab          | vc_check_telegram_participation:7370 | VC_VERIFY_STALE_IDENTITY chat_id=2887741724 call_id=-3179384222730274919 — detect stale identity → re-resolve current pair → verify → atomically update cache; existing healthy transport PRESERVED (never a leave; v99.11 P1)
2026-09-26 01:43:29 | INFO    | mediagrab          | vc_verify_target:9136 | VC_PARTICIPATION_VERIFY chat_id=2887741724 locally_tracked=False telegram=unknown
2026-09-26 01:43:29 | INFO    | mediagrab          | vc_verify_target:9155 | VC_VERIFY_UNKNOWN chat_id=2887741724 locally_tracked=False telegram=unknown — explicit verification state (v99.11 P1; never a leave)
2026-09-26 01:43:29 | INFO    | mediagrab          | vc_reconcile_participations:9529 | VC_RECONCILE_DEFERRED_UNKNOWN chat_id=2887741724 — preserving joined state (backend evidence)
2026-09-26 01:43:29 | INFO    | mediagrab          | vc_reconcile_participations:9645 | VC_REGISTRY_UPDATE_CONFIRMED chat_id=2887741724 classification=LOCALLY_TRACKED_UNCONFIRMED
2026-09-26 01:43:29 | INFO    | mediagrab          | vc_reconcile_participations:9660 | VC_RECONCILE_RESULT total=34 confirmed=5 participating_untracked=11 locally_tracked_unconfirmed=7 unknown=11 cleanup_required=0 left=0 failed=0
2026-09-26 01:43:31 | DEBUG   | mediagrab          | _mtproto_health_loop:5800 | MTProto health check: OK
2026-09-26 01:43:31 | INFO    | mediagrab          | _mtproto_health_loop:5864 | MTPROTO_GENERATION_STATE active=0 retiring=0 retired=0 poisoned=0 generation_sessions=0 live_clients=3
2026-09-26 01:43:31 | INFO    | mediagrab          | _reconcile_cycle:917 | VC_COVERAGE_RECONCILE_START active=40 joined=28 missing=12 retry_ready=0 persistent_retry_queue_total=0 persistent_retry_queue_ready=0
2026-09-26 01:43:31 | INFO    | mediagrab          | _reconcile_cycle:946 | VC_RECONCILE_FOUND_MISSING chat_id=1949746242 title=
2026-09-26 01:43:31 | INFO    | mediagrab          | _reconcile_cycle:946 | VC_RECONCILE_FOUND_MISSING chat_id=3717806820 title=
2026-09-26 01:43:31 | INFO    | mediagrab          | _reconcile_cycle:946 | VC_RECONCILE_FOUND_MISSING chat_id=3961210499 title=
2026-09-26 01:43:31 | INFO    | mediagrab          | _reconcile_cycle:946 | VC_RECONCILE_FOUND_MISSING chat_id=2144563093 title=
2026-09-26 01:43:31 | INFO    | mediagrab          | _reconcile_cycle:946 | VC_RECONCILE_FOUND_MISSING chat_id=2333937461 title=
2026-09-26 01:43:31 | INFO    | mediagrab          | _reconcile_cycle:946 | VC_RECONCILE_FOUND_MISSING chat_id=1993596337 title=Трейд чатик Vespiol
2026-09-26 01:43:31 | DEBUG   | mediagrab          | _watchdog_loop:1740 | WATCHDOG: talkative handler not registered but effective_disabled source=dashboard_db — not retrying (admin disabled; v99.07 FIX-5)
2026-09-26 01:43:39 | INFO    | mediagrab          | _bot_heartbeat_loop:2756 | ACCOUNT_HEALTH live_clients=2 cluster_accounts=2 dead_sessions=0 unregistered=0 expected_cluster=2 total_files=2 — live_clients counts primary_global + registered cluster sessions; dead files need delete + re-login (SESSION_REMEDIATION); expected_cluster is accounts.json's registry size (v99.03 RC-10)
2026-09-26 01:43:39 | INFO    | mediagrab          | _bot_heartbeat_loop:2840 | BOT_HEARTBEAT pid=7 uptime=17355s rss_mb=166 threads=50 fd=330/1024 joined_transports=20 join_queue=0 active_joins=0 memory_limit_mb=4506 resource_headroom_mb=4339 TASK_POPULATION total=38 FD_CENSUS total=330 soft=1024 sockets=312 pipes=2 files=13 anon=2 other=1 MEM_CENSUS rss_mb=166 threads=50 fd=330/1024 joined_transports=20 joins=_global:J=13/F=0 acc_918335829278:J=6/F=0 acc_919006065076:J=1/F=0 (v98.05 FIX-FF liveness; v98.06 FIX-OO uptime epoch domain; v99.02 FIX-3 FD_CENSUS; v99.10 FIX-D MEM_CENSUS; v99.11 P0-1 single-%s safe emission + resource fields)
2026-09-26 01:44:01 | DEBUG   | mediagrab          | _mtproto_health_loop:5800 | MTProto health check: OK
2026-09-26 01:44:01 | INFO    | mediagrab          | _mtproto_health_loop:5864 | MTPROTO_GENERATION_STATE active=0 retiring=0 retired=0 poisoned=0 generation_sessions=0 live_clients=3
2026-09-26 01:44:26 | INFO    | mediagrab          | run_wal_checkpoint:769 | WAL_CHECKPOINT_OK busy=0 log_frames=0 checkpointed=0 attempt=1 (v99.11 dedicated-connection checkpoint)
2026-09-26 01:44:32 | DEBUG   | mediagrab          | _mtproto_health_loop:5800 | MTProto health check: OK
2026-09-26 01:44:32 | INFO    | mediagrab          | _mtproto_health_loop:5864 | MTPROTO_GENERATION_STATE active=0 retiring=0 retired=0 poisoned=0 generation_sessions=0 live_clients=3
2026-09-26 01:44:32 | INFO    | mediagrab          | _reconcile_cycle:917 | VC_COVERAGE_RECONCILE_START active=40 joined=28 missing=12 retry_ready=0 persistent_retry_queue_total=0 persistent_retry_queue_ready=0
2026-09-26 01:44:32 | INFO    | mediagrab          | _reconcile_cycle:946 | VC_RECONCILE_FOUND_MISSING chat_id=1949746242 title=
2026-09-26 01:44:32 | INFO    | mediagrab          | _reconcile_cycle:946 | VC_RECONCILE_FOUND_MISSING chat_id=3717806820 title=
2026-09-26 01:44:32 | INFO    | mediagrab          | _reconcile_cycle:946 | VC_RECONCILE_FOUND_MISSING chat_id=3961210499 title=
2026-09-26 01:44:32 | INFO    | mediagrab          | _reconcile_cycle:946 | VC_RECONCILE_FOUND_MISSING chat_id=2144563093 title=
2026-09-26 01:44:32 | INFO    | mediagrab          | _reconcile_cycle:946 | VC_RECONCILE_FOUND_MISSING chat_id=2333937461 title=
2026-09-26 01:44:32 | INFO    | mediagrab          | _reconcile_cycle:946 | VC_RECONCILE_FOUND_MISSING chat_id=1993596337 title=Трейд чатик Vespiol
2026-09-26 01:44:32 | DEBUG   | mediagrab          | _watchdog_loop:1740 | WATCHDOG: talkative handler not registered but effective_disabled source=dashboard_db — not retrying (admin disabled; v99.07 FIX-5)
2026-09-26 01:44:39 | INFO    | mediagrab          | _bot_heartbeat_loop:2840 | BOT_HEARTBEAT pid=7 uptime=17415s rss_mb=166 threads=50 fd=328/1024 joined_transports=20 join_queue=0 active_joins=0 memory_limit_mb=4506 resource_headroom_mb=4340 FD_CENSUS total=328 soft=1024 sockets=311 pipes=2 files=12 anon=2 other=1 MEM_CENSUS rss_mb=166 threads=50 fd=328/1024 joined_transports=20 joins=_global:J=13/F=0 acc_918335829278:J=6/F=0 acc_919006065076:J=1/F=0 (v98.05 FIX-FF liveness; v98.06 FIX-OO uptime epoch domain; v99.02 FIX-3 FD_CENSUS; v99.10 FIX-D MEM_CENSUS; v99.11 P0-1 single-%s safe emission + resource fields)
2026-09-26 01:45:02 | DEBUG   | mediagrab          | _mtproto_health_loop:5800 | MTProto health check: OK
2026-09-26 01:45:02 | INFO    | mediagrab          | _mtproto_health_loop:5864 | MTPROTO_GENERATION_STATE active=0 retiring=0 retired=0 poisoned=0 generation_sessions=0 live_clients=3
2026-09-26 01:45:32 | DEBUG   | mediagrab          | _mtproto_health_loop:5800 | MTProto health check: OK
2026-09-26 01:45:32 | INFO    | mediagrab          | _mtproto_health_loop:5864 | MTPROTO_GENERATION_STATE active=0 retiring=0 retired=0 poisoned=0 generation_sessions=0 live_clients=3
2026-09-26 01:45:32 | INFO    | mediagrab_bot.vc_arch | emit_budgets_heartbeat:1204 | VC_ARCH_BUDGETS_HEARTBEAT max_classification_in_flight=4 max_discovery_in_flight=4 max_dispatch_queue_depth=200 max_entity_resolution_in_flight=8 max_join_in_flight=3 max_reconcile_in_flight=4 negcache_max_entries=10000 retry_budget_per_window=25 retry_window_seconds=60 task_population_bound=5000
2026-09-26 01:45:32 | INFO    | mediagrab          | _reconcile_cycle:917 | VC_COVERAGE_RECONCILE_START active=40 joined=28 missing=12 retry_ready=0 persistent_retry_queue_total=0 persistent_retry_queue_ready=0
2026-09-26 01:45:32 | INFO    | mediagrab          | _reconcile_cycle:946 | VC_RECONCILE_FOUND_MISSING chat_id=1949746242 title=
2026-09-26 01:45:32 | INFO    | mediagrab          | _reconcile_cycle:946 | VC_RECONCILE_FOUND_MISSING chat_id=3717806820 title=
2026-09-26 01:45:32 | INFO    | mediagrab          | _reconcile_cycle:946 | VC_RECONCILE_FOUND_MISSING chat_id=3961210499 title=
2026-09-26 01:45:32 | INFO    | mediagrab          | _reconcile_cycle:946 | VC_RECONCILE_FOUND_MISSING chat_id=2144563093 title=
2026-09-26 01:45:32 | INFO    | mediagrab          | _reconcile_cycle:946 | VC_RECONCILE_FOUND_MISSING chat_id=2333937461 title=
2026-09-26 01:45:32 | INFO    | mediagrab          | _reconcile_cycle:946 | VC_RECONCILE_FOUND_MISSING chat_id=1993596337 title=Трейд чатик Vespiol
2026-09-26 01:45:32 | DEBUG   | mediagrab          | _watchdog_loop:1740 | WATCHDOG: talkative handler not registered but effective_disabled source=dashboard_db — not retrying (admin disabled; v99.07 FIX-5)
2026-09-26 01:45:40 | INFO    | mediagrab          | _bot_heartbeat_loop:2840 | BOT_HEARTBEAT pid=7 uptime=17475s rss_mb=166 threads=50 fd=331/1024 joined_transports=20 join_queue=0 active_joins=0 memory_limit_mb=4506 resource_headroom_mb=4340 FD_CENSUS total=331 soft=1024 sockets=314 pipes=2 files=12 anon=2 other=1 MEM_CENSUS rss_mb=166 threads=50 fd=331/1024 joined_transports=20 joins=_global:J=13/F=0 acc_918335829278:J=6/F=0 acc_919006065076:J=1/F=0 (v98.05 FIX-FF liveness; v98.06 FIX-OO uptime epoch domain; v99.02 FIX-3 FD_CENSUS; v99.10 FIX-D MEM_CENSUS; v99.11 P0-1 single-%s safe emission + resource fields)
2026-09-26 01:45:43 | INFO    | mediagrab          | _vc_handle_vc_command:28929 | COMMAND_RECEIVED path=telethon cmd=claim sender=7650180875 chat=-1003922758336
2026-09-26 01:46:02 | DEBUG   | mediagrab          | _mtproto_health_loop:5800 | MTProto health check: OK
2026-09-26 01:46:02 | INFO    | mediagrab          | _mtproto_health_loop:5864 | MTPROTO_GENERATION_STATE active=0 retiring=0 retired=0 poisoned=0 generation_sessions=0 live_clients=3
2026-09-26 01:46:32 | DEBUG   | mediagrab          | _mtproto_health_loop:5800 | MTProto health check: OK
2026-09-26 01:46:32 | INFO    | mediagrab          | _mtproto_health_loop:5864 | MTPROTO_GENERATION_STATE active=0 retiring=0 retired=0 poisoned=0 generation_sessions=0 live_clients=3
2026-09-26 01:46:32 | INFO    | mediagrab          | _reconcile_cycle:917 | VC_COVERAGE_RECONCILE_START active=40 joined=28 missing=12 retry_ready=0 persistent_retry_queue_total=0 persistent_retry_queue_ready=0
2026-09-26 01:46:32 | INFO    | mediagrab          | _reconcile_cycle:946 | VC_RECONCILE_FOUND_MISSING chat_id=1949746242 title=
2026-09-26 01:46:32 | INFO    | mediagrab          | _reconcile_cycle:946 | VC_RECONCILE_FOUND_MISSING chat_id=3717806820 title=
2026-09-26 01:46:32 | INFO    | mediagrab          | _reconcile_cycle:946 | VC_RECONCILE_FOUND_MISSING chat_id=3961210499 title=
2026-09-26 01:46:32 | INFO    | mediagrab          | _reconcile_cycle:946 | VC_RECONCILE_FOUND_MISSING chat_id=2144563093 title=
2026-09-26 01:46:32 | INFO    | mediagrab          | _reconcile_cycle:946 | VC_RECONCILE_FOUND_MISSING chat_id=2333937461 title=
2026-09-26 01:46:32 | INFO    | mediagrab          | _reconcile_cycle:946 | VC_RECONCILE_FOUND_MISSING chat_id=1993596337 title=Трейд чатик Vespiol
2026-09-26 01:46:32 | DEBUG   | mediagrab          | _watchdog_loop:1740 | WATCHDOG: talkative handler not registered but effective_disabled source=dashboard_db — not retrying (admin disabled; v99.07 FIX-5)
2026-09-26 01:46:40 | INFO    | mediagrab          | _bot_heartbeat_loop:2840 | BOT_HEARTBEAT pid=7 uptime=17535s rss_mb=166 threads=50 fd=332/1024 joined_transports=20 join_queue=0 active_joins=0 memory_limit_mb=4506 resource_headroom_mb=4340 FD_CENSUS total=332 soft=1024 sockets=315 pipes=2 files=12 anon=2 other=1 MEM_CENSUS rss_mb=166 threads=50 fd=332/1024 joined_transports=20 joins=_global:J=13/F=0 acc_918335829278:J=6/F=0 acc_919006065076:J=1/F=0 (v98.05 FIX-FF liveness; v98.06 FIX-OO uptime epoch domain; v99.02 FIX-3 FD_CENSUS; v99.10 FIX-D MEM_CENSUS; v99.11 P0-1 single-%s safe emission + resource fields)
2026-09-26 01:47:02 | DEBUG   | mediagrab          | _mtproto_health_loop:5800 | MTProto health check: OK
2026-09-26 01:47:02 | INFO    | mediagrab          | _mtproto_health_loop:5864 | MTPROTO_GENERATION_STATE active=0 retiring=0 retired=0 poisoned=0 generation_sessions=0 live_clients=3
2026-09-26 01:47:32 | DEBUG   | mediagrab          | _mtproto_health_loop:5800 | MTProto health check: OK
2026-09-26 01:47:32 | INFO    | mediagrab          | _mtproto_health_loop:5864 | MTPROTO_GENERATION_STATE active=0 retiring=0 retired=0 poisoned=0 generation_sessions=0 live_clients=3
2026-09-26 01:47:32 | INFO    | mediagrab          | _reconcile_cycle:917 | VC_COVERAGE_RECONCILE_START active=40 joined=28 missing=12 retry_ready=0 persistent_retry_queue_total=0 persistent_retry_queue_ready=0
2026-09-26 01:47:32 | INFO    | mediagrab          | _reconcile_cycle:946 | VC_RECONCILE_FOUND_MISSING chat_id=1949746242 title=
2026-09-26 01:47:32 | INFO    | mediagrab          | _reconcile_cycle:946 | VC_RECONCILE_FOUND_MISSING chat_id=3717806820 title=
2026-09-26 01:47:32 | INFO    | mediagrab          | _reconcile_cycle:946 | VC_RECONCILE_FOUND_MISSING chat_id=3961210499 title=
2026-09-26 01:47:32 | INFO    | mediagrab          | _reconcile_cycle:946 | VC_RECONCILE_FOUND_MISSING chat_id=2144563093 title=
2026-09-26 01:47:32 | INFO    | mediagrab          | _reconcile_cycle:946 | VC_RECONCILE_FOUND_MISSING chat_id=2333937461 title=
2026-09-26 01:47:32 | INFO    | mediagrab          | _reconcile_cycle:946 | VC_RECONCILE_FOUND_MISSING chat_id=1993596337 title=Трейд чатик Vespiol
2026-09-26 01:47:32 | DEBUG   | mediagrab          | _watchdog_loop:1740 | WATCHDOG: talkative handler not registered but effective_disabled source=dashboard_db — not retrying (admin disabled; v99.07 FIX-5)
2026-09-26 01:47:40 | INFO    | mediagrab          | _bot_heartbeat_loop:2840 | BOT_HEARTBEAT pid=7 uptime=17595s rss_mb=166 threads=50 fd=333/1024 joined_transports=20 join_queue=0 active_joins=0 memory_limit_mb=4506 resource_headroom_mb=4340 FD_CENSUS total=333 soft=1024 sockets=316 pipes=2 files=12 anon=2 other=1 MEM_CENSUS rss_mb=166 threads=50 fd=333/1024 joined_transports=20 joins=_global:J=13/F=0 acc_918335829278:J=6/F=0 acc_919006065076:J=1/F=0 (v98.05 FIX-FF liveness; v98.06 FIX-OO uptime epoch domain; v99.02 FIX-3 FD_CENSUS; v99.10 FIX-D MEM_CENSUS; v99.11 P0-1 single-%s safe emission + resource fields)
2026-09-26 01:48:02 | DEBUG   | mediagrab          | _mtproto_health_loop:5800 | MTProto health check: OK
2026-09-26 01:48:02 | INFO    | mediagrab          | _mtproto_health_loop:5864 | MTPROTO_GENERATION_STATE active=0 retiring=0 retired=0 poisoned=0 generation_sessions=0 live_clients=3
2026-09-26 01:48:17 | INFO    | mediagrab          | _vc_handle_vc_command:28929 | COMMAND_RECEIVED path=telethon cmd=activity@newsviewslavebot sender=8510166302 chat=-1003922758336
2026-09-26 01:48:29 | INFO    | mediagrab          | vc_collect_capability_evidence:8673 | VC_MULTI_CAPABILITY classification=MULTI_TRANSPORT resolved_count=13 tracked_targets=34 telegram_present=16 leave_target_specific=True confidence=high contradictions=0
2026-09-26 01:48:29 | DEBUG   | mediagrab          | vc_verify_target:8855 | VC_RECONCILE_CLIENT chat_id=-1001949746242 account_id=global source=global_backend_bound
2026-09-26 01:48:29 | INFO    | mediagrab          | resolve_vc_entity:11974 | VC_ENTITY_RESOLVE_START chat_ref=-1001949746242 chat_id=-1001949746242 access_hash=yes
2026-09-26 01:48:29 | INFO    | mediagrab          | resolve_vc_entity:12075 | VC_ENTITY_RESOLVE_CACHE_HIT chat_id=-1001949746242
2026-09-26 01:48:29 | INFO    | mediagrab          | resolve_vc_entity:12076 | VC_ENTITY_RESOLVE_SUCCESS chat_id=-1001949746242 source=cache
2026-09-26 01:48:29 | INFO    | mediagrab          | resolve_vc_entity:12431 | ENTITY_RESOLVE_RPC_COUNT chat_id=-1001949746242 scope=acc_918335829278 rpcs=0 failed_rpcs=0 outcome=RESOLVED_FROM_CACHE duration_ms=0.8 (v98.10 §22)
2026-09-26 01:48:30 | DEBUG   | mediagrab          | cache_entity_scoped:2355 | ENTITY_CACHE_SCOPED account=acc_918335829278 entity_id=1949746242 source=vc_discovery scope=acc_918335829278 (v99 RC-C scope-annotated)
2026-09-26 01:48:30 | INFO    | mediagrab          | vc_detect_active_call:3098 | VC_ENTITY_DISCOVERED entity_id=1949746242 access_hash=<2432…> type=Channel
2026-09-26 01:48:30 | DEBUG   | mediagrab          | vc_verify_target:8965 | VC_PARTICIPATION_REDETECT_OK chat_id=-1001949746242 account_id=global detect_scope=acc_918335829278 source=cache reresolved=0 (v98.07 FIX-QQ)
2026-09-26 01:48:30 | WARNING | mediagrab          | vc_check_telegram_participation:7700 | VC_PARTICIPATION_TARGETED_EMPTY_STREAK chat_id=-1001949746242 call_id=-8374096343459726500 my_id=8624009332 streak=2/3 (v98.02 FIX-L: single/double targeted-empty is UNKNOWN — NOT destructive; awaiting 3 consecutive for absent) — broad scan truncated at 0/2000, targeted EMPTY
2026-09-26 01:48:30 | INFO    | mediagrab          | vc_verify_target:9136 | VC_PARTICIPATION_VERIFY chat_id=-1001949746242 locally_tracked=False telegram=unknown
2026-09-26 01:48:30 | INFO    | mediagrab          | vc_verify_target:9155 | VC_VERIFY_UNKNOWN chat_id=-1001949746242 locally_tracked=False telegram=unknown — explicit verification state (v99.11 P1; never a leave)
2026-09-26 01:48:30 | INFO    | mediagrab          | vc_reconcile_participations:9560 | VC_PARTICIPATION_UNKNOWN chat_id=-1001949746242 — preserving unknown state
2026-09-26 01:48:30 | INFO    | mediagrab          | vc_reconcile_participations:9645 | VC_REGISTRY_UPDATE_CONFIRMED chat_id=-1001949746242 classification=UNKNOWN
2026-09-26 01:48:30 | DEBUG   | mediagrab          | vc_verify_target:8855 | VC_RECONCILE_CLIENT chat_id=1949746242 account_id=acc_918335829278 source=account:acc_918335829278
2026-09-26 01:48:30 | INFO    | mediagrab          | resolve_vc_entity:11974 | VC_ENTITY_RESOLVE_START chat_ref=-1001949746242 chat_id=-1001949746242 access_hash=yes
2026-09-26 01:48:30 | INFO    | mediagrab          | resolve_vc_entity:12075 | VC_ENTITY_RESOLVE_CACHE_HIT chat_id=-1001949746242
2026-09-26 01:48:30 | INFO    | mediagrab          | resolve_vc_entity:12076 | VC_ENTITY_RESOLVE_SUCCESS chat_id=-1001949746242 source=cache
2026-09-26 01:48:30 | INFO    | mediagrab          | resolve_vc_entity:12431 | ENTITY_RESOLVE_RPC_COUNT chat_id=-1001949746242 scope=acc_918335829278 rpcs=0 failed_rpcs=0 outcome=RESOLVED_FROM_CACHE duration_ms=0.3 (v98.10 §22)
2026-09-26 01:48:31 | DEBUG   | mediagrab          | cache_entity_scoped:2355 | ENTITY_CACHE_SCOPED account=acc_918335829278 entity_id=1949746242 source=vc_discovery scope=acc_918335829278 (v99 RC-C scope-annotated)
2026-09-26 01:48:31 | INFO    | mediagrab          | vc_detect_active_call:3098 | VC_ENTITY_DISCOVERED entity_id=1949746242 access_hash=<2432…> type=Channel
2026-09-26 01:48:31 | DEBUG   | mediagrab          | vc_verify_target:8965 | VC_PARTICIPATION_REDETECT_OK chat_id=1949746242 account_id=acc_918335829278 detect_scope=acc_918335829278 source=cache reresolved=0 (v98.07 FIX-QQ)
2026-09-26 01:48:31 | WARNING | mediagrab          | vc_check_telegram_participation:7700 | VC_PARTICIPATION_TARGETED_EMPTY_STREAK chat_id=1949746242 call_id=-8374096343459726500 my_id=8624009332 streak=2/3 (v98.02 FIX-L: single/double targeted-empty is UNKNOWN — NOT destructive; awaiting 3 consecutive for absent) — broad scan truncated at 0/2000, targeted EMPTY
2026-09-26 01:48:31 | INFO    | mediagrab          | vc_verify_target:9136 | VC_PARTICIPATION_VERIFY chat_id=1949746242 locally_tracked=False telegram=unknown
2026-09-26 01:48:31 | INFO    | mediagrab          | vc_verify_target:9155 | VC_VERIFY_UNKNOWN chat_id=1949746242 locally_tracked=False telegram=unknown — explicit verification state (v99.11 P1; never a leave)
2026-09-26 01:48:31 | INFO    | mediagrab          | vc_reconcile_participations:9560 | VC_PARTICIPATION_UNKNOWN chat_id=1949746242 — preserving unknown state
2026-09-26 01:48:31 | INFO    | mediagrab          | vc_reconcile_participations:9645 | VC_REGISTRY_UPDATE_CONFIRMED chat_id=1949746242 classification=UNKNOWN
2026-09-26 01:48:31 | DEBUG   | mediagrab          | vc_verify_target:8730 | VC_RECONCILE_SKIP_COOLDOWN chat_id=-1003717806820 remaining=845s — recently confirmed dead
2026-09-26 01:48:31 | INFO    | mediagrab          | vc_reconcile_participations:9645 | VC_REGISTRY_UPDATE_CONFIRMED chat_id=-1003717806820 classification=UNKNOWN
2026-09-26 01:48:31 | DEBUG   | mediagrab          | vc_verify_target:8730 | VC_RECONCILE_SKIP_COOLDOWN chat_id=3717806820 remaining=845s — recently confirmed dead
2026-09-26 01:48:31 | INFO    | mediagrab          | vc_reconcile_participations:9645 | VC_REGISTRY_UPDATE_CONFIRMED chat_id=3717806820 classification=UNKNOWN
2026-09-26 01:48:31 | DEBUG   | mediagrab          | vc_verify_target:8855 | VC_RECONCILE_CLIENT chat_id=-1004493954490 account_id=global source=global_backend_bound
2026-09-26 01:48:31 | INFO    | mediagrab          | resolve_vc_entity:11974 | VC_ENTITY_RESOLVE_START chat_ref=-1004493954490 chat_id=-1004493954490 access_hash=yes
2026-09-26 01:48:31 | INFO    | mediagrab          | resolve_vc_entity:12075 | VC_ENTITY_RESOLVE_CACHE_HIT chat_id=-1004493954490
2026-09-26 01:48:31 | INFO    | mediagrab          | resolve_vc_entity:12076 | VC_ENTITY_RESOLVE_SUCCESS chat_id=-1004493954490 source=cache
2026-09-26 01:48:31 | INFO    | mediagrab          | resolve_vc_entity:12431 | ENTITY_RESOLVE_RPC_COUNT chat_id=-1004493954490 scope=acc_918335829278 rpcs=0 failed_rpcs=0 outcome=RESOLVED_FROM_CACHE duration_ms=0.4 (v98.10 §22)
2026-09-26 01:48:31 | DEBUG   | mediagrab          | cache_entity_scoped:2355 | ENTITY_CACHE_SCOPED account=acc_918335829278 entity_id=4493954490 source=vc_discovery scope=acc_918335829278 (v99 RC-C scope-annotated)
2026-09-26 01:48:31 | INFO    | mediagrab          | vc_detect_active_call:3098 | VC_ENTITY_DISCOVERED entity_id=4493954490 access_hash=<1521…> type=Channel
2026-09-26 01:48:31 | DEBUG   | mediagrab          | vc_verify_target:8965 | VC_PARTICIPATION_REDETECT_OK chat_id=-1004493954490 account_id=global detect_scope=acc_918335829278 source=cache reresolved=0 (v98.07 FIX-QQ)
2026-09-26 01:48:32 | DEBUG   | mediagrab          | _mtproto_health_loop:5800 | MTProto health check: OK
2026-09-26 01:48:32 | INFO    | mediagrab          | _mtproto_health_loop:5864 | MTPROTO_GENERATION_STATE active=0 retiring=0 retired=0 poisoned=0 generation_sessions=0 live_clients=3
2026-09-26 01:48:32 | INFO    | mediagrab          | _reconcile_cycle:917 | VC_COVERAGE_RECONCILE_START active=40 joined=28 missing=12 retry_ready=0 persistent_retry_queue_total=0 persistent_retry_queue_ready=0
2026-09-26 01:48:32 | INFO    | mediagrab          | _reconcile_cycle:946 | VC_RECONCILE_FOUND_MISSING chat_id=1949746242 title=
2026-09-26 01:48:32 | INFO    | mediagrab          | _reconcile_cycle:946 | VC_RECONCILE_FOUND_MISSING chat_id=3717806820 title=
2026-09-26 01:48:32 | INFO    | mediagrab          | _reconcile_cycle:946 | VC_RECONCILE_FOUND_MISSING chat_id=3961210499 title=
2026-09-26 01:48:32 | INFO    | mediagrab          | _reconcile_cycle:946 | VC_RECONCILE_FOUND_MISSING chat_id=2144563093 title=
2026-09-26 01:48:32 | INFO    | mediagrab          | _reconcile_cycle:946 | VC_RECONCILE_FOUND_MISSING chat_id=2333937461 title=
2026-09-26 01:48:32 | INFO    | mediagrab          | _reconcile_cycle:946 | VC_RECONCILE_FOUND_MISSING chat_id=1993596337 title=Трейд чатик Vespiol
2026-09-26 01:48:32 | DEBUG   | mediagrab          | _watchdog_loop:1740 | WATCHDOG: talkative handler not registered but effective_disabled source=dashboard_db — not retrying (admin disabled; v99.07 FIX-5)
2026-09-26 01:48:32 | INFO    | mediagrab          | vc_check_telegram_participation:7443 | VC_PARTICIPATION_PRESENT chat_id=-1004493954490 call_id=-854643486267583587 my_id=8624009332 pages=1 inspected=1 complete=yes server_count=None participant=[peer=PeerUser(8624009332) flags=is_self,muted,video_joined source=1809589421]
2026-09-26 01:48:32 | INFO    | mediagrab          | vc_verify_target:9136 | VC_PARTICIPATION_VERIFY chat_id=-1004493954490 locally_tracked=False telegram=present
2026-09-26 01:48:32 | INFO    | mediagrab          | vc_verify_target:9155 | VC_VERIFY_MEMBER chat_id=-1004493954490 locally_tracked=False telegram=present — explicit verification state (v99.11 P1; never a leave)
2026-09-26 01:48:32 | INFO    | mediagrab          | vc_reconcile_participations:9645 | VC_REGISTRY_UPDATE_CONFIRMED chat_id=-1004493954490 classification=PARTICIPATING_UNTRACKED
2026-09-26 01:48:32 | DEBUG   | mediagrab          | vc_verify_target:8855 | VC_RECONCILE_CLIENT chat_id=4493954490 account_id=(none) source=primary_legacy
2026-09-26 01:48:32 | INFO    | mediagrab          | resolve_vc_entity:11974 | VC_ENTITY_RESOLVE_START chat_ref=-1004493954490 chat_id=-1004493954490 access_hash=yes
2026-09-26 01:48:32 | INFO    | mediagrab          | resolve_vc_entity:12075 | VC_ENTITY_RESOLVE_CACHE_HIT chat_id=-1004493954490
2026-09-26 01:48:32 | INFO    | mediagrab          | resolve_vc_entity:12076 | VC_ENTITY_RESOLVE_SUCCESS chat_id=-1004493954490 source=cache
2026-09-26 01:48:32 | INFO    | mediagrab          | resolve_vc_entity:12431 | ENTITY_RESOLVE_RPC_COUNT chat_id=-1004493954490 scope=acc_918335829278 rpcs=0 failed_rpcs=0 outcome=RESOLVED_FROM_CACHE duration_ms=0.3 (v98.10 §22)
2026-09-26 01:48:32 | DEBUG   | mediagrab          | cache_entity_scoped:2355 | ENTITY_CACHE_SCOPED account=acc_918335829278 entity_id=4493954490 source=vc_discovery scope=acc_918335829278 (v99 RC-C scope-annotated)
2026-09-26 01:48:32 | INFO    | mediagrab          | vc_detect_active_call:3098 | VC_ENTITY_DISCOVERED entity_id=4493954490 access_hash=<1521…> type=Channel
2026-09-26 01:48:32 | DEBUG   | mediagrab          | vc_verify_target:8965 | VC_PARTICIPATION_REDETECT_OK chat_id=4493954490 account_id=(none) detect_scope=acc_918335829278 source=cache reresolved=0 (v98.07 FIX-QQ)
2026-09-26 01:48:32 | INFO    | mediagrab          | vc_check_telegram_participation:7443 | VC_PARTICIPATION_PRESENT chat_id=4493954490 call_id=-854643486267583587 my_id=8624009332 pages=1 inspected=1 complete=yes server_count=None participant=[peer=PeerUser(8624009332) flags=is_self,muted,video_joined source=1809589421]
2026-09-26 01:48:32 | INFO    | mediagrab          | vc_verify_target:9136 | VC_PARTICIPATION_VERIFY chat_id=4493954490 locally_tracked=False telegram=present
2026-09-26 01:48:32 | INFO    | mediagrab          | vc_verify_target:9155 | VC_VERIFY_MEMBER chat_id=4493954490 locally_tracked=False telegram=present — explicit verification state (v99.11 P1; never a leave)
2026-09-26 01:48:32 | INFO    | mediagrab          | vc_reconcile_participations:9645 | VC_REGISTRY_UPDATE_CONFIRMED chat_id=4493954490 classification=PARTICIPATING_UNTRACKED
2026-09-26 01:48:32 | DEBUG   | mediagrab          | vc_verify_target:8855 | VC_RECONCILE_CLIENT chat_id=-1001741660162 account_id=global source=global_backend_bound
2026-09-26 01:48:32 | INFO    | mediagrab          | resolve_vc_entity:11974 | VC_ENTITY_RESOLVE_START chat_ref=-1001741660162 chat_id=-1001741660162 access_hash=yes
2026-09-26 01:48:32 | INFO    | mediagrab          | resolve_vc_entity:12075 | VC_ENTITY_RESOLVE_CACHE_HIT chat_id=-1001741660162
2026-09-26 01:48:32 | INFO    | mediagrab          | resolve_vc_entity:12076 | VC_ENTITY_RESOLVE_SUCCESS chat_id=-1001741660162 source=cache
2026-09-26 01:48:32 | INFO    | mediagrab          | resolve_vc_entity:12431 | ENTITY_RESOLVE_RPC_COUNT chat_id=-1001741660162 scope=acc_918335829278 rpcs=0 failed_rpcs=0 outcome=RESOLVED_FROM_CACHE duration_ms=0.3 (v98.10 §22)
2026-09-26 01:48:32 | DEBUG   | mediagrab          | cache_entity_scoped:2355 | ENTITY_CACHE_SCOPED account=acc_918335829278 entity_id=1741660162 source=vc_discovery scope=acc_918335829278 (v99 RC-C scope-annotated)
2026-09-26 01:48:32 | INFO    | mediagrab          | vc_detect_active_call:3098 | VC_ENTITY_DISCOVERED entity_id=1741660162 access_hash=<-409…> type=Channel
2026-09-26 01:48:32 | DEBUG   | mediagrab          | vc_verify_target:8965 | VC_PARTICIPATION_REDETECT_OK chat_id=-1001741660162 account_id=global detect_scope=acc_918335829278 source=cache reresolved=0 (v98.07 FIX-QQ)
2026-09-26 01:48:33 | INFO    | mediagrab          | vc_check_telegram_participation:7443 | VC_PARTICIPATION_PRESENT chat_id=-1001741660162 call_id=-7480373434596124204 my_id=8624009332 pages=1 inspected=1 complete=yes server_count=None participant=[peer=PeerUser(8624009332) flags=is_self,muted,video_joined source=1709522862]
2026-09-26 01:48:33 | INFO    | mediagrab          | vc_verify_target:9136 | VC_PARTICIPATION_VERIFY chat_id=-1001741660162 locally_tracked=False telegram=present
2026-09-26 01:48:33 | INFO    | mediagrab          | vc_verify_target:9155 | VC_VERIFY_MEMBER chat_id=-1001741660162 locally_tracked=False telegram=present — explicit verification state (v99.11 P1; never a leave)
2026-09-26 01:48:33 | INFO    | mediagrab          | vc_reconcile_participations:9645 | VC_REGISTRY_UPDATE_CONFIRMED chat_id=-1001741660162 classification=PARTICIPATING_UNTRACKED
2026-09-26 01:48:33 | DEBUG   | mediagrab          | vc_verify_target:8855 | VC_RECONCILE_CLIENT chat_id=1741660162 account_id=(none) source=primary_legacy
2026-09-26 01:48:33 | INFO    | mediagrab          | resolve_vc_entity:11974 | VC_ENTITY_RESOLVE_START chat_ref=-1001741660162 chat_id=-1001741660162 access_hash=yes
2026-09-26 01:48:33 | INFO    | mediagrab          | resolve_vc_entity:12075 | VC_ENTITY_RESOLVE_CACHE_HIT chat_id=-1001741660162
2026-09-26 01:48:33 | INFO    | mediagrab          | resolve_vc_entity:12076 | VC_ENTITY_RESOLVE_SUCCESS chat_id=-1001741660162 source=cache
2026-09-26 01:48:33 | INFO    | mediagrab          | resolve_vc_entity:12431 | ENTITY_RESOLVE_RPC_COUNT chat_id=-1001741660162 scope=acc_918335829278 rpcs=0 failed_rpcs=0 outcome=RESOLVED_FROM_CACHE duration_ms=0.4 (v98.10 §22)
2026-09-26 01:48:33 | DEBUG   | mediagrab          | cache_entity_scoped:2355 | ENTITY_CACHE_SCOPED account=acc_918335829278 entity_id=1741660162 source=vc_discovery scope=acc_918335829278 (v99 RC-C scope-annotated)
2026-09-26 01:48:33 | INFO    | mediagrab          | vc_detect_active_call:3098 | VC_ENTITY_DISCOVERED entity_id=1741660162 access_hash=<-409…> type=Channel
2026-09-26 01:48:33 | DEBUG   | mediagrab          | vc_verify_target:8965 | VC_PARTICIPATION_REDETECT_OK chat_id=1741660162 account_id=(none) detect_scope=acc_918335829278 source=cache reresolved=0 (v98.07 FIX-QQ)
2026-09-26 01:48:33 | INFO    | mediagrab          | vc_check_telegram_participation:7443 | VC_PARTICIPATION_PRESENT chat_id=1741660162 call_id=-7480373434596124204 my_id=8624009332 pages=1 inspected=1 complete=yes server_count=None participant=[peer=PeerUser(8624009332) flags=is_self,muted,video_joined source=1709522862]
2026-09-26 01:48:33 | INFO    | mediagrab          | vc_verify_target:9136 | VC_PARTICIPATION_VERIFY chat_id=1741660162 locally_tracked=False telegram=present
2026-09-26 01:48:33 | INFO    | mediagrab          | vc_verify_target:9155 | VC_VERIFY_MEMBER chat_id=1741660162 locally_tracked=False telegram=present — explicit verification state (v99.11 P1; never a leave)
2026-09-26 01:48:33 | INFO    | mediagrab          | vc_reconcile_participations:9645 | VC_REGISTRY_UPDATE_CONFIRMED chat_id=1741660162 classification=PARTICIPATING_UNTRACKED
2026-09-26 01:48:33 | DEBUG   | mediagrab          | vc_verify_target:8855 | VC_RECONCILE_CLIENT chat_id=-1003957856246 account_id=global source=global_backend_bound
2026-09-26 01:48:33 | INFO    | mediagrab          | resolve_vc_entity:11974 | VC_ENTITY_RESOLVE_START chat_ref=-1003957856246 chat_id=-1003957856246 access_hash=yes
2026-09-26 01:48:33 | INFO    | mediagrab          | resolve_vc_entity:12075 | VC_ENTITY_RESOLVE_CACHE_HIT chat_id=-1003957856246
2026-09-26 01:48:33 | INFO    | mediagrab          | resolve_vc_entity:12076 | VC_ENTITY_RESOLVE_SUCCESS chat_id=-1003957856246 source=cache
2026-09-26 01:48:33 | INFO    | mediagrab          | resolve_vc_entity:12431 | ENTITY_RESOLVE_RPC_COUNT chat_id=-1003957856246 scope=acc_918335829278 rpcs=0 failed_rpcs=0 outcome=RESOLVED_FROM_CACHE duration_ms=0.1 (v98.10 §22)
2026-09-26 01:48:34 | DEBUG   | mediagrab          | cache_entity_scoped:2355 | ENTITY_CACHE_SCOPED account=acc_918335829278 entity_id=3957856246 source=vc_discovery scope=acc_918335829278 (v99 RC-C scope-annotated)
2026-09-26 01:48:34 | INFO    | mediagrab          | vc_detect_active_call:3098 | VC_ENTITY_DISCOVERED entity_id=3957856246 access_hash=<-733…> type=Channel
2026-09-26 01:48:34 | DEBUG   | mediagrab          | vc_verify_target:8965 | VC_PARTICIPATION_REDETECT_OK chat_id=-1003957856246 account_id=global detect_scope=acc_918335829278 source=cache reresolved=0 (v98.07 FIX-QQ)
2026-09-26 01:48:34 | INFO    | mediagrab          | vc_check_telegram_participation:7443 | VC_PARTICIPATION_PRESENT chat_id=-1003957856246 call_id=-7775491097696072747 my_id=8624009332 pages=1 inspected=1 complete=yes server_count=None participant=[peer=PeerUser(8624009332) flags=is_self,muted,video_joined source=1207408936]
2026-09-26 01:48:34 | INFO    | mediagrab          | vc_verify_target:9136 | VC_PARTICIPATION_VERIFY chat_id=-1003957856246 locally_tracked=False telegram=present
2026-09-26 01:48:34 | INFO    | mediagrab          | vc_verify_target:9155 | VC_VERIFY_MEMBER chat_id=-1003957856246 locally_tracked=False telegram=present — explicit verification state (v99.11 P1; never a leave)
2026-09-26 01:48:34 | INFO    | mediagrab          | vc_reconcile_participations:9645 | VC_REGISTRY_UPDATE_CONFIRMED chat_id=-1003957856246 classification=PARTICIPATING_UNTRACKED
2026-09-26 01:48:34 | DEBUG   | mediagrab          | vc_verify_target:8855 | VC_RECONCILE_CLIENT chat_id=3957856246 account_id=(none) source=primary_legacy
2026-09-26 01:48:34 | INFO    | mediagrab          | resolve_vc_entity:11974 | VC_ENTITY_RESOLVE_START chat_ref=-1003957856246 chat_id=-1003957856246 access_hash=yes
2026-09-26 01:48:34 | INFO    | mediagrab          | resolve_vc_entity:12075 | VC_ENTITY_RESOLVE_CACHE_HIT chat_id=-1003957856246
2026-09-26 01:48:34 | INFO    | mediagrab          | resolve_vc_entity:12076 | VC_ENTITY_RESOLVE_SUCCESS chat_id=-1003957856246 source=cache
2026-09-26 01:48:34 | INFO    | mediagrab          | resolve_vc_entity:12431 | ENTITY_RESOLVE_RPC_COUNT chat_id=-1003957856246 scope=acc_918335829278 rpcs=0 failed_rpcs=0 outcome=RESOLVED_FROM_CACHE duration_ms=0.2 (v98.10 §22)
2026-09-26 01:48:34 | DEBUG   | mediagrab          | cache_entity_scoped:2355 | ENTITY_CACHE_SCOPED account=acc_918335829278 entity_id=3957856246 source=vc_discovery scope=acc_918335829278 (v99 RC-C scope-annotated)
2026-09-26 01:48:34 | INFO    | mediagrab          | vc_detect_active_call:3098 | VC_ENTITY_DISCOVERED entity_id=3957856246 access_hash=<-733…> type=Channel
2026-09-26 01:48:34 | DEBUG   | mediagrab          | vc_verify_target:8965 | VC_PARTICIPATION_REDETECT_OK chat_id=3957856246 account_id=(none) detect_scope=acc_918335829278 source=cache reresolved=0 (v98.07 FIX-QQ)
2026-09-26 01:48:34 | INFO    | mediagrab          | vc_check_telegram_participation:7443 | VC_PARTICIPATION_PRESENT chat_id=3957856246 call_id=-7775491097696072747 my_id=8624009332 pages=1 inspected=1 complete=yes server_count=None participant=[peer=PeerUser(8624009332) flags=is_self,muted,video_joined source=1207408936]
2026-09-26 01:48:34 | INFO    | mediagrab          | vc_verify_target:9136 | VC_PARTICIPATION_VERIFY chat_id=3957856246 locally_tracked=False telegram=present
2026-09-26 01:48:34 | INFO    | mediagrab          | vc_verify_target:9155 | VC_VERIFY_MEMBER chat_id=3957856246 locally_tracked=False telegram=present — explicit verification state (v99.11 P1; never a leave)
2026-09-26 01:48:34 | INFO    | mediagrab          | vc_reconcile_participations:9645 | VC_REGISTRY_UPDATE_CONFIRMED chat_id=3957856246 classification=PARTICIPATING_UNTRACKED
2026-09-26 01:48:34 | DEBUG   | mediagrab          | vc_verify_target:8855 | VC_RECONCILE_CLIENT chat_id=-1003961210499 account_id=global source=global_backend_bound
2026-09-26 01:48:34 | INFO    | mediagrab          | resolve_vc_entity:11974 | VC_ENTITY_RESOLVE_START chat_ref=-1003961210499 chat_id=-1003961210499 access_hash=yes
2026-09-26 01:48:34 | INFO    | mediagrab          | resolve_vc_entity:12075 | VC_ENTITY_RESOLVE_CACHE_HIT chat_id=-1003961210499
2026-09-26 01:48:34 | INFO    | mediagrab          | resolve_vc_entity:12076 | VC_ENTITY_RESOLVE_SUCCESS chat_id=-1003961210499 source=cache
2026-09-26 01:48:34 | INFO    | mediagrab          | resolve_vc_entity:12431 | ENTITY_RESOLVE_RPC_COUNT chat_id=-1003961210499 scope=acc_918335829278 rpcs=0 failed_rpcs=0 outcome=RESOLVED_FROM_CACHE duration_ms=1.4 (v98.10 §22)
2026-09-26 01:48:35 | INFO    | mediagrab          | vc_verify_target:9080 | VC_PARTICIPATION_CALL_ENDED chat_id=-1003961210499 call_id=-7789897504631902481 — retiring stale call identity (v98.00 FIX-E Case C: vc_detect_active_call returned None — genuine absence)
2026-09-26 01:48:35 | INFO    | mediagrab          | vc_verify_target:9136 | VC_PARTICIPATION_VERIFY chat_id=-1003961210499 locally_tracked=False telegram=absent
2026-09-26 01:48:35 | INFO    | mediagrab          | vc_verify_target:9155 | VC_VERIFY_NOT_MEMBER chat_id=-1003961210499 locally_tracked=False telegram=absent — explicit verification state (v99.11 P1; never a leave)
2026-09-26 01:48:35 | INFO    | mediagrab          | vc_reconcile_participations:9542 | VC_PARTICIPATION_CONFIRMED_ABSENT chat_id=-1003961210499
2026-09-26 01:48:35 | INFO    | mediagrab          | _vc_cleanup_stale_backend_call:8029 | VC_BACKEND_STALE_CALL_CLEANUP_OWNER chat_id=-1003961210499 owner_account=(global) — using per-account backend for cleanup (v98.01 FIX-J: account-aware, prevents cross-account corruption)
2026-09-26 01:48:35 | INFO    | mediagrab          | vc_reconcile_participations:9645 | VC_REGISTRY_UPDATE_CONFIRMED chat_id=-1003961210499 classification=LEFT
2026-09-26 01:48:35 | DEBUG   | mediagrab          | vc_verify_target:8855 | VC_RECONCILE_CLIENT chat_id=3961210499 account_id=(none) source=primary_legacy
2026-09-26 01:48:35 | INFO    | mediagrab          | resolve_vc_entity:11974 | VC_ENTITY_RESOLVE_START chat_ref=-1003961210499 chat_id=-1003961210499 access_hash=yes
2026-09-26 01:48:35 | INFO    | mediagrab          | resolve_vc_entity:12075 | VC_ENTITY_RESOLVE_CACHE_HIT chat_id=-1003961210499
2026-09-26 01:48:35 | INFO    | mediagrab          | resolve_vc_entity:12076 | VC_ENTITY_RESOLVE_SUCCESS chat_id=-1003961210499 source=cache
2026-09-26 01:48:35 | INFO    | mediagrab          | resolve_vc_entity:12431 | ENTITY_RESOLVE_RPC_COUNT chat_id=-1003961210499 scope=acc_918335829278 rpcs=0 failed_rpcs=0 outcome=RESOLVED_FROM_CACHE duration_ms=0.4 (v98.10 §22)
2026-09-26 01:48:35 | INFO    | mediagrab          | vc_verify_target:9080 | VC_PARTICIPATION_CALL_ENDED chat_id=3961210499 call_id=-7789897504631902481 — retiring stale call identity (v98.00 FIX-E Case C: vc_detect_active_call returned None — genuine absence)
2026-09-26 01:48:35 | INFO    | mediagrab          | vc_verify_target:9136 | VC_PARTICIPATION_VERIFY chat_id=3961210499 locally_tracked=False telegram=absent
2026-09-26 01:48:35 | INFO    | mediagrab          | vc_verify_target:9155 | VC_VERIFY_NOT_MEMBER chat_id=3961210499 locally_tracked=False telegram=absent — explicit verification state (v99.11 P1; never a leave)
2026-09-26 01:48:35 | INFO    | mediagrab          | vc_reconcile_participations:9542 | VC_PARTICIPATION_CONFIRMED_ABSENT chat_id=3961210499
2026-09-26 01:48:35 | INFO    | mediagrab          | _vc_cleanup_stale_backend_call:8029 | VC_BACKEND_STALE_CALL_CLEANUP_OWNER chat_id=3961210499 owner_account=(global) — using per-account backend for cleanup (v98.01 FIX-J: account-aware, prevents cross-account corruption)
2026-09-26 01:48:35 | INFO    | mediagrab          | vc_reconcile_participations:9645 | VC_REGISTRY_UPDATE_CONFIRMED chat_id=3961210499 classification=LEFT
2026-09-26 01:48:35 | DEBUG   | mediagrab          | vc_verify_target:8855 | VC_RECONCILE_CLIENT chat_id=-1002144563093 account_id=acc_919006065076 source=account:acc_919006065076
2026-09-26 01:48:35 | INFO    | mediagrab          | resolve_vc_entity:11974 | VC_ENTITY_RESOLVE_START chat_ref=-1002144563093 chat_id=-1002144563093 access_hash=yes
2026-09-26 01:48:35 | INFO    | mediagrab          | resolve_vc_entity:12075 | VC_ENTITY_RESOLVE_CACHE_HIT chat_id=-1002144563093
2026-09-26 01:48:35 | INFO    | mediagrab          | resolve_vc_entity:12076 | VC_ENTITY_RESOLVE_SUCCESS chat_id=-1002144563093 source=cache
2026-09-26 01:48:35 | INFO    | mediagrab          | resolve_vc_entity:12431 | ENTITY_RESOLVE_RPC_COUNT chat_id=-1002144563093 scope=acc_919006065076 rpcs=0 failed_rpcs=0 outcome=RESOLVED_FROM_CACHE duration_ms=0.2 (v98.10 §22)
2026-09-26 01:48:35 | DEBUG   | mediagrab          | cache_entity_scoped:2355 | ENTITY_CACHE_SCOPED account=acc_919006065076 entity_id=2144563093 source=vc_discovery scope=acc_919006065076 (v99 RC-C scope-annotated)
2026-09-26 01:48:35 | INFO    | mediagrab          | vc_detect_active_call:3098 | VC_ENTITY_DISCOVERED entity_id=2144563093 access_hash=<-106…> type=Channel
2026-09-26 01:48:35 | DEBUG   | mediagrab          | vc_verify_target:8965 | VC_PARTICIPATION_REDETECT_OK chat_id=-1002144563093 account_id=acc_919006065076 detect_scope=acc_919006065076 source=cache reresolved=0 (v98.07 FIX-QQ)
2026-09-26 01:48:36 | WARNING | mediagrab          | vc_check_telegram_participation:7700 | VC_PARTICIPATION_TARGETED_EMPTY_STREAK chat_id=-1002144563093 call_id=-9210828346574712743 my_id=8699582859 streak=2/3 (v98.02 FIX-L: single/double targeted-empty is UNKNOWN — NOT destructive; awaiting 3 consecutive for absent) — broad scan truncated at 0/2000, targeted EMPTY
2026-09-26 01:48:36 | INFO    | mediagrab          | vc_verify_target:9136 | VC_PARTICIPATION_VERIFY chat_id=-1002144563093 locally_tracked=False telegram=unknown
2026-09-26 01:48:36 | INFO    | mediagrab          | vc_verify_target:9155 | VC_VERIFY_UNKNOWN chat_id=-1002144563093 locally_tracked=False telegram=unknown — explicit verification state (v99.11 P1; never a leave)
2026-09-26 01:48:36 | INFO    | mediagrab          | vc_reconcile_participations:9560 | VC_PARTICIPATION_UNKNOWN chat_id=-1002144563093 — preserving unknown state
2026-09-26 01:48:36 | INFO    | mediagrab          | vc_reconcile_participations:9645 | VC_REGISTRY_UPDATE_CONFIRMED chat_id=-1002144563093 classification=UNKNOWN
2026-09-26 01:48:36 | DEBUG   | mediagrab          | vc_verify_target:8855 | VC_RECONCILE_CLIENT chat_id=2144563093 account_id=acc_919006065076 source=account:acc_919006065076
2026-09-26 01:48:36 | INFO    | mediagrab          | resolve_vc_entity:11974 | VC_ENTITY_RESOLVE_START chat_ref=-1002144563093 chat_id=-1002144563093 access_hash=yes
2026-09-26 01:48:36 | INFO    | mediagrab          | resolve_vc_entity:12075 | VC_ENTITY_RESOLVE_CACHE_HIT chat_id=-1002144563093
2026-09-26 01:48:36 | INFO    | mediagrab          | resolve_vc_entity:12076 | VC_ENTITY_RESOLVE_SUCCESS chat_id=-1002144563093 source=cache
2026-09-26 01:48:36 | INFO    | mediagrab          | resolve_vc_entity:12431 | ENTITY_RESOLVE_RPC_COUNT chat_id=-1002144563093 scope=acc_919006065076 rpcs=0 failed_rpcs=0 outcome=RESOLVED_FROM_CACHE duration_ms=0.3 (v98.10 §22)
2026-09-26 01:48:36 | DEBUG   | mediagrab          | cache_entity_scoped:2355 | ENTITY_CACHE_SCOPED account=acc_919006065076 entity_id=2144563093 source=vc_discovery scope=acc_919006065076 (v99 RC-C scope-annotated)
2026-09-26 01:48:36 | INFO    | mediagrab          | vc_detect_active_call:3098 | VC_ENTITY_DISCOVERED entity_id=2144563093 access_hash=<-106…> type=Channel
2026-09-26 01:48:36 | DEBUG   | mediagrab          | vc_verify_target:8965 | VC_PARTICIPATION_REDETECT_OK chat_id=2144563093 account_id=acc_919006065076 detect_scope=acc_919006065076 source=cache reresolved=0 (v98.07 FIX-QQ)
2026-09-26 01:48:36 | WARNING | mediagrab          | vc_check_telegram_participation:7700 | VC_PARTICIPATION_TARGETED_EMPTY_STREAK chat_id=2144563093 call_id=-9210828346574712743 my_id=8699582859 streak=2/3 (v98.02 FIX-L: single/double targeted-empty is UNKNOWN — NOT destructive; awaiting 3 consecutive for absent) — broad scan truncated at 0/2000, targeted EMPTY
2026-09-26 01:48:36 | INFO    | mediagrab          | vc_verify_target:9136 | VC_PARTICIPATION_VERIFY chat_id=2144563093 locally_tracked=False telegram=unknown
2026-09-26 01:48:36 | INFO    | mediagrab          | vc_verify_target:9155 | VC_VERIFY_UNKNOWN chat_id=2144563093 locally_tracked=False telegram=unknown — explicit verification state (v99.11 P1; never a leave)
2026-09-26 01:48:36 | INFO    | mediagrab          | vc_reconcile_participations:9560 | VC_PARTICIPATION_UNKNOWN chat_id=2144563093 — preserving unknown state
2026-09-26 01:48:36 | INFO    | mediagrab          | vc_reconcile_participations:9645 | VC_REGISTRY_UPDATE_CONFIRMED chat_id=2144563093 classification=UNKNOWN
2026-09-26 01:48:36 | DEBUG   | mediagrab          | vc_verify_target:8855 | VC_RECONCILE_CLIENT chat_id=-1003875970076 account_id=global source=global_backend_bound
2026-09-26 01:48:36 | INFO    | mediagrab          | resolve_vc_entity:11974 | VC_ENTITY_RESOLVE_START chat_ref=-1003875970076 chat_id=-1003875970076 access_hash=yes
2026-09-26 01:48:36 | INFO    | mediagrab          | resolve_vc_entity:12075 | VC_ENTITY_RESOLVE_CACHE_HIT chat_id=-1003875970076
2026-09-26 01:48:36 | INFO    | mediagrab          | resolve_vc_entity:12076 | VC_ENTITY_RESOLVE_SUCCESS chat_id=-1003875970076 source=cache
2026-09-26 01:48:36 | INFO    | mediagrab          | resolve_vc_entity:12431 | ENTITY_RESOLVE_RPC_COUNT chat_id=-1003875970076 scope=acc_918335829278 rpcs=0 failed_rpcs=0 outcome=RESOLVED_FROM_CACHE duration_ms=0.9 (v98.10 §22)
2026-09-26 01:48:37 | INFO    | mediagrab          | _vc_handle_vc_command:28929 | COMMAND_RECEIVED path=telethon cmd=refer@newsviewslavebot sender=8109663391 chat=-1003922758336
2026-09-26 01:48:37 | DEBUG   | mediagrab          | cache_entity_scoped:2355 | ENTITY_CACHE_SCOPED account=acc_918335829278 entity_id=3875970076 source=vc_discovery scope=acc_918335829278 (v99 RC-C scope-annotated)
2026-09-26 01:48:37 | INFO    | mediagrab          | vc_detect_active_call:3098 | VC_ENTITY_DISCOVERED entity_id=3875970076 access_hash=<-994…> type=Channel
2026-09-26 01:48:37 | DEBUG   | mediagrab          | vc_verify_target:8965 | VC_PARTICIPATION_REDETECT_OK chat_id=-1003875970076 account_id=global detect_scope=acc_918335829278 source=cache reresolved=0 (v98.07 FIX-QQ)
2026-09-26 01:48:37 | INFO    | mediagrab          | vc_check_telegram_participation:7443 | VC_PARTICIPATION_PRESENT chat_id=-1003875970076 call_id=-7423792675553208312 my_id=8624009332 pages=1 inspected=1 complete=yes server_count=None participant=[peer=PeerUser(8624009332) flags=is_self,muted,video_joined source=380782009]
2026-09-26 01:48:37 | INFO    | mediagrab          | vc_verify_target:9136 | VC_PARTICIPATION_VERIFY chat_id=-1003875970076 locally_tracked=False telegram=present
2026-09-26 01:48:37 | INFO    | mediagrab          | vc_verify_target:9155 | VC_VERIFY_MEMBER chat_id=-1003875970076 locally_tracked=False telegram=present — explicit verification state (v99.11 P1; never a leave)
2026-09-26 01:48:37 | INFO    | mediagrab          | vc_reconcile_participations:9645 | VC_REGISTRY_UPDATE_CONFIRMED chat_id=-1003875970076 classification=PARTICIPATING_UNTRACKED
2026-09-26 01:48:37 | DEBUG   | mediagrab          | vc_verify_target:8855 | VC_RECONCILE_CLIENT chat_id=3875970076 account_id=acc_919006065076 source=account:acc_919006065076
2026-09-26 01:48:37 | INFO    | mediagrab          | resolve_vc_entity:11974 | VC_ENTITY_RESOLVE_START chat_ref=-1003875970076 chat_id=-1003875970076 access_hash=yes
2026-09-26 01:48:37 | WARNING | mediagrab          | resolve_vc_entity:12062 | VC_HASH_SCOPE_MISMATCH chat_id=-1003875970076 entry_scope=acc_918335829278 consumer_scope=acc_919006065076 — skipping cache hit, re-resolving for this client (v98.07 FIX-QQ)
2026-09-26 01:48:37 | INFO    | mediagrab          | _v9810_scope_route:11809 | ENTITY_RESOLVE_ACCOUNT_SWITCH chat_id=-1003875970076 from_scope=acc_919006065076 to_account=acc_918335829278 reason=known_good_scope verified_at=1s ago (v98.10 §15 Step 0c — targeted routing, not a blind rotation)
2026-09-26 01:48:37 | INFO    | mediagrab          | _v9810_scope_route:11837 | ENTITY_RESOLVE_CACHE_HIT chat_id=-1003875970076 scope=acc_918335829278 source=scope_state age=1s (v98.10 §15 Step 0c — fresh known-good object, 0 RPCs)
2026-09-26 01:48:37 | INFO    | mediagrab          | resolve_vc_entity:12431 | ENTITY_RESOLVE_RPC_COUNT chat_id=-1003875970076 scope=acc_919006065076 rpcs=0 failed_rpcs=0 outcome=RESOLVED_VIA_ROTATION duration_ms=0.4 (v98.10 §22)
2026-09-26 01:48:37 | DEBUG   | mediagrab          | cache_entity_scoped:2355 | ENTITY_CACHE_SCOPED account=acc_918335829278 entity_id=3875970076 source=vc_discovery scope=acc_918335829278 (v99 RC-C scope-annotated)
2026-09-26 01:48:37 | INFO    | mediagrab          | vc_detect_active_call:3098 | VC_ENTITY_DISCOVERED entity_id=3875970076 access_hash=<-994…> type=Channel
2026-09-26 01:48:37 | DEBUG   | mediagrab          | vc_verify_target:8965 | VC_PARTICIPATION_REDETECT_OK chat_id=3875970076 account_id=acc_919006065076 detect_scope=acc_918335829278 source=account_rotation:acc_918335829278 reresolved=0 (v98.07 FIX-QQ)
2026-09-26 01:48:38 | INFO    | mediagrab          | vc_check_telegram_participation:7356 | VC_PARTICIPATION_STALE_CALL chat_id=3875970076 call_id=-7423792675553208312 exc=GroupcallInvalidError — the queried (id, access_hash) pair is NOT a live call: STALE CALL IDENTITY, returning unknown (NOT absent; the pipeline re-detects the current pair and re-verifies) (v99.05 RC-F4)
2026-09-26 01:48:38 | INFO    | mediagrab          | vc_check_telegram_participation:7370 | VC_VERIFY_STALE_IDENTITY chat_id=3875970076 call_id=-7423792675553208312 — detect stale identity → re-resolve current pair → verify → atomically update cache; existing healthy transport PRESERVED (never a leave; v99.11 P1)
2026-09-26 01:48:38 | INFO    | mediagrab          | vc_verify_target:9136 | VC_PARTICIPATION_VERIFY chat_id=3875970076 locally_tracked=False telegram=unknown
2026-09-26 01:48:38 | INFO    | mediagrab          | vc_verify_target:9155 | VC_VERIFY_UNKNOWN chat_id=3875970076 locally_tracked=False telegram=unknown — explicit verification state (v99.11 P1; never a leave)
2026-09-26 01:48:38 | INFO    | mediagrab          | vc_reconcile_participations:9560 | VC_PARTICIPATION_UNKNOWN chat_id=3875970076 — preserving unknown state
2026-09-26 01:48:38 | INFO    | mediagrab          | vc_reconcile_participations:9645 | VC_REGISTRY_UPDATE_CONFIRMED chat_id=3875970076 classification=UNKNOWN
2026-09-26 01:48:38 | DEBUG   | mediagrab          | vc_verify_target:8855 | VC_RECONCILE_CLIENT chat_id=-1004366077086 account_id=global source=global_backend_bound
2026-09-26 01:48:38 | INFO    | mediagrab          | resolve_vc_entity:11974 | VC_ENTITY_RESOLVE_START chat_ref=-1004366077086 chat_id=-1004366077086 access_hash=yes
2026-09-26 01:48:38 | INFO    | mediagrab          | resolve_vc_entity:12075 | VC_ENTITY_RESOLVE_CACHE_HIT chat_id=-1004366077086
2026-09-26 01:48:38 | INFO    | mediagrab          | resolve_vc_entity:12076 | VC_ENTITY_RESOLVE_SUCCESS chat_id=-1004366077086 source=cache
2026-09-26 01:48:38 | INFO    | mediagrab          | resolve_vc_entity:12431 | ENTITY_RESOLVE_RPC_COUNT chat_id=-1004366077086 scope=acc_918335829278 rpcs=0 failed_rpcs=0 outcome=RESOLVED_FROM_CACHE duration_ms=0.1 (v98.10 §22)
2026-09-26 01:48:38 | DEBUG   | mediagrab          | cache_entity_scoped:2355 | ENTITY_CACHE_SCOPED account=acc_918335829278 entity_id=4366077086 source=vc_discovery scope=acc_918335829278 (v99 RC-C scope-annotated)
2026-09-26 01:48:38 | INFO    | mediagrab          | vc_detect_active_call:3098 | VC_ENTITY_DISCOVERED entity_id=4366077086 access_hash=<-334…> type=Channel
2026-09-26 01:48:38 | DEBUG   | mediagrab          | vc_verify_target:8965 | VC_PARTICIPATION_REDETECT_OK chat_id=-1004366077086 account_id=global detect_scope=acc_918335829278 source=cache reresolved=0 (v98.07 FIX-QQ)
2026-09-26 01:48:38 | WARNING | mediagrab          | vc_check_telegram_participation:7700 | VC_PARTICIPATION_TARGETED_EMPTY_STREAK chat_id=-1004366077086 call_id=-305414218191178015 my_id=8624009332 streak=2/3 (v98.02 FIX-L: single/double targeted-empty is UNKNOWN — NOT destructive; awaiting 3 consecutive for absent) — broad scan truncated at 0/2000, targeted EMPTY
2026-09-26 01:48:38 | INFO    | mediagrab          | vc_verify_target:9136 | VC_PARTICIPATION_VERIFY chat_id=-1004366077086 locally_tracked=False telegram=unknown
2026-09-26 01:48:38 | INFO    | mediagrab          | vc_verify_target:9155 | VC_VERIFY_UNKNOWN chat_id=-1004366077086 locally_tracked=False telegram=unknown — explicit verification state (v99.11 P1; never a leave)
2026-09-26 01:48:38 | INFO    | mediagrab          | vc_reconcile_participations:9560 | VC_PARTICIPATION_UNKNOWN chat_id=-1004366077086 — preserving unknown state
2026-09-26 01:48:38 | INFO    | mediagrab          | vc_reconcile_participations:9645 | VC_REGISTRY_UPDATE_CONFIRMED chat_id=-1004366077086 classification=UNKNOWN
2026-09-26 01:48:38 | DEBUG   | mediagrab          | vc_verify_target:8855 | VC_RECONCILE_CLIENT chat_id=4366077086 account_id=acc_919006065076 source=account:acc_919006065076
2026-09-26 01:48:38 | INFO    | mediagrab          | resolve_vc_entity:11974 | VC_ENTITY_RESOLVE_START chat_ref=-1004366077086 chat_id=-1004366077086 access_hash=yes
2026-09-26 01:48:38 | WARNING | mediagrab          | resolve_vc_entity:12062 | VC_HASH_SCOPE_MISMATCH chat_id=-1004366077086 entry_scope=acc_918335829278 consumer_scope=acc_919006065076 — skipping cache hit, re-resolving for this client (v98.07 FIX-QQ)
2026-09-26 01:48:38 | INFO    | mediagrab          | _v9810_scope_route:11809 | ENTITY_RESOLVE_ACCOUNT_SWITCH chat_id=-1004366077086 from_scope=acc_919006065076 to_account=acc_918335829278 reason=known_good_scope verified_at=1s ago (v98.10 §15 Step 0c — targeted routing, not a blind rotation)
2026-09-26 01:48:38 | INFO    | mediagrab          | _v9810_scope_route:11837 | ENTITY_RESOLVE_CACHE_HIT chat_id=-1004366077086 scope=acc_918335829278 source=scope_state age=1s (v98.10 §15 Step 0c — fresh known-good object, 0 RPCs)
2026-09-26 01:48:38 | INFO    | mediagrab          | resolve_vc_entity:12431 | ENTITY_RESOLVE_RPC_COUNT chat_id=-1004366077086 scope=acc_919006065076 rpcs=0 failed_rpcs=0 outcome=RESOLVED_VIA_ROTATION duration_ms=0.5 (v98.10 §22)
2026-09-26 01:48:39 | DEBUG   | mediagrab          | cache_entity_scoped:2355 | ENTITY_CACHE_SCOPED account=acc_918335829278 entity_id=4366077086 source=vc_discovery scope=acc_918335829278 (v99 RC-C scope-annotated)
2026-09-26 01:48:39 | INFO    | mediagrab          | vc_detect_active_call:3098 | VC_ENTITY_DISCOVERED entity_id=4366077086 access_hash=<-334…> type=Channel
2026-09-26 01:48:39 | DEBUG   | mediagrab          | vc_verify_target:8965 | VC_PARTICIPATION_REDETECT_OK chat_id=4366077086 account_id=acc_919006065076 detect_scope=acc_918335829278 source=account_rotation:acc_918335829278 reresolved=0 (v98.07 FIX-QQ)
2026-09-26 01:48:39 | INFO    | mediagrab          | vc_check_telegram_participation:7356 | VC_PARTICIPATION_STALE_CALL chat_id=4366077086 call_id=-305414218191178015 exc=GroupcallInvalidError — the queried (id, access_hash) pair is NOT a live call: STALE CALL IDENTITY, returning unknown (NOT absent; the pipeline re-detects the current pair and re-verifies) (v99.05 RC-F4)
2026-09-26 01:48:39 | INFO    | mediagrab          | vc_check_telegram_participation:7370 | VC_VERIFY_STALE_IDENTITY chat_id=4366077086 call_id=-305414218191178015 — detect stale identity → re-resolve current pair → verify → atomically update cache; existing healthy transport PRESERVED (never a leave; v99.11 P1)
2026-09-26 01:48:39 | INFO    | mediagrab          | vc_verify_target:9136 | VC_PARTICIPATION_VERIFY chat_id=4366077086 locally_tracked=False telegram=unknown
2026-09-26 01:48:39 | INFO    | mediagrab          | vc_verify_target:9155 | VC_VERIFY_UNKNOWN chat_id=4366077086 locally_tracked=False telegram=unknown — explicit verification state (v99.11 P1; never a leave)
2026-09-26 01:48:39 | INFO    | mediagrab          | vc_reconcile_participations:9529 | VC_RECONCILE_DEFERRED_UNKNOWN chat_id=4366077086 — preserving joined state (backend evidence)
2026-09-26 01:48:39 | INFO    | mediagrab          | vc_reconcile_participations:9645 | VC_REGISTRY_UPDATE_CONFIRMED chat_id=4366077086 classification=LOCALLY_TRACKED_UNCONFIRMED
2026-09-26 01:48:39 | DEBUG   | mediagrab          | vc_verify_target:8855 | VC_RECONCILE_CLIENT chat_id=-1002592942176 account_id=global source=global_backend_bound
2026-09-26 01:48:39 | INFO    | mediagrab          | resolve_vc_entity:11974 | VC_ENTITY_RESOLVE_START chat_ref=-1002592942176 chat_id=-1002592942176 access_hash=yes
2026-09-26 01:48:39 | INFO    | mediagrab          | resolve_vc_entity:12075 | VC_ENTITY_RESOLVE_CACHE_HIT chat_id=-1002592942176
2026-09-26 01:48:39 | INFO    | mediagrab          | resolve_vc_entity:12076 | VC_ENTITY_RESOLVE_SUCCESS chat_id=-1002592942176 source=cache
2026-09-26 01:48:39 | INFO    | mediagrab          | resolve_vc_entity:12431 | ENTITY_RESOLVE_RPC_COUNT chat_id=-1002592942176 scope=acc_918335829278 rpcs=0 failed_rpcs=0 outcome=RESOLVED_FROM_CACHE duration_ms=0.4 (v98.10 §22)
2026-09-26 01:48:40 | INFO    | mediagrab          | _bot_heartbeat_loop:2756 | ACCOUNT_HEALTH live_clients=2 cluster_accounts=2 dead_sessions=0 unregistered=0 expected_cluster=2 total_files=2 — live_clients counts primary_global + registered cluster sessions; dead files need delete + re-login (SESSION_REMEDIATION); expected_cluster is accounts.json's registry size (v99.03 RC-10)
2026-09-26 01:48:40 | INFO    | mediagrab          | _bot_heartbeat_loop:2840 | BOT_HEARTBEAT pid=7 uptime=17655s rss_mb=166 threads=50 fd=332/1024 joined_transports=20 join_queue=0 active_joins=0 memory_limit_mb=4506 resource_headroom_mb=4340 FD_CENSUS total=332 soft=1024 sockets=314 pipes=2 files=13 anon=2 other=1 MEM_CENSUS rss_mb=166 threads=50 fd=332/1024 joined_transports=20 joins=_global:J=13/F=0 acc_918335829278:J=6/F=0 acc_919006065076:J=1/F=0 (v98.05 FIX-FF liveness; v98.06 FIX-OO uptime epoch domain; v99.02 FIX-3 FD_CENSUS; v99.10 FIX-D MEM_CENSUS; v99.11 P0-1 single-%s safe emission + resource fields)
2026-09-26 01:48:40 | DEBUG   | mediagrab          | cache_entity_scoped:2355 | ENTITY_CACHE_SCOPED account=acc_918335829278 entity_id=2592942176 source=vc_discovery scope=acc_918335829278 (v99 RC-C scope-annotated)
2026-09-26 01:48:40 | INFO    | mediagrab          | vc_detect_active_call:3098 | VC_ENTITY_DISCOVERED entity_id=2592942176 access_hash=<-832…> type=Channel
2026-09-26 01:48:40 | DEBUG   | mediagrab          | vc_verify_target:8965 | VC_PARTICIPATION_REDETECT_OK chat_id=-1002592942176 account_id=global detect_scope=acc_918335829278 source=cache reresolved=0 (v98.07 FIX-QQ)
2026-09-26 01:48:40 | INFO    | mediagrab          | vc_check_telegram_participation:7443 | VC_PARTICIPATION_PRESENT chat_id=-1002592942176 call_id=-1913229805195004447 my_id=8624009332 pages=1 inspected=1 complete=yes server_count=None participant=[peer=PeerUser(8624009332) flags=is_self,muted,video_joined source=247928894]
2026-09-26 01:48:40 | INFO    | mediagrab          | vc_verify_target:9136 | VC_PARTICIPATION_VERIFY chat_id=-1002592942176 locally_tracked=False telegram=present
2026-09-26 01:48:40 | INFO    | mediagrab          | vc_verify_target:9155 | VC_VERIFY_MEMBER chat_id=-1002592942176 locally_tracked=False telegram=present — explicit verification state (v99.11 P1; never a leave)
2026-09-26 01:48:40 | INFO    | mediagrab          | vc_reconcile_participations:9645 | VC_REGISTRY_UPDATE_CONFIRMED chat_id=-1002592942176 classification=PARTICIPATING_UNTRACKED
2026-09-26 01:48:40 | DEBUG   | mediagrab          | vc_verify_target:8855 | VC_RECONCILE_CLIENT chat_id=2592942176 account_id=acc_919006065076 source=account:acc_919006065076
2026-09-26 01:48:40 | INFO    | mediagrab          | resolve_vc_entity:11974 | VC_ENTITY_RESOLVE_START chat_ref=-1002592942176 chat_id=-1002592942176 access_hash=yes
2026-09-26 01:48:40 | WARNING | mediagrab          | resolve_vc_entity:12062 | VC_HASH_SCOPE_MISMATCH chat_id=-1002592942176 entry_scope=acc_918335829278 consumer_scope=acc_919006065076 — skipping cache hit, re-resolving for this client (v98.07 FIX-QQ)
2026-09-26 01:48:40 | INFO    | mediagrab          | _v9810_scope_route:11809 | ENTITY_RESOLVE_ACCOUNT_SWITCH chat_id=-1002592942176 from_scope=acc_919006065076 to_account=acc_918335829278 reason=known_good_scope verified_at=1s ago (v98.10 §15 Step 0c — targeted routing, not a blind rotation)
2026-09-26 01:48:40 | INFO    | mediagrab          | _v9810_scope_route:11837 | ENTITY_RESOLVE_CACHE_HIT chat_id=-1002592942176 scope=acc_918335829278 source=scope_state age=1s (v98.10 §15 Step 0c — fresh known-good object, 0 RPCs)
2026-09-26 01:48:40 | INFO    | mediagrab          | resolve_vc_entity:12431 | ENTITY_RESOLVE_RPC_COUNT chat_id=-1002592942176 scope=acc_919006065076 rpcs=0 failed_rpcs=0 outcome=RESOLVED_VIA_ROTATION duration_ms=0.3 (v98.10 §22)
2026-09-26 01:48:40 | DEBUG   | mediagrab          | cache_entity_scoped:2355 | ENTITY_CACHE_SCOPED account=acc_918335829278 entity_id=2592942176 source=vc_discovery scope=acc_918335829278 (v99 RC-C scope-annotated)
2026-09-26 01:48:40 | INFO    | mediagrab          | vc_detect_active_call:3098 | VC_ENTITY_DISCOVERED entity_id=2592942176 access_hash=<-832…> type=Channel
2026-09-26 01:48:40 | DEBUG   | mediagrab          | vc_verify_target:8965 | VC_PARTICIPATION_REDETECT_OK chat_id=2592942176 account_id=acc_919006065076 detect_scope=acc_918335829278 source=account_rotation:acc_918335829278 reresolved=0 (v98.07 FIX-QQ)
2026-09-26 01:48:41 | INFO    | mediagrab          | vc_check_telegram_participation:7356 | VC_PARTICIPATION_STALE_CALL chat_id=2592942176 call_id=-1913229805195004447 exc=GroupcallInvalidError — the queried (id, access_hash) pair is NOT a live call: STALE CALL IDENTITY, returning unknown (NOT absent; the pipeline re-detects the current pair and re-verifies) (v99.05 RC-F4)
2026-09-26 01:48:41 | INFO    | mediagrab          | vc_check_telegram_participation:7370 | VC_VERIFY_STALE_IDENTITY chat_id=2592942176 call_id=-1913229805195004447 — detect stale identity → re-resolve current pair → verify → atomically update cache; existing healthy transport PRESERVED (never a leave; v99.11 P1)
2026-09-26 01:48:41 | INFO    | mediagrab          | vc_verify_target:9136 | VC_PARTICIPATION_VERIFY chat_id=2592942176 locally_tracked=False telegram=unknown
2026-09-26 01:48:41 | INFO    | mediagrab          | vc_verify_target:9155 | VC_VERIFY_UNKNOWN chat_id=2592942176 locally_tracked=False telegram=unknown — explicit verification state (v99.11 P1; never a leave)
2026-09-26 01:48:41 | INFO    | mediagrab          | vc_reconcile_participations:9529 | VC_RECONCILE_DEFERRED_UNKNOWN chat_id=2592942176 — preserving joined state (backend evidence)
2026-09-26 01:48:41 | INFO    | mediagrab          | vc_reconcile_participations:9645 | VC_REGISTRY_UPDATE_CONFIRMED chat_id=2592942176 classification=LOCALLY_TRACKED_UNCONFIRMED
2026-09-26 01:48:41 | DEBUG   | mediagrab          | vc_verify_target:8855 | VC_RECONCILE_CLIENT chat_id=-1003067839538 account_id=acc_918335829278 source=account:acc_918335829278
2026-09-26 01:48:41 | INFO    | mediagrab          | resolve_vc_entity:11974 | VC_ENTITY_RESOLVE_START chat_ref=-1003067839538 chat_id=-1003067839538 access_hash=yes
2026-09-26 01:48:41 | INFO    | mediagrab          | resolve_vc_entity:12075 | VC_ENTITY_RESOLVE_CACHE_HIT chat_id=-1003067839538
2026-09-26 01:48:41 | INFO    | mediagrab          | resolve_vc_entity:12076 | VC_ENTITY_RESOLVE_SUCCESS chat_id=-1003067839538 source=cache
2026-09-26 01:48:41 | INFO    | mediagrab          | resolve_vc_entity:12431 | ENTITY_RESOLVE_RPC_COUNT chat_id=-1003067839538 scope=acc_918335829278 rpcs=0 failed_rpcs=0 outcome=RESOLVED_FROM_CACHE duration_ms=0.2 (v98.10 §22)
2026-09-26 01:48:41 | DEBUG   | mediagrab          | cache_entity_scoped:2355 | ENTITY_CACHE_SCOPED account=acc_918335829278 entity_id=3067839538 source=vc_discovery scope=acc_918335829278 (v99 RC-C scope-annotated)
2026-09-26 01:48:41 | INFO    | mediagrab          | vc_detect_active_call:3098 | VC_ENTITY_DISCOVERED entity_id=3067839538 access_hash=<5015…> type=Channel
2026-09-26 01:48:41 | DEBUG   | mediagrab          | vc_verify_target:8965 | VC_PARTICIPATION_REDETECT_OK chat_id=-1003067839538 account_id=acc_918335829278 detect_scope=acc_918335829278 source=cache reresolved=0 (v98.07 FIX-QQ)
2026-09-26 01:48:41 | INFO    | mediagrab          | vc_check_telegram_participation:7443 | VC_PARTICIPATION_PRESENT chat_id=-1003067839538 call_id=-3952898443944147318 my_id=8624009332 pages=1 inspected=1 complete=yes server_count=None participant=[peer=PeerUser(8624009332) flags=is_self,muted,video_joined source=1042776898]
2026-09-26 01:48:41 | INFO    | mediagrab          | vc_verify_target:9136 | VC_PARTICIPATION_VERIFY chat_id=-1003067839538 locally_tracked=True telegram=present
2026-09-26 01:48:41 | INFO    | mediagrab          | vc_verify_target:9155 | VC_VERIFY_MEMBER chat_id=-1003067839538 locally_tracked=True telegram=present — explicit verification state (v99.11 P1; never a leave)
2026-09-26 01:48:41 | INFO    | mediagrab          | vc_reconcile_participations:9520 | VC_PARTICIPATION_CONFIRMED_PRESENT chat_id=-1003067839538
2026-09-26 01:48:41 | INFO    | mediagrab          | vc_reconcile_participations:9645 | VC_REGISTRY_UPDATE_CONFIRMED chat_id=-1003067839538 classification=CONFIRMED
2026-09-26 01:48:41 | DEBUG   | mediagrab          | vc_verify_target:8855 | VC_RECONCILE_CLIENT chat_id=-1002333937461 account_id=acc_919006065076 source=account:acc_919006065076
2026-09-26 01:48:41 | INFO    | mediagrab          | resolve_vc_entity:11974 | VC_ENTITY_RESOLVE_START chat_ref=-1002333937461 chat_id=-1002333937461 access_hash=yes
2026-09-26 01:48:41 | INFO    | mediagrab          | resolve_vc_entity:12075 | VC_ENTITY_RESOLVE_CACHE_HIT chat_id=-1002333937461
2026-09-26 01:48:41 | INFO    | mediagrab          | resolve_vc_entity:12076 | VC_ENTITY_RESOLVE_SUCCESS chat_id=-1002333937461 source=cache
2026-09-26 01:48:41 | INFO    | mediagrab          | resolve_vc_entity:12431 | ENTITY_RESOLVE_RPC_COUNT chat_id=-1002333937461 scope=acc_919006065076 rpcs=0 failed_rpcs=0 outcome=RESOLVED_FROM_CACHE duration_ms=0.3 (v98.10 §22)
2026-09-26 01:48:41 | DEBUG   | mediagrab          | cache_entity_scoped:2355 | ENTITY_CACHE_SCOPED account=acc_919006065076 entity_id=2333937461 source=vc_discovery scope=acc_919006065076 (v99 RC-C scope-annotated)
2026-09-26 01:48:41 | INFO    | mediagrab          | vc_detect_active_call:3098 | VC_ENTITY_DISCOVERED entity_id=2333937461 access_hash=<-806…> type=Channel
2026-09-26 01:48:41 | DEBUG   | mediagrab          | vc_verify_target:8965 | VC_PARTICIPATION_REDETECT_OK chat_id=-1002333937461 account_id=acc_919006065076 detect_scope=acc_919006065076 source=cache reresolved=0 (v98.07 FIX-QQ)
2026-09-26 01:48:42 | INFO    | mediagrab          | vc_check_telegram_participation:7443 | VC_PARTICIPATION_PRESENT chat_id=-1002333937461 call_id=-800813024760383190 my_id=8699582859 pages=1 inspected=1 complete=yes server_count=None participant=[peer=PeerUser(8699582859) flags=is_self,muted,video_joined source=2096643760]
2026-09-26 01:48:42 | INFO    | mediagrab          | vc_verify_target:9136 | VC_PARTICIPATION_VERIFY chat_id=-1002333937461 locally_tracked=True telegram=present
2026-09-26 01:48:42 | INFO    | mediagrab          | vc_verify_target:9155 | VC_VERIFY_MEMBER chat_id=-1002333937461 locally_tracked=True telegram=present — explicit verification state (v99.11 P1; never a leave)
2026-09-26 01:48:42 | INFO    | mediagrab          | vc_reconcile_participations:9520 | VC_PARTICIPATION_CONFIRMED_PRESENT chat_id=-1002333937461
2026-09-26 01:48:42 | INFO    | mediagrab          | vc_reconcile_participations:9645 | VC_REGISTRY_UPDATE_CONFIRMED chat_id=-1002333937461 classification=CONFIRMED
2026-09-26 01:48:42 | DEBUG   | mediagrab          | vc_verify_target:8855 | VC_RECONCILE_CLIENT chat_id=-1003811965375 account_id=acc_918335829278 source=account:acc_918335829278
2026-09-26 01:48:42 | INFO    | mediagrab          | resolve_vc_entity:11974 | VC_ENTITY_RESOLVE_START chat_ref=-1003811965375 chat_id=-1003811965375 access_hash=yes
2026-09-26 01:48:42 | INFO    | mediagrab          | resolve_vc_entity:12075 | VC_ENTITY_RESOLVE_CACHE_HIT chat_id=-1003811965375
2026-09-26 01:48:42 | INFO    | mediagrab          | resolve_vc_entity:12076 | VC_ENTITY_RESOLVE_SUCCESS chat_id=-1003811965375 source=cache
2026-09-26 01:48:42 | INFO    | mediagrab          | resolve_vc_entity:12431 | ENTITY_RESOLVE_RPC_COUNT chat_id=-1003811965375 scope=acc_918335829278 rpcs=0 failed_rpcs=0 outcome=RESOLVED_FROM_CACHE duration_ms=0.2 (v98.10 §22)
2026-09-26 01:48:42 | DEBUG   | mediagrab          | cache_entity_scoped:2355 | ENTITY_CACHE_SCOPED account=acc_918335829278 entity_id=3811965375 source=vc_discovery scope=acc_918335829278 (v99 RC-C scope-annotated)
2026-09-26 01:48:42 | INFO    | mediagrab          | vc_detect_active_call:3098 | VC_ENTITY_DISCOVERED entity_id=3811965375 access_hash=<7432…> type=Channel
2026-09-26 01:48:42 | DEBUG   | mediagrab          | vc_verify_target:8965 | VC_PARTICIPATION_REDETECT_OK chat_id=-1003811965375 account_id=acc_918335829278 detect_scope=acc_918335829278 source=cache reresolved=0 (v98.07 FIX-QQ)
2026-09-26 01:48:42 | WARNING | mediagrab          | vc_check_telegram_participation:7700 | VC_PARTICIPATION_TARGETED_EMPTY_STREAK chat_id=-1003811965375 call_id=-1824073576988881784 my_id=8624009332 streak=2/3 (v98.02 FIX-L: single/double targeted-empty is UNKNOWN — NOT destructive; awaiting 3 consecutive for absent) — broad scan truncated at 0/2000, targeted EMPTY
2026-09-26 01:48:43 | INFO    | mediagrab          | vc_verify_target:9136 | VC_PARTICIPATION_VERIFY chat_id=-1003811965375 locally_tracked=True telegram=unknown
2026-09-26 01:48:43 | INFO    | mediagrab          | vc_verify_target:9155 | VC_VERIFY_UNKNOWN chat_id=-1003811965375 locally_tracked=True telegram=unknown — explicit verification state (v99.11 P1; never a leave)
2026-09-26 01:48:43 | INFO    | mediagrab          | vc_reconcile_participations:9645 | VC_REGISTRY_UPDATE_CONFIRMED chat_id=-1003811965375 classification=LOCALLY_TRACKED_UNCONFIRMED
2026-09-26 01:48:43 | DEBUG   | mediagrab          | vc_verify_target:8855 | VC_RECONCILE_CLIENT chat_id=-1004427666393 account_id=acc_918335829278 source=account:acc_918335829278
2026-09-26 01:48:43 | INFO    | mediagrab          | resolve_vc_entity:11974 | VC_ENTITY_RESOLVE_START chat_ref=-1004427666393 chat_id=-1004427666393 access_hash=yes
2026-09-26 01:48:43 | INFO    | mediagrab          | resolve_vc_entity:12075 | VC_ENTITY_RESOLVE_CACHE_HIT chat_id=-1004427666393
2026-09-26 01:48:43 | INFO    | mediagrab          | resolve_vc_entity:12076 | VC_ENTITY_RESOLVE_SUCCESS chat_id=-1004427666393 source=cache
2026-09-26 01:48:43 | INFO    | mediagrab          | resolve_vc_entity:12431 | ENTITY_RESOLVE_RPC_COUNT chat_id=-1004427666393 scope=acc_918335829278 rpcs=0 failed_rpcs=0 outcome=RESOLVED_FROM_CACHE duration_ms=0.2 (v98.10 §22)
2026-09-26 01:48:43 | DEBUG   | mediagrab          | cache_entity_scoped:2355 | ENTITY_CACHE_SCOPED account=acc_918335829278 entity_id=4427666393 source=vc_discovery scope=acc_918335829278 (v99 RC-C scope-annotated)
2026-09-26 01:48:43 | INFO    | mediagrab          | vc_detect_active_call:3098 | VC_ENTITY_DISCOVERED entity_id=4427666393 access_hash=<6046…> type=Channel
2026-09-26 01:48:43 | DEBUG   | mediagrab          | vc_verify_target:8965 | VC_PARTICIPATION_REDETECT_OK chat_id=-1004427666393 account_id=acc_918335829278 detect_scope=acc_918335829278 source=cache reresolved=0 (v98.07 FIX-QQ)
2026-09-26 01:48:43 | INFO    | mediagrab          | vc_check_telegram_participation:7443 | VC_PARTICIPATION_PRESENT chat_id=-1004427666393 call_id=-569938277538256374 my_id=8624009332 pages=1 inspected=1 complete=yes server_count=None participant=[peer=PeerUser(8624009332) flags=is_self,muted,video_joined source=2029513331]
2026-09-26 01:48:43 | INFO    | mediagrab          | vc_verify_target:9136 | VC_PARTICIPATION_VERIFY chat_id=-1004427666393 locally_tracked=True telegram=present
2026-09-26 01:48:43 | INFO    | mediagrab          | vc_verify_target:9155 | VC_VERIFY_MEMBER chat_id=-1004427666393 locally_tracked=True telegram=present — explicit verification state (v99.11 P1; never a leave)
2026-09-26 01:48:43 | INFO    | mediagrab          | vc_reconcile_participations:9520 | VC_PARTICIPATION_CONFIRMED_PRESENT chat_id=-1004427666393
2026-09-26 01:48:43 | INFO    | mediagrab          | vc_reconcile_participations:9645 | VC_REGISTRY_UPDATE_CONFIRMED chat_id=-1004427666393 classification=CONFIRMED
2026-09-26 01:48:43 | DEBUG   | mediagrab          | vc_verify_target:8855 | VC_RECONCILE_CLIENT chat_id=-1001993596337 account_id=acc_918335829278 source=account:acc_918335829278
2026-09-26 01:48:43 | INFO    | mediagrab          | resolve_vc_entity:11974 | VC_ENTITY_RESOLVE_START chat_ref=-1001993596337 chat_id=-1001993596337 access_hash=yes
2026-09-26 01:48:43 | INFO    | mediagrab          | resolve_vc_entity:12075 | VC_ENTITY_RESOLVE_CACHE_HIT chat_id=-1001993596337
2026-09-26 01:48:43 | INFO    | mediagrab          | resolve_vc_entity:12076 | VC_ENTITY_RESOLVE_SUCCESS chat_id=-1001993596337 source=cache
2026-09-26 01:48:43 | INFO    | mediagrab          | resolve_vc_entity:12431 | ENTITY_RESOLVE_RPC_COUNT chat_id=-1001993596337 scope=acc_918335829278 rpcs=0 failed_rpcs=0 outcome=RESOLVED_FROM_CACHE duration_ms=0.2 (v98.10 §22)
2026-09-26 01:48:43 | DEBUG   | mediagrab          | cache_entity_scoped:2355 | ENTITY_CACHE_SCOPED account=acc_918335829278 entity_id=1993596337 source=vc_discovery scope=acc_918335829278 (v99 RC-C scope-annotated)
2026-09-26 01:48:43 | INFO    | mediagrab          | vc_detect_active_call:3098 | VC_ENTITY_DISCOVERED entity_id=1993596337 access_hash=<7768…> type=Channel
2026-09-26 01:48:43 | DEBUG   | mediagrab          | vc_verify_target:8965 | VC_PARTICIPATION_REDETECT_OK chat_id=-1001993596337 account_id=acc_918335829278 detect_scope=acc_918335829278 source=cache reresolved=0 (v98.07 FIX-QQ)
2026-09-26 01:48:44 | WARNING | mediagrab          | vc_check_telegram_participation:7700 | VC_PARTICIPATION_TARGETED_EMPTY_STREAK chat_id=-1001993596337 call_id=-8562431068729240560 my_id=8624009332 streak=2/3 (v98.02 FIX-L: single/double targeted-empty is UNKNOWN — NOT destructive; awaiting 3 consecutive for absent) — broad scan truncated at 0/2000, targeted EMPTY
2026-09-26 01:48:44 | INFO    | mediagrab          | vc_verify_target:9136 | VC_PARTICIPATION_VERIFY chat_id=-1001993596337 locally_tracked=False telegram=unknown
2026-09-26 01:48:44 | INFO    | mediagrab          | vc_verify_target:9155 | VC_VERIFY_UNKNOWN chat_id=-1001993596337 locally_tracked=False telegram=unknown — explicit verification state (v99.11 P1; never a leave)
2026-09-26 01:48:44 | INFO    | mediagrab          | vc_reconcile_participations:9560 | VC_PARTICIPATION_UNKNOWN chat_id=-1001993596337 — preserving unknown state
2026-09-26 01:48:44 | INFO    | mediagrab          | vc_reconcile_participations:9645 | VC_REGISTRY_UPDATE_CONFIRMED chat_id=-1001993596337 classification=UNKNOWN
2026-09-26 01:48:44 | DEBUG   | mediagrab          | vc_verify_target:8855 | VC_RECONCILE_CLIENT chat_id=-1001070871253 account_id=acc_918335829278 source=account:acc_918335829278
2026-09-26 01:48:44 | INFO    | mediagrab          | resolve_vc_entity:11974 | VC_ENTITY_RESOLVE_START chat_ref=-1001070871253 chat_id=-1001070871253 access_hash=yes
2026-09-26 01:48:44 | INFO    | mediagrab          | resolve_vc_entity:12075 | VC_ENTITY_RESOLVE_CACHE_HIT chat_id=-1001070871253
2026-09-26 01:48:44 | INFO    | mediagrab          | resolve_vc_entity:12076 | VC_ENTITY_RESOLVE_SUCCESS chat_id=-1001070871253 source=cache
2026-09-26 01:48:44 | INFO    | mediagrab          | resolve_vc_entity:12431 | ENTITY_RESOLVE_RPC_COUNT chat_id=-1001070871253 scope=acc_918335829278 rpcs=0 failed_rpcs=0 outcome=RESOLVED_FROM_CACHE duration_ms=0.3 (v98.10 §22)
2026-09-26 01:48:44 | DEBUG   | mediagrab          | cache_entity_scoped:2355 | ENTITY_CACHE_SCOPED account=acc_918335829278 entity_id=1070871253 source=vc_discovery scope=acc_918335829278 (v99 RC-C scope-annotated)
2026-09-26 01:48:44 | INFO    | mediagrab          | vc_detect_active_call:3098 | VC_ENTITY_DISCOVERED entity_id=1070871253 access_hash=<2700…> type=Channel
2026-09-26 01:48:44 | DEBUG   | mediagrab          | vc_verify_target:8965 | VC_PARTICIPATION_REDETECT_OK chat_id=-1001070871253 account_id=acc_918335829278 detect_scope=acc_918335829278 source=cache reresolved=0 (v98.07 FIX-QQ)
2026-09-26 01:48:44 | INFO    | mediagrab          | vc_check_telegram_participation:7443 | VC_PARTICIPATION_PRESENT chat_id=-1001070871253 call_id=-4599357008817247755 my_id=8624009332 pages=1 inspected=1 complete=yes server_count=None participant=[peer=PeerUser(8624009332) flags=is_self,muted,video_joined source=2135969937]
2026-09-26 01:48:44 | INFO    | mediagrab          | vc_verify_target:9136 | VC_PARTICIPATION_VERIFY chat_id=-1001070871253 locally_tracked=True telegram=present
2026-09-26 01:48:44 | INFO    | mediagrab          | vc_verify_target:9155 | VC_VERIFY_MEMBER chat_id=-1001070871253 locally_tracked=True telegram=present — explicit verification state (v99.11 P1; never a leave)
2026-09-26 01:48:44 | INFO    | mediagrab          | vc_reconcile_participations:9520 | VC_PARTICIPATION_CONFIRMED_PRESENT chat_id=-1001070871253
2026-09-26 01:48:44 | INFO    | mediagrab          | vc_reconcile_participations:9645 | VC_REGISTRY_UPDATE_CONFIRMED chat_id=-1001070871253 classification=CONFIRMED
2026-09-26 01:48:44 | DEBUG   | mediagrab          | vc_verify_target:8855 | VC_RECONCILE_CLIENT chat_id=-1001922822605 account_id=acc_918335829278 source=account:acc_918335829278
2026-09-26 01:48:44 | INFO    | mediagrab          | resolve_vc_entity:11974 | VC_ENTITY_RESOLVE_START chat_ref=-1001922822605 chat_id=-1001922822605 access_hash=yes
2026-09-26 01:48:44 | INFO    | mediagrab          | resolve_vc_entity:12075 | VC_ENTITY_RESOLVE_CACHE_HIT chat_id=-1001922822605
2026-09-26 01:48:44 | INFO    | mediagrab          | resolve_vc_entity:12076 | VC_ENTITY_RESOLVE_SUCCESS chat_id=-1001922822605 source=cache
2026-09-26 01:48:44 | INFO    | mediagrab          | resolve_vc_entity:12431 | ENTITY_RESOLVE_RPC_COUNT chat_id=-1001922822605 scope=acc_918335829278 rpcs=0 failed_rpcs=0 outcome=RESOLVED_FROM_CACHE duration_ms=0.2 (v98.10 §22)
2026-09-26 01:48:44 | DEBUG   | mediagrab          | cache_entity_scoped:2355 | ENTITY_CACHE_SCOPED account=acc_918335829278 entity_id=1922822605 source=vc_discovery scope=acc_918335829278 (v99 RC-C scope-annotated)
2026-09-26 01:48:44 | INFO    | mediagrab          | vc_detect_active_call:3098 | VC_ENTITY_DISCOVERED entity_id=1922822605 access_hash=<-620…> type=Channel
2026-09-26 01:48:44 | DEBUG   | mediagrab          | vc_verify_target:8965 | VC_PARTICIPATION_REDETECT_OK chat_id=-1001922822605 account_id=acc_918335829278 detect_scope=acc_918335829278 source=cache reresolved=0 (v98.07 FIX-QQ)
2026-09-26 01:48:45 | INFO    | mediagrab          | vc_check_telegram_participation:7443 | VC_PARTICIPATION_PRESENT chat_id=-1001922822605 call_id=-8258460203529507355 my_id=8624009332 pages=1 inspected=1 complete=yes server_count=None participant=[peer=PeerUser(8624009332) flags=is_self,muted,video_joined source=1159064395]
2026-09-26 01:48:45 | INFO    | mediagrab          | vc_verify_target:9136 | VC_PARTICIPATION_VERIFY chat_id=-1001922822605 locally_tracked=True telegram=present
2026-09-26 01:48:45 | INFO    | mediagrab          | vc_verify_target:9155 | VC_VERIFY_MEMBER chat_id=-1001922822605 locally_tracked=True telegram=present — explicit verification state (v99.11 P1; never a leave)
2026-09-26 01:48:45 | INFO    | mediagrab          | vc_reconcile_participations:9520 | VC_PARTICIPATION_CONFIRMED_PRESENT chat_id=-1001922822605
2026-09-26 01:48:45 | INFO    | mediagrab          | vc_reconcile_participations:9645 | VC_REGISTRY_UPDATE_CONFIRMED chat_id=-1001922822605 classification=CONFIRMED
2026-09-26 01:48:45 | DEBUG   | mediagrab          | vc_verify_target:8855 | VC_RECONCILE_CLIENT chat_id=-1004460369026 account_id=global source=global_backend_bound
2026-09-26 01:48:45 | INFO    | mediagrab          | resolve_vc_entity:11974 | VC_ENTITY_RESOLVE_START chat_ref=-1004460369026 chat_id=-1004460369026 access_hash=yes
2026-09-26 01:48:45 | WARNING | mediagrab          | resolve_vc_entity:12062 | VC_HASH_SCOPE_MISMATCH chat_id=-1004460369026 entry_scope=acc_919006065076 consumer_scope=acc_918335829278 — skipping cache hit, re-resolving for this client (v98.07 FIX-QQ)
2026-09-26 01:48:45 | INFO    | mediagrab          | _v9810_scope_route:11711 | ENTITY_RESOLVE_CACHE_HIT chat_id=-1004460369026 scope=acc_918335829278 source=scope_state age=10493s (v98.10 §15 Step 0a — 0 RPCs)
2026-09-26 01:48:45 | INFO    | mediagrab          | resolve_vc_entity:12431 | ENTITY_RESOLVE_RPC_COUNT chat_id=-1004460369026 scope=acc_918335829278 rpcs=0 failed_rpcs=0 outcome=RESOLVED_FROM_SCOPE_STATE duration_ms=0.1 (v98.10 §22)
2026-09-26 01:48:45 | DEBUG   | mediagrab          | cache_entity_scoped:2355 | ENTITY_CACHE_SCOPED account=acc_918335829278 entity_id=4460369026 source=vc_discovery scope=acc_918335829278 (v99 RC-C scope-annotated)
2026-09-26 01:48:45 | INFO    | mediagrab          | vc_detect_active_call:3098 | VC_ENTITY_DISCOVERED entity_id=4460369026 access_hash=<2476…> type=Channel
2026-09-26 01:48:45 | DEBUG   | mediagrab          | vc_verify_target:8965 | VC_PARTICIPATION_REDETECT_OK chat_id=-1004460369026 account_id=global detect_scope=acc_918335829278 source=scope_state reresolved=0 (v98.07 FIX-QQ)
2026-09-26 01:48:45 | INFO    | mediagrab          | vc_check_telegram_participation:7443 | VC_PARTICIPATION_PRESENT chat_id=-1004460369026 call_id=-710395016767153533 my_id=8624009332 pages=1 inspected=1 complete=yes server_count=None participant=[peer=PeerUser(8624009332) flags=is_self,muted,video_joined source=1163550688]
2026-09-26 01:48:45 | INFO    | mediagrab          | vc_verify_target:9136 | VC_PARTICIPATION_VERIFY chat_id=-1004460369026 locally_tracked=False telegram=present
2026-09-26 01:48:45 | INFO    | mediagrab          | vc_verify_target:9155 | VC_VERIFY_MEMBER chat_id=-1004460369026 locally_tracked=False telegram=present — explicit verification state (v99.11 P1; never a leave)
2026-09-26 01:48:45 | INFO    | mediagrab          | vc_reconcile_participations:9645 | VC_REGISTRY_UPDATE_CONFIRMED chat_id=-1004460369026 classification=PARTICIPATING_UNTRACKED
2026-09-26 01:48:45 | DEBUG   | mediagrab          | vc_verify_target:8855 | VC_RECONCILE_CLIENT chat_id=4460369026 account_id=acc_919006065076 source=account:acc_919006065076
2026-09-26 01:48:45 | INFO    | mediagrab          | resolve_vc_entity:11974 | VC_ENTITY_RESOLVE_START chat_ref=-1004460369026 chat_id=-1004460369026 access_hash=yes
2026-09-26 01:48:45 | WARNING | mediagrab          | resolve_vc_entity:12062 | VC_HASH_SCOPE_MISMATCH chat_id=-1004460369026 entry_scope=acc_918335829278 consumer_scope=acc_919006065076 — skipping cache hit, re-resolving for this client (v98.07 FIX-QQ)
2026-09-26 01:48:45 | INFO    | mediagrab          | _v9810_scope_route:11711 | ENTITY_RESOLVE_CACHE_HIT chat_id=-1004460369026 scope=acc_919006065076 source=scope_state age=10493s (v98.10 §15 Step 0a — 0 RPCs)
2026-09-26 01:48:45 | INFO    | mediagrab          | resolve_vc_entity:12431 | ENTITY_RESOLVE_RPC_COUNT chat_id=-1004460369026 scope=acc_919006065076 rpcs=0 failed_rpcs=0 outcome=RESOLVED_FROM_SCOPE_STATE duration_ms=0.4 (v98.10 §22)
2026-09-26 01:48:46 | DEBUG   | mediagrab          | cache_entity_scoped:2355 | ENTITY_CACHE_SCOPED account=acc_919006065076 entity_id=4460369026 source=vc_discovery scope=acc_919006065076 (v99 RC-C scope-annotated)
2026-09-26 01:48:46 | INFO    | mediagrab          | vc_detect_active_call:3098 | VC_ENTITY_DISCOVERED entity_id=4460369026 access_hash=<7729…> type=Channel
2026-09-26 01:48:46 | DEBUG   | mediagrab          | vc_verify_target:8965 | VC_PARTICIPATION_REDETECT_OK chat_id=4460369026 account_id=acc_919006065076 detect_scope=acc_919006065076 source=scope_state reresolved=0 (v98.07 FIX-QQ)
2026-09-26 01:48:46 | INFO    | mediagrab          | vc_check_telegram_participation:7751 | VC_PARTICIPATION_TARGETED_FOREIGN_RESULT chat_id=4460369026 call_id=-710395016767153533 my_id=8699582859 returned=1 — targeted query returned participants but NONE matched our identity (peer-based matching); a foreign-answer is NOT absence evidence → unknown (v99.05 RC-F2: the v99.02 no-match→absent escalation REMOVED — it destroyed 9 REAL joins on 2026-09-12)
2026-09-26 01:48:46 | INFO    | mediagrab          | vc_verify_target:9136 | VC_PARTICIPATION_VERIFY chat_id=4460369026 locally_tracked=False telegram=unknown
2026-09-26 01:48:46 | INFO    | mediagrab          | vc_verify_target:9155 | VC_VERIFY_UNKNOWN chat_id=4460369026 locally_tracked=False telegram=unknown — explicit verification state (v99.11 P1; never a leave)
2026-09-26 01:48:46 | INFO    | mediagrab          | vc_reconcile_participations:9529 | VC_RECONCILE_DEFERRED_UNKNOWN chat_id=4460369026 — preserving joined state (backend evidence)
2026-09-26 01:48:46 | INFO    | mediagrab          | vc_reconcile_participations:9645 | VC_REGISTRY_UPDATE_CONFIRMED chat_id=4460369026 classification=LOCALLY_TRACKED_UNCONFIRMED
2026-09-26 01:48:46 | DEBUG   | mediagrab          | vc_verify_target:8855 | VC_RECONCILE_CLIENT chat_id=4427666393 account_id=acc_919006065076 source=account:acc_919006065076
2026-09-26 01:48:46 | INFO    | mediagrab          | resolve_vc_entity:11974 | VC_ENTITY_RESOLVE_START chat_ref=-1004427666393 chat_id=-1004427666393 access_hash=yes
2026-09-26 01:48:46 | WARNING | mediagrab          | resolve_vc_entity:12062 | VC_HASH_SCOPE_MISMATCH chat_id=-1004427666393 entry_scope=acc_918335829278 consumer_scope=acc_919006065076 — skipping cache hit, re-resolving for this client (v98.07 FIX-QQ)
2026-09-26 01:48:46 | INFO    | mediagrab          | _v9810_scope_route:11809 | ENTITY_RESOLVE_ACCOUNT_SWITCH chat_id=-1004427666393 from_scope=acc_919006065076 to_account=acc_918335829278 reason=known_good_scope verified_at=4s ago (v98.10 §15 Step 0c — targeted routing, not a blind rotation)
2026-09-26 01:48:46 | INFO    | mediagrab          | _v9810_scope_route:11837 | ENTITY_RESOLVE_CACHE_HIT chat_id=-1004427666393 scope=acc_918335829278 source=scope_state age=4s (v98.10 §15 Step 0c — fresh known-good object, 0 RPCs)
2026-09-26 01:48:46 | INFO    | mediagrab          | resolve_vc_entity:12431 | ENTITY_RESOLVE_RPC_COUNT chat_id=-1004427666393 scope=acc_919006065076 rpcs=0 failed_rpcs=0 outcome=RESOLVED_VIA_ROTATION duration_ms=0.3 (v98.10 §22)
2026-09-26 01:48:47 | DEBUG   | mediagrab          | cache_entity_scoped:2355 | ENTITY_CACHE_SCOPED account=acc_918335829278 entity_id=4427666393 source=vc_discovery scope=acc_918335829278 (v99 RC-C scope-annotated)
2026-09-26 01:48:47 | INFO    | mediagrab          | vc_detect_active_call:3098 | VC_ENTITY_DISCOVERED entity_id=4427666393 access_hash=<6046…> type=Channel
2026-09-26 01:48:47 | DEBUG   | mediagrab          | vc_verify_target:8965 | VC_PARTICIPATION_REDETECT_OK chat_id=4427666393 account_id=acc_919006065076 detect_scope=acc_918335829278 source=account_rotation:acc_918335829278 reresolved=0 (v98.07 FIX-QQ)
2026-09-26 01:48:47 | INFO    | mediagrab          | vc_check_telegram_participation:7356 | VC_PARTICIPATION_STALE_CALL chat_id=4427666393 call_id=-569938277538256374 exc=GroupcallInvalidError — the queried (id, access_hash) pair is NOT a live call: STALE CALL IDENTITY, returning unknown (NOT absent; the pipeline re-detects the current pair and re-verifies) (v99.05 RC-F4)
2026-09-26 01:48:47 | INFO    | mediagrab          | vc_check_telegram_participation:7370 | VC_VERIFY_STALE_IDENTITY chat_id=4427666393 call_id=-569938277538256374 — detect stale identity → re-resolve current pair → verify → atomically update cache; existing healthy transport PRESERVED (never a leave; v99.11 P1)
2026-09-26 01:48:47 | INFO    | mediagrab          | vc_verify_target:9136 | VC_PARTICIPATION_VERIFY chat_id=4427666393 locally_tracked=False telegram=unknown
2026-09-26 01:48:47 | INFO    | mediagrab          | vc_verify_target:9155 | VC_VERIFY_UNKNOWN chat_id=4427666393 locally_tracked=False telegram=unknown — explicit verification state (v99.11 P1; never a leave)
2026-09-26 01:48:47 | INFO    | mediagrab          | vc_reconcile_participations:9529 | VC_RECONCILE_DEFERRED_UNKNOWN chat_id=4427666393 — preserving joined state (backend evidence)
2026-09-26 01:48:47 | INFO    | mediagrab          | vc_reconcile_participations:9645 | VC_REGISTRY_UPDATE_CONFIRMED chat_id=4427666393 classification=LOCALLY_TRACKED_UNCONFIRMED
2026-09-26 01:48:47 | DEBUG   | mediagrab          | vc_verify_target:8855 | VC_RECONCILE_CLIENT chat_id=-1003940064304 account_id=global source=global_backend_bound
2026-09-26 01:48:47 | INFO    | mediagrab          | resolve_vc_entity:11974 | VC_ENTITY_RESOLVE_START chat_ref=-1003940064304 chat_id=-1003940064304 access_hash=yes
2026-09-26 01:48:47 | INFO    | mediagrab          | resolve_vc_entity:12075 | VC_ENTITY_RESOLVE_CACHE_HIT chat_id=-1003940064304
2026-09-26 01:48:47 | INFO    | mediagrab          | resolve_vc_entity:12076 | VC_ENTITY_RESOLVE_SUCCESS chat_id=-1003940064304 source=cache
2026-09-26 01:48:47 | INFO    | mediagrab          | resolve_vc_entity:12431 | ENTITY_RESOLVE_RPC_COUNT chat_id=-1003940064304 scope=acc_918335829278 rpcs=0 failed_rpcs=0 outcome=RESOLVED_FROM_CACHE duration_ms=0.2 (v98.10 §22)
2026-09-26 01:48:47 | DEBUG   | mediagrab          | cache_entity_scoped:2355 | ENTITY_CACHE_SCOPED account=acc_918335829278 entity_id=3940064304 source=vc_discovery scope=acc_918335829278 (v99 RC-C scope-annotated)
2026-09-26 01:48:47 | INFO    | mediagrab          | vc_detect_active_call:3098 | VC_ENTITY_DISCOVERED entity_id=3940064304 access_hash=<1744…> type=Channel
2026-09-26 01:48:47 | DEBUG   | mediagrab          | vc_verify_target:8965 | VC_PARTICIPATION_REDETECT_OK chat_id=-1003940064304 account_id=global detect_scope=acc_918335829278 source=cache reresolved=0 (v98.07 FIX-QQ)
2026-09-26 01:48:47 | INFO    | mediagrab          | vc_check_telegram_participation:7443 | VC_PARTICIPATION_PRESENT chat_id=-1003940064304 call_id=-7699075288673564347 my_id=8624009332 pages=1 inspected=1 complete=yes server_count=None participant=[peer=PeerUser(8624009332) flags=is_self,muted,video_joined source=1194204182]
2026-09-26 01:48:47 | INFO    | mediagrab          | vc_verify_target:9136 | VC_PARTICIPATION_VERIFY chat_id=-1003940064304 locally_tracked=False telegram=present
2026-09-26 01:48:47 | INFO    | mediagrab          | vc_verify_target:9155 | VC_VERIFY_MEMBER chat_id=-1003940064304 locally_tracked=False telegram=present — explicit verification state (v99.11 P1; never a leave)
2026-09-26 01:48:47 | INFO    | mediagrab          | vc_reconcile_participations:9645 | VC_REGISTRY_UPDATE_CONFIRMED chat_id=-1003940064304 classification=PARTICIPATING_UNTRACKED
2026-09-26 01:48:47 | DEBUG   | mediagrab          | vc_verify_target:8855 | VC_RECONCILE_CLIENT chat_id=3940064304 account_id=acc_919006065076 source=account:acc_919006065076
2026-09-26 01:48:47 | INFO    | mediagrab          | resolve_vc_entity:11974 | VC_ENTITY_RESOLVE_START chat_ref=-1003940064304 chat_id=-1003940064304 access_hash=yes
2026-09-26 01:48:47 | WARNING | mediagrab          | resolve_vc_entity:12062 | VC_HASH_SCOPE_MISMATCH chat_id=-1003940064304 entry_scope=acc_918335829278 consumer_scope=acc_919006065076 — skipping cache hit, re-resolving for this client (v98.07 FIX-QQ)
2026-09-26 01:48:47 | INFO    | mediagrab          | _v9810_scope_route:11809 | ENTITY_RESOLVE_ACCOUNT_SWITCH chat_id=-1003940064304 from_scope=acc_919006065076 to_account=acc_918335829278 reason=known_good_scope verified_at=1s ago (v98.10 §15 Step 0c — targeted routing, not a blind rotation)
2026-09-26 01:48:47 | INFO    | mediagrab          | _v9810_scope_route:11837 | ENTITY_RESOLVE_CACHE_HIT chat_id=-1003940064304 scope=acc_918335829278 source=scope_state age=1s (v98.10 §15 Step 0c — fresh known-good object, 0 RPCs)
2026-09-26 01:48:47 | INFO    | mediagrab          | resolve_vc_entity:12431 | ENTITY_RESOLVE_RPC_COUNT chat_id=-1003940064304 scope=acc_919006065076 rpcs=0 failed_rpcs=0 outcome=RESOLVED_VIA_ROTATION duration_ms=0.2 (v98.10 §22)
2026-09-26 01:48:48 | DEBUG   | mediagrab          | cache_entity_scoped:2355 | ENTITY_CACHE_SCOPED account=acc_918335829278 entity_id=3940064304 source=vc_discovery scope=acc_918335829278 (v99 RC-C scope-annotated)
2026-09-26 01:48:48 | INFO    | mediagrab          | vc_detect_active_call:3098 | VC_ENTITY_DISCOVERED entity_id=3940064304 access_hash=<1744…> type=Channel
2026-09-26 01:48:48 | DEBUG   | mediagrab          | vc_verify_target:8965 | VC_PARTICIPATION_REDETECT_OK chat_id=3940064304 account_id=acc_919006065076 detect_scope=acc_918335829278 source=account_rotation:acc_918335829278 reresolved=0 (v98.07 FIX-QQ)
2026-09-26 01:48:48 | INFO    | mediagrab          | vc_check_telegram_participation:7356 | VC_PARTICIPATION_STALE_CALL chat_id=3940064304 call_id=-7699075288673564347 exc=GroupcallInvalidError — the queried (id, access_hash) pair is NOT a live call: STALE CALL IDENTITY, returning unknown (NOT absent; the pipeline re-detects the current pair and re-verifies) (v99.05 RC-F4)
2026-09-26 01:48:48 | INFO    | mediagrab          | vc_check_telegram_participation:7370 | VC_VERIFY_STALE_IDENTITY chat_id=3940064304 call_id=-7699075288673564347 — detect stale identity → re-resolve current pair → verify → atomically update cache; existing healthy transport PRESERVED (never a leave; v99.11 P1)
2026-09-26 01:48:48 | INFO    | mediagrab          | vc_verify_target:9136 | VC_PARTICIPATION_VERIFY chat_id=3940064304 locally_tracked=False telegram=unknown
2026-09-26 01:48:48 | INFO    | mediagrab          | vc_verify_target:9155 | VC_VERIFY_UNKNOWN chat_id=3940064304 locally_tracked=False telegram=unknown — explicit verification state (v99.11 P1; never a leave)
2026-09-26 01:48:48 | INFO    | mediagrab          | vc_reconcile_participations:9529 | VC_RECONCILE_DEFERRED_UNKNOWN chat_id=3940064304 — preserving joined state (backend evidence)
2026-09-26 01:48:48 | INFO    | mediagrab          | vc_reconcile_participations:9645 | VC_REGISTRY_UPDATE_CONFIRMED chat_id=3940064304 classification=LOCALLY_TRACKED_UNCONFIRMED
2026-09-26 01:48:48 | DEBUG   | mediagrab          | vc_verify_target:8855 | VC_RECONCILE_CLIENT chat_id=-1002887741724 account_id=global source=global_backend_bound
2026-09-26 01:48:48 | INFO    | mediagrab          | resolve_vc_entity:11974 | VC_ENTITY_RESOLVE_START chat_ref=-1002887741724 chat_id=-1002887741724 access_hash=yes
2026-09-26 01:48:48 | INFO    | mediagrab          | resolve_vc_entity:12075 | VC_ENTITY_RESOLVE_CACHE_HIT chat_id=-1002887741724
2026-09-26 01:48:48 | INFO    | mediagrab          | resolve_vc_entity:12076 | VC_ENTITY_RESOLVE_SUCCESS chat_id=-1002887741724 source=cache
2026-09-26 01:48:48 | INFO    | mediagrab          | resolve_vc_entity:12431 | ENTITY_RESOLVE_RPC_COUNT chat_id=-1002887741724 scope=acc_918335829278 rpcs=0 failed_rpcs=0 outcome=RESOLVED_FROM_CACHE duration_ms=0.1 (v98.10 §22)
2026-09-26 01:48:48 | DEBUG   | mediagrab          | cache_entity_scoped:2355 | ENTITY_CACHE_SCOPED account=acc_918335829278 entity_id=2887741724 source=vc_discovery scope=acc_918335829278 (v99 RC-C scope-annotated)
2026-09-26 01:48:48 | INFO    | mediagrab          | vc_detect_active_call:3098 | VC_ENTITY_DISCOVERED entity_id=2887741724 access_hash=<6524…> type=Channel
2026-09-26 01:48:48 | DEBUG   | mediagrab          | vc_verify_target:8965 | VC_PARTICIPATION_REDETECT_OK chat_id=-1002887741724 account_id=global detect_scope=acc_918335829278 source=cache reresolved=0 (v98.07 FIX-QQ)
2026-09-26 01:48:48 | INFO    | mediagrab          | vc_check_telegram_participation:7443 | VC_PARTICIPATION_PRESENT chat_id=-1002887741724 call_id=-3179384222730274919 my_id=8624009332 pages=1 inspected=1 complete=yes server_count=None participant=[peer=PeerUser(8624009332) flags=is_self,muted,video_joined source=1789396470]
2026-09-26 01:48:48 | INFO    | mediagrab          | vc_verify_target:9136 | VC_PARTICIPATION_VERIFY chat_id=-1002887741724 locally_tracked=False telegram=present
2026-09-26 01:48:48 | INFO    | mediagrab          | vc_verify_target:9155 | VC_VERIFY_MEMBER chat_id=-1002887741724 locally_tracked=False telegram=present — explicit verification state (v99.11 P1; never a leave)
2026-09-26 01:48:48 | INFO    | mediagrab          | vc_reconcile_participations:9645 | VC_REGISTRY_UPDATE_CONFIRMED chat_id=-1002887741724 classification=PARTICIPATING_UNTRACKED
2026-09-26 01:48:48 | DEBUG   | mediagrab          | vc_verify_target:8855 | VC_RECONCILE_CLIENT chat_id=2887741724 account_id=acc_919006065076 source=account:acc_919006065076
2026-09-26 01:48:48 | INFO    | mediagrab          | resolve_vc_entity:11974 | VC_ENTITY_RESOLVE_START chat_ref=-1002887741724 chat_id=-1002887741724 access_hash=yes
2026-09-26 01:48:48 | WARNING | mediagrab          | resolve_vc_entity:12062 | VC_HASH_SCOPE_MISMATCH chat_id=-1002887741724 entry_scope=acc_918335829278 consumer_scope=acc_919006065076 — skipping cache hit, re-resolving for this client (v98.07 FIX-QQ)
2026-09-26 01:48:48 | INFO    | mediagrab          | _v9810_scope_route:11809 | ENTITY_RESOLVE_ACCOUNT_SWITCH chat_id=-1002887741724 from_scope=acc_919006065076 to_account=acc_918335829278 reason=known_good_scope verified_at=1s ago (v98.10 §15 Step 0c — targeted routing, not a blind rotation)
2026-09-26 01:48:48 | INFO    | mediagrab          | _v9810_scope_route:11837 | ENTITY_RESOLVE_CACHE_HIT chat_id=-1002887741724 scope=acc_918335829278 source=scope_state age=1s (v98.10 §15 Step 0c — fresh known-good object, 0 RPCs)
2026-09-26 01:48:48 | INFO    | mediagrab          | resolve_vc_entity:12431 | ENTITY_RESOLVE_RPC_COUNT chat_id=-1002887741724 scope=acc_919006065076 rpcs=0 failed_rpcs=0 outcome=RESOLVED_VIA_ROTATION duration_ms=2.5 (v98.10 §22)
2026-09-26 01:48:49 | DEBUG   | mediagrab          | cache_entity_scoped:2355 | ENTITY_CACHE_SCOPED account=acc_918335829278 entity_id=2887741724 source=vc_discovery scope=acc_918335829278 (v99 RC-C scope-annotated)
2026-09-26 01:48:49 | INFO    | mediagrab          | vc_detect_active_call:3098 | VC_ENTITY_DISCOVERED entity_id=2887741724 access_hash=<6524…> type=Channel
2026-09-26 01:48:49 | DEBUG   | mediagrab          | vc_verify_target:8965 | VC_PARTICIPATION_REDETECT_OK chat_id=2887741724 account_id=acc_919006065076 detect_scope=acc_918335829278 source=account_rotation:acc_918335829278 reresolved=0 (v98.07 FIX-QQ)
2026-09-26 01:48:49 | INFO    | mediagrab          | vc_check_telegram_participation:7356 | VC_PARTICIPATION_STALE_CALL chat_id=2887741724 call_id=-3179384222730274919 exc=GroupcallInvalidError — the queried (id, access_hash) pair is NOT a live call: STALE CALL IDENTITY, returning unknown (NOT absent; the pipeline re-detects the current pair and re-verifies) (v99.05 RC-F4)
2026-09-26 01:48:49 | INFO    | mediagrab          | vc_check_telegram_participation:7370 | VC_VERIFY_STALE_IDENTITY chat_id=2887741724 call_id=-3179384222730274919 — detect stale identity → re-resolve current pair → verify → atomically update cache; existing healthy transport PRESERVED (never a leave; v99.11 P1)
2026-09-26 01:48:49 | INFO    | mediagrab          | vc_verify_target:9136 | VC_PARTICIPATION_VERIFY chat_id=2887741724 locally_tracked=False telegram=unknown
2026-09-26 01:48:49 | INFO    | mediagrab          | vc_verify_target:9155 | VC_VERIFY_UNKNOWN chat_id=2887741724 locally_tracked=False telegram=unknown — explicit verification state (v99.11 P1; never a leave)
2026-09-26 01:48:49 | INFO    | mediagrab          | vc_reconcile_participations:9529 | VC_RECONCILE_DEFERRED_UNKNOWN chat_id=2887741724 — preserving joined state (backend evidence)
2026-09-26 01:48:49 | INFO    | mediagrab          | vc_reconcile_participations:9645 | VC_REGISTRY_UPDATE_CONFIRMED chat_id=2887741724 classification=LOCALLY_TRACKED_UNCONFIRMED
2026-09-26 01:48:49 | INFO    | mediagrab          | vc_reconcile_participations:9660 | VC_RECONCILE_RESULT total=34 confirmed=5 participating_untracked=11 locally_tracked_unconfirmed=7 unknown=9 cleanup_required=0 left=2 failed=0
2026-09-26 01:48:54 | INFO    | mediagrab          | _vc_handle_vc_command:28929 | COMMAND_RECEIVED path=telethon cmd=num sender=2112060890 chat=-1003794439741
2026-09-26 01:49:02 | DEBUG   | mediagrab          | _mtproto_health_loop:5800 | MTProto health check: OK
2026-09-26 01:49:02 | INFO    | mediagrab          | _mtproto_health_loop:5864 | MTPROTO_GENERATION_STATE active=0 retiring=0 retired=0 poisoned=0 generation_sessions=0 live_clients=3
2026-09-26 01:49:32 | DEBUG   | mediagrab          | _mtproto_health_loop:5800 | MTProto health check: OK
2026-09-26 01:49:32 | INFO    | mediagrab          | _mtproto_health_loop:5864 | MTPROTO_GENERATION_STATE active=0 retiring=0 retired=0 poisoned=0 generation_sessions=0 live_clients=3
2026-09-26 01:49:32 | INFO    | mediagrab          | _reconcile_cycle:917 | VC_COVERAGE_RECONCILE_START active=40 joined=28 missing=12 retry_ready=0 persistent_retry_queue_total=0 persistent_retry_queue_ready=0
2026-09-26 01:49:32 | INFO    | mediagrab          | _reconcile_cycle:946 | VC_RECONCILE_FOUND_MISSING chat_id=1949746242 title=
2026-09-26 01:49:32 | INFO    | mediagrab          | _reconcile_cycle:946 | VC_RECONCILE_FOUND_MISSING chat_id=3717806820 title=
2026-09-26 01:49:32 | INFO    | mediagrab          | _reconcile_cycle:946 | VC_RECONCILE_FOUND_MISSING chat_id=3961210499 title=
2026-09-26 01:49:32 | INFO    | mediagrab          | _reconcile_cycle:946 | VC_RECONCILE_FOUND_MISSING chat_id=2144563093 title=
2026-09-26 01:49:32 | INFO    | mediagrab          | _reconcile_cycle:946 | VC_RECONCILE_FOUND_MISSING chat_id=2333937461 title=
2026-09-26 01:49:32 | INFO    | mediagrab          | _reconcile_cycle:946 | VC_RECONCILE_FOUND_MISSING chat_id=1993596337 title=Трейд чатик Vespiol
2026-09-26 01:49:32 | DEBUG   | mediagrab          | _watchdog_loop:1740 | WATCHDOG: talkative handler not registered but effective_disabled source=dashboard_db — not retrying (admin disabled; v99.07 FIX-5)
2026-09-26 01:49:40 | INFO    | mediagrab          | _bot_heartbeat_loop:2840 | BOT_HEARTBEAT pid=7 uptime=17715s rss_mb=166 threads=50 fd=334/1024 joined_transports=20 join_queue=0 active_joins=0 memory_limit_mb=4506 resource_headroom_mb=4339 FD_CENSUS total=334 soft=1024 sockets=317 pipes=2 files=12 anon=2 other=1 MEM_CENSUS rss_mb=166 threads=50 fd=334/1024 joined_transports=20 joins=_global:J=13/F=0 acc_918335829278:J=6/F=0 acc_919006065076:J=1/F=0 (v98.05 FIX-FF liveness; v98.06 FIX-OO uptime epoch domain; v99.02 FIX-3 FD_CENSUS; v99.10 FIX-D MEM_CENSUS; v99.11 P0-1 single-%s safe emission + resource fields)
2026-09-26 01:49:56 | INFO    | mediagrab          | _vc_handle_vc_command:28929 | COMMAND_RECEIVED path=telethon cmd=activity@newsviewslavebot sender=7374039334 chat=-1003922758336
2026-09-26 01:50:02 | DEBUG   | mediagrab          | _mtproto_health_loop:5800 | MTProto health check: OK
2026-09-26 01:50:02 | INFO    | mediagrab          | _mtproto_health_loop:5864 | MTPROTO_GENERATION_STATE active=0 retiring=0 retired=0 poisoned=0 generation_sessions=0 live_clients=3
2026-09-26 01:50:32 | DEBUG   | mediagrab          | _mtproto_health_loop:5800 | MTProto health check: OK
2026-09-26 01:50:32 | INFO    | mediagrab          | _mtproto_health_loop:5864 | MTPROTO_GENERATION_STATE active=0 retiring=0 retired=0 poisoned=0 generation_sessions=0 live_clients=3
2026-09-26 01:50:32 | INFO    | mediagrab_bot.vc_arch | emit_budgets_heartbeat:1204 | VC_ARCH_BUDGETS_HEARTBEAT max_classification_in_flight=4 max_discovery_in_flight=4 max_dispatch_queue_depth=200 max_entity_resolution_in_flight=8 max_join_in_flight=3 max_reconcile_in_flight=4 negcache_max_entries=10000 retry_budget_per_window=25 retry_window_seconds=60 task_population_bound=5000
2026-09-26 01:50:32 | INFO    | mediagrab          | _reconcile_cycle:917 | VC_COVERAGE_RECONCILE_START active=40 joined=28 missing=12 retry_ready=0 persistent_retry_queue_total=0 persistent_retry_queue_ready=0
2026-09-26 01:50:32 | INFO    | mediagrab          | _reconcile_cycle:946 | VC_RECONCILE_FOUND_MISSING chat_id=1949746242 title=
2026-09-26 01:50:32 | INFO    | mediagrab          | _reconcile_cycle:946 | VC_RECONCILE_FOUND_MISSING chat_id=3717806820 title=
2026-09-26 01:50:32 | INFO    | mediagrab          | _reconcile_cycle:946 | VC_RECONCILE_FOUND_MISSING chat_id=3961210499 title=
2026-09-26 01:50:32 | INFO    | mediagrab          | _reconcile_cycle:946 | VC_RECONCILE_FOUND_MISSING chat_id=2144563093 title=
2026-09-26 01:50:32 | INFO    | mediagrab          | _reconcile_cycle:946 | VC_RECONCILE_FOUND_MISSING chat_id=2333937461 title=
2026-09-26 01:50:32 | INFO    | mediagrab          | _reconcile_cycle:946 | VC_RECONCILE_FOUND_MISSING chat_id=1993596337 title=Трейд чатик Vespiol
2026-09-26 01:50:32 | DEBUG   | mediagrab          | _watchdog_loop:1740 | WATCHDOG: talkative handler not registered but effective_disabled source=dashboard_db — not retrying (admin disabled; v99.07 FIX-5)
2026-09-26 01:50:40 | INFO    | mediagrab          | _bot_heartbeat_loop:2840 | BOT_HEARTBEAT pid=7 uptime=17775s rss_mb=166 threads=50 fd=335/1024 joined_transports=20 join_queue=0 active_joins=0 memory_limit_mb=4506 resource_headroom_mb=4339 FD_CENSUS total=335 soft=1024 sockets=318 pipes=2 files=12 anon=2 other=1 MEM_CENSUS rss_mb=166 threads=50 fd=335/1024 joined_transports=20 joins=_global:J=13/F=0 acc_918335829278:J=6/F=0 acc_919006065076:J=1/F=0 (v98.05 FIX-FF liveness; v98.06 FIX-OO uptime epoch domain; v99.02 FIX-3 FD_CENSUS; v99.10 FIX-D MEM_CENSUS; v99.11 P0-1 single-%s safe emission + resource fields)
2026-09-26 01:51:02 | DEBUG   | mediagrab          | _mtproto_health_loop:5800 | MTProto health check: OK
2026-09-26 01:51:02 | INFO    | mediagrab          | _mtproto_health_loop:5864 | MTPROTO_GENERATION_STATE active=0 retiring=0 retired=0 poisoned=0 generation_sessions=0 live_clients=3
2026-09-26 01:51:26 | INFO    | mediagrab          | _vc_handle_vc_command:28929 | COMMAND_RECEIVED path=telethon cmd=settings sender=1600454750 chat=-1001741660162
2026-09-26 01:51:26 | INFO    | mediagrab          | _vc_handle_vc_command:28929 | COMMAND_RECEIVED path=telethon cmd=claim@newsviewslavebot sender=7757445277 chat=-1003922758336
2026-09-26 01:51:32 | DEBUG   | mediagrab          | _mtproto_health_loop:5800 | MTProto health check: OK
2026-09-26 01:51:32 | INFO    | mediagrab          | _mtproto_health_loop:5864 | MTPROTO_GENERATION_STATE active=0 retiring=0 retired=0 poisoned=0 generation_sessions=0 live_clients=3
2026-09-26 01:51:32 | INFO    | mediagrab          | _reconcile_cycle:917 | VC_COVERAGE_RECONCILE_START active=40 joined=28 missing=12 retry_ready=0 persistent_retry_queue_total=0 persistent_retry_queue_ready=0
2026-09-26 01:51:32 | INFO    | mediagrab          | _reconcile_cycle:946 | VC_RECONCILE_FOUND_MISSING chat_id=1949746242 title=
2026-09-26 01:51:32 | INFO    | mediagrab          | _reconcile_cycle:946 | VC_RECONCILE_FOUND_MISSING chat_id=3717806820 title=
2026-09-26 01:51:32 | INFO    | mediagrab          | _reconcile_cycle:946 | VC_RECONCILE_FOUND_MISSING chat_id=3961210499 title=
2026-09-26 01:51:32 | INFO    | mediagrab          | _reconcile_cycle:946 | VC_RECONCILE_FOUND_MISSING chat_id=2144563093 title=
2026-09-26 01:51:32 | INFO    | mediagrab          | _reconcile_cycle:946 | VC_RECONCILE_FOUND_MISSING chat_id=2333937461 title=
2026-09-26 01:51:32 | INFO    | mediagrab          | _reconcile_cycle:946 | VC_RECONCILE_FOUND_MISSING chat_id=1993596337 title=Трейд чатик Vespiol
2026-09-26 01:51:32 | DEBUG   | mediagrab          | _watchdog_loop:1740 | WATCHDOG: talkative handler not registered but effective_disabled source=dashboard_db — not retrying (admin disabled; v99.07 FIX-5)
2026-09-26 01:51:40 | INFO    | mediagrab          | _bot_heartbeat_loop:2840 | BOT_HEARTBEAT pid=7 uptime=17835s rss_mb=166 threads=50 fd=337/1024 joined_transports=20 join_queue=0 active_joins=0 memory_limit_mb=4506 resource_headroom_mb=4339 FD_CENSUS total=337 soft=1024 sockets=319 pipes=2 files=13 anon=2 other=1 MEM_CENSUS rss_mb=166 threads=50 fd=337/1024 joined_transports=20 joins=_global:J=13/F=0 acc_918335829278:J=6/F=0 acc_919006065076:J=1/F=0 (v98.05 FIX-FF liveness; v98.06 FIX-OO uptime epoch domain; v99.02 FIX-3 FD_CENSUS; v99.10 FIX-D MEM_CENSUS; v99.11 P0-1 single-%s safe emission + resource fields)
2026-09-26 01:52:01 | INFO    | mediagrab          | _vc_handle_vc_command:28929 | COMMAND_RECEIVED path=telethon cmd=tgid sender=6248956109 chat=-1003794439741
2026-09-26 01:52:02 | DEBUG   | mediagrab          | _mtproto_health_loop:5800 | MTProto health check: OK
2026-09-26 01:52:02 | INFO    | mediagrab          | _mtproto_health_loop:5864 | MTPROTO_GENERATION_STATE active=0 retiring=0 retired=0 poisoned=0 generation_sessions=0 live_clients=3
2026-09-26 01:52:32 | DEBUG   | mediagrab          | _mtproto_health_loop:5800 | MTProto health check: OK
2026-09-26 01:52:32 | INFO    | mediagrab          | _mtproto_health_loop:5864 | MTPROTO_GENERATION_STATE active=0 retiring=0 retired=0 poisoned=0 generation_sessions=0 live_clients=3
2026-09-26 01:52:32 | INFO    | mediagrab          | _reconcile_cycle:917 | VC_COVERAGE_RECONCILE_START active=40 joined=28 missing=12 retry_ready=0 persistent_retry_queue_total=0 persistent_retry_queue_ready=0
2026-09-26 01:52:32 | INFO    | mediagrab          | _reconcile_cycle:946 | VC_RECONCILE_FOUND_MISSING chat_id=1949746242 title=
2026-09-26 01:52:32 | INFO    | mediagrab          | _reconcile_cycle:946 | VC_RECONCILE_FOUND_MISSING chat_id=3717806820 title=
2026-09-26 01:52:32 | INFO    | mediagrab          | _reconcile_cycle:946 | VC_RECONCILE_FOUND_MISSING chat_id=3961210499 title=
2026-09-26 01:52:32 | INFO    | mediagrab          | _reconcile_cycle:946 | VC_RECONCILE_FOUND_MISSING chat_id=2144563093 title=
2026-09-26 01:52:32 | INFO    | mediagrab          | _reconcile_cycle:946 | VC_RECONCILE_FOUND_MISSING chat_id=2333937461 title=
2026-09-26 01:52:32 | INFO    | mediagrab          | _reconcile_cycle:946 | VC_RECONCILE_FOUND_MISSING chat_id=1993596337 title=Трейд чатик Vespiol
2026-09-26 01:52:32 | DEBUG   | mediagrab          | _watchdog_loop:1740 | WATCHDOG: talkative handler not registered but effective_disabled source=dashboard_db — not retrying (admin disabled; v99.07 FIX-5)
2026-09-26 01:52:40 | INFO    | mediagrab          | _bot_heartbeat_loop:2840 | BOT_HEARTBEAT pid=7 uptime=17895s rss_mb=166 threads=50 fd=336/1024 joined_transports=20 join_queue=0 active_joins=0 memory_limit_mb=4506 resource_headroom_mb=4339 FD_CENSUS total=336 soft=1024 sockets=318 pipes=2 files=13 anon=2 other=1 MEM_CENSUS rss_mb=166 threads=50 fd=336/1024 joined_transports=20 joins=_global:J=13/F=0 acc_918335829278:J=6/F=0 acc_919006065076:J=1/F=0 (v98.05 FIX-FF liveness; v98.06 FIX-OO uptime epoch domain; v99.02 FIX-3 FD_CENSUS; v99.10 FIX-D MEM_CENSUS; v99.11 P0-1 single-%s safe emission + resource fields)
2026-09-26 01:52:40 | INFO    | mediagrab          | _vc_handle_vc_command:28929 | COMMAND_RECEIVED path=telethon cmd=tgid@kills_everybody sender=6248956109 chat=-1003794439741
2026-09-26 01:52:58 | INFO    | mediagrab          | _vc_handle_vc_command:28929 | COMMAND_RECEIVED path=telethon cmd=tgid sender=6248956109 chat=-1003794439741
2026-09-26 01:53:02 | DEBUG   | mediagrab          | _mtproto_health_loop:5800 | MTProto health check: OK
2026-09-26 01:53:02 | INFO    | mediagrab          | _mtproto_health_loop:5864 | MTPROTO_GENERATION_STATE active=0 retiring=0 retired=0 poisoned=0 generation_sessions=0 live_clients=3
2026-09-26 01:53:32 | DEBUG   | mediagrab          | _mtproto_health_loop:5800 | MTProto health check: OK
2026-09-26 01:53:32 | INFO    | mediagrab          | _mtproto_health_loop:5864 | MTPROTO_GENERATION_STATE active=0 retiring=0 retired=0 poisoned=0 generation_sessions=0 live_clients=3
2026-09-26 01:53:32 | INFO    | mediagrab          | _reconcile_cycle:917 | VC_COVERAGE_RECONCILE_START active=40 joined=28 missing=12 retry_ready=0 persistent_retry_queue_total=0 persistent_retry_queue_ready=0
2026-09-26 01:53:32 | INFO    | mediagrab          | _reconcile_cycle:946 | VC_RECONCILE_FOUND_MISSING chat_id=1949746242 title=
2026-09-26 01:53:32 | INFO    | mediagrab          | _reconcile_cycle:946 | VC_RECONCILE_FOUND_MISSING chat_id=3717806820 title=
2026-09-26 01:53:32 | INFO    | mediagrab          | _reconcile_cycle:946 | VC_RECONCILE_FOUND_MISSING chat_id=3961210499 title=
2026-09-26 01:53:32 | INFO    | mediagrab          | _reconcile_cycle:946 | VC_RECONCILE_FOUND_MISSING chat_id=2144563093 title=
2026-09-26 01:53:32 | INFO    | mediagrab          | _reconcile_cycle:946 | VC_RECONCILE_FOUND_MISSING chat_id=2333937461 title=
2026-09-26 01:53:32 | INFO    | mediagrab          | _reconcile_cycle:946 | VC_RECONCILE_FOUND_MISSING chat_id=1993596337 title=Трейд чатик Vespiol
2026-09-26 01:53:32 | DEBUG   | mediagrab          | _watchdog_loop:1740 | WATCHDOG: talkative handler not registered but effective_disabled source=dashboard_db — not retrying (admin disabled; v99.07 FIX-5)
2026-09-26 01:53:40 | INFO    | mediagrab          | _bot_heartbeat_loop:2756 | ACCOUNT_HEALTH live_clients=2 cluster_accounts=2 dead_sessions=0 unregistered=0 expected_cluster=2 total_files=2 — live_clients counts primary_global + registered cluster sessions; dead files need delete + re-login (SESSION_REMEDIATION); expected_cluster is accounts.json's registry size (v99.03 RC-10)
2026-09-26 01:53:40 | INFO    | mediagrab          | _bot_heartbeat_loop:2840 | BOT_HEARTBEAT pid=7 uptime=17955s rss_mb=166 threads=50 fd=337/1024 joined_transports=20 join_queue=0 active_joins=0 memory_limit_mb=4506 resource_headroom_mb=4339 TASK_POPULATION total=38 FD_CENSUS total=337 soft=1024 sockets=320 pipes=2 files=12 anon=2 other=1 MEM_CENSUS rss_mb=166 threads=50 fd=337/1024 joined_transports=20 joins=_global:J=13/F=0 acc_918335829278:J=6/F=0 acc_919006065076:J=1/F=0 (v98.05 FIX-FF liveness; v98.06 FIX-OO uptime epoch domain; v99.02 FIX-3 FD_CENSUS; v99.10 FIX-D MEM_CENSUS; v99.11 P0-1 single-%s safe emission + resource fields)
2026-09-26 01:53:49 | INFO    | mediagrab          | vc_collect_capability_evidence:8673 | VC_MULTI_CAPABILITY classification=MULTI_TRANSPORT resolved_count=13 tracked_targets=34 telegram_present=16 leave_target_specific=True confidence=high contradictions=0
2026-09-26 01:53:49 | DEBUG   | mediagrab          | vc_verify_target:8855 | VC_RECONCILE_CLIENT chat_id=-1001949746242 account_id=global source=global_backend_bound
2026-09-26 01:53:49 | INFO    | mediagrab          | resolve_vc_entity:11974 | VC_ENTITY_RESOLVE_START chat_ref=-1001949746242 chat_id=-1001949746242 access_hash=yes
2026-09-26 01:53:49 | INFO    | mediagrab          | resolve_vc_entity:12075 | VC_ENTITY_RESOLVE_CACHE_HIT chat_id=-1001949746242
2026-09-26 01:53:49 | INFO    | mediagrab          | resolve_vc_entity:12076 | VC_ENTITY_RESOLVE_SUCCESS chat_id=-1001949746242 source=cache
2026-09-26 01:53:49 | INFO    | mediagrab          | resolve_vc_entity:12431 | ENTITY_RESOLVE_RPC_COUNT chat_id=-1001949746242 scope=acc_918335829278 rpcs=0 failed_rpcs=0 outcome=RESOLVED_FROM_CACHE duration_ms=0.1 (v98.10 §22)
2026-09-26 01:53:49 | DEBUG   | mediagrab          | cache_entity_scoped:2355 | ENTITY_CACHE_SCOPED account=acc_918335829278 entity_id=1949746242 source=vc_discovery scope=acc_918335829278 (v99 RC-C scope-annotated)
2026-09-26 01:53:49 | INFO    | mediagrab          | vc_detect_active_call:3098 | VC_ENTITY_DISCOVERED entity_id=1949746242 access_hash=<2432…> type=Channel
2026-09-26 01:53:49 | DEBUG   | mediagrab          | vc_verify_target:8965 | VC_PARTICIPATION_REDETECT_OK chat_id=-1001949746242 account_id=global detect_scope=acc_918335829278 source=cache reresolved=0 (v98.07 FIX-QQ)
2026-09-26 01:53:50 | INFO    | mediagrab          | vc_check_telegram_participation:7681 | VC_PARTICIPATION_ABSENT_VIA_TARGETED chat_id=-1001949746242 call_id=-8374096343459726500 my_id=8624009332 via TARGETED_QUERY (v98.01 FIX-I + v98.02 FIX-L) — broad scan truncated at 0/2000, targeted query EMPTY for streak=3 (>=threshold=3) consecutive times with call_id stable → authoritative absence after repeated negative
2026-09-26 01:53:50 | INFO    | mediagrab          | vc_verify_target:9136 | VC_PARTICIPATION_VERIFY chat_id=-1001949746242 locally_tracked=False telegram=absent
2026-09-26 01:53:50 | INFO    | mediagrab          | vc_verify_target:9155 | VC_VERIFY_NOT_MEMBER chat_id=-1001949746242 locally_tracked=False telegram=absent — explicit verification state (v99.11 P1; never a leave)
2026-09-26 01:53:50 | INFO    | mediagrab          | vc_reconcile_participations:9542 | VC_PARTICIPATION_CONFIRMED_ABSENT chat_id=-1001949746242
2026-09-26 01:53:50 | INFO    | mediagrab          | _vc_cleanup_stale_backend_call:8029 | VC_BACKEND_STALE_CALL_CLEANUP_OWNER chat_id=-1001949746242 owner_account=(global) — using per-account backend for cleanup (v98.01 FIX-J: account-aware, prevents cross-account corruption)
2026-09-26 01:53:50 | INFO    | mediagrab          | vc_reconcile_participations:9645 | VC_REGISTRY_UPDATE_CONFIRMED chat_id=-1001949746242 classification=LEFT
2026-09-26 01:53:50 | DEBUG   | mediagrab          | vc_verify_target:8855 | VC_RECONCILE_CLIENT chat_id=1949746242 account_id=acc_918335829278 source=account:acc_918335829278
2026-09-26 01:53:50 | INFO    | mediagrab          | resolve_vc_entity:11974 | VC_ENTITY_RESOLVE_START chat_ref=-1001949746242 chat_id=-1001949746242 access_hash=yes
2026-09-26 01:53:50 | INFO    | mediagrab          | resolve_vc_entity:12075 | VC_ENTITY_RESOLVE_CACHE_HIT chat_id=-1001949746242
2026-09-26 01:53:50 | INFO    | mediagrab          | resolve_vc_entity:12076 | VC_ENTITY_RESOLVE_SUCCESS chat_id=-1001949746242 source=cache
2026-09-26 01:53:50 | INFO    | mediagrab          | resolve_vc_entity:12431 | ENTITY_RESOLVE_RPC_COUNT chat_id=-1001949746242 scope=acc_918335829278 rpcs=0 failed_rpcs=0 outcome=RESOLVED_FROM_CACHE duration_ms=0.2 (v98.10 §22)
2026-09-26 01:53:50 | DEBUG   | mediagrab          | cache_entity_scoped:2355 | ENTITY_CACHE_SCOPED account=acc_918335829278 entity_id=1949746242 source=vc_discovery scope=acc_918335829278 (v99 RC-C scope-annotated)
2026-09-26 01:53:50 | INFO    | mediagrab          | vc_detect_active_call:3098 | VC_ENTITY_DISCOVERED entity_id=1949746242 access_hash=<2432…> type=Channel
2026-09-26 01:53:50 | DEBUG   | mediagrab          | vc_verify_target:8965 | VC_PARTICIPATION_REDETECT_OK chat_id=1949746242 account_id=acc_918335829278 detect_scope=acc_918335829278 source=cache reresolved=0 (v98.07 FIX-QQ)
2026-09-26 01:53:50 | INFO    | mediagrab          | vc_check_telegram_participation:7681 | VC_PARTICIPATION_ABSENT_VIA_TARGETED chat_id=1949746242 call_id=-8374096343459726500 my_id=8624009332 via TARGETED_QUERY (v98.01 FIX-I + v98.02 FIX-L) — broad scan truncated at 0/2000, targeted query EMPTY for streak=3 (>=threshold=3) consecutive times with call_id stable → authoritative absence after repeated negative
2026-09-26 01:53:50 | INFO    | mediagrab          | vc_verify_target:9136 | VC_PARTICIPATION_VERIFY chat_id=1949746242 locally_tracked=False telegram=absent
2026-09-26 01:53:50 | INFO    | mediagrab          | vc_verify_target:9155 | VC_VERIFY_NOT_MEMBER chat_id=1949746242 locally_tracked=False telegram=absent — explicit verification state (v99.11 P1; never a leave)
2026-09-26 01:53:50 | INFO    | mediagrab          | vc_reconcile_participations:9542 | VC_PARTICIPATION_CONFIRMED_ABSENT chat_id=1949746242
2026-09-26 01:53:50 | INFO    | mediagrab          | _vc_cleanup_stale_backend_call:8029 | VC_BACKEND_STALE_CALL_CLEANUP_OWNER chat_id=1949746242 owner_account=(global) — using per-account backend for cleanup (v98.01 FIX-J: account-aware, prevents cross-account corruption)
2026-09-26 01:53:50 | INFO    | mediagrab          | vc_reconcile_participations:9645 | VC_REGISTRY_UPDATE_CONFIRMED chat_id=1949746242 classification=LEFT
2026-09-26 01:53:50 | DEBUG   | mediagrab          | vc_verify_target:8730 | VC_RECONCILE_SKIP_COOLDOWN chat_id=-1003717806820 remaining=526s — recently confirmed dead
2026-09-26 01:53:50 | INFO    | mediagrab          | vc_reconcile_participations:9645 | VC_REGISTRY_UPDATE_CONFIRMED chat_id=-1003717806820 classification=UNKNOWN
2026-09-26 01:53:50 | DEBUG   | mediagrab          | vc_verify_target:8730 | VC_RECONCILE_SKIP_COOLDOWN chat_id=3717806820 remaining=526s — recently confirmed dead
2026-09-26 01:53:50 | INFO    | mediagrab          | vc_reconcile_participations:9645 | VC_REGISTRY_UPDATE_CONFIRMED chat_id=3717806820 classification=UNKNOWN
2026-09-26 01:53:50 | DEBUG   | mediagrab          | vc_verify_target:8855 | VC_RECONCILE_CLIENT chat_id=-1004493954490 account_id=global source=global_backend_bound
2026-09-26 01:53:50 | INFO    | mediagrab          | resolve_vc_entity:11974 | VC_ENTITY_RESOLVE_START chat_ref=-1004493954490 chat_id=-1004493954490 access_hash=yes
2026-09-26 01:53:50 | INFO    | mediagrab          | resolve_vc_entity:12075 | VC_ENTITY_RESOLVE_CACHE_HIT chat_id=-1004493954490
2026-09-26 01:53:50 | INFO    | mediagrab          | resolve_vc_entity:12076 | VC_ENTITY_RESOLVE_SUCCESS chat_id=-1004493954490 source=cache
2026-09-26 01:53:50 | INFO    | mediagrab          | resolve_vc_entity:12431 | ENTITY_RESOLVE_RPC_COUNT chat_id=-1004493954490 scope=acc_918335829278 rpcs=0 failed_rpcs=0 outcome=RESOLVED_FROM_CACHE duration_ms=0.2 (v98.10 §22)
2026-09-26 01:53:51 | DEBUG   | mediagrab          | cache_entity_scoped:2355 | ENTITY_CACHE_SCOPED account=acc_918335829278 entity_id=4493954490 source=vc_discovery scope=acc_918335829278 (v99 RC-C scope-annotated)
2026-09-26 01:53:51 | INFO    | mediagrab          | vc_detect_active_call:3098 | VC_ENTITY_DISCOVERED entity_id=4493954490 access_hash=<1521…> type=Channel
2026-09-26 01:53:51 | DEBUG   | mediagrab          | vc_verify_target:8965 | VC_PARTICIPATION_REDETECT_OK chat_id=-1004493954490 account_id=global detect_scope=acc_918335829278 source=cache reresolved=0 (v98.07 FIX-QQ)
2026-09-26 01:53:51 | INFO    | mediagrab          | vc_check_telegram_participation:7443 | VC_PARTICIPATION_PRESENT chat_id=-1004493954490 call_id=-854643486267583587 my_id=8624009332 pages=1 inspected=1 complete=yes server_count=None participant=[peer=PeerUser(8624009332) flags=is_self,muted,video_joined source=1809589421]
2026-09-26 01:53:51 | INFO    | mediagrab          | vc_verify_target:9136 | VC_PARTICIPATION_VERIFY chat_id=-1004493954490 locally_tracked=False telegram=present
2026-09-26 01:53:51 | INFO    | mediagrab          | vc_verify_target:9155 | VC_VERIFY_MEMBER chat_id=-1004493954490 locally_tracked=False telegram=present — explicit verification state (v99.11 P1; never a leave)
2026-09-26 01:53:51 | INFO    | mediagrab          | vc_reconcile_participations:9645 | VC_REGISTRY_UPDATE_CONFIRMED chat_id=-1004493954490 classification=PARTICIPATING_UNTRACKED
2026-09-26 01:53:51 | DEBUG   | mediagrab          | vc_verify_target:8855 | VC_RECONCILE_CLIENT chat_id=4493954490 account_id=(none) source=primary_legacy
2026-09-26 01:53:51 | INFO    | mediagrab          | resolve_vc_entity:11974 | VC_ENTITY_RESOLVE_START chat_ref=-1004493954490 chat_id=-1004493954490 access_hash=yes
2026-09-26 01:53:51 | INFO    | mediagrab          | resolve_vc_entity:12075 | VC_ENTITY_RESOLVE_CACHE_HIT chat_id=-1004493954490
2026-09-26 01:53:51 | INFO    | mediagrab          | resolve_vc_entity:12076 | VC_ENTITY_RESOLVE_SUCCESS chat_id=-1004493954490 source=cache
2026-09-26 01:53:51 | INFO    | mediagrab          | resolve_vc_entity:12431 | ENTITY_RESOLVE_RPC_COUNT chat_id=-1004493954490 scope=acc_918335829278 rpcs=0 failed_rpcs=0 outcome=RESOLVED_FROM_CACHE duration_ms=0.1 (v98.10 §22)
2026-09-26 01:53:51 | DEBUG   | mediagrab          | cache_entity_scoped:2355 | ENTITY_CACHE_SCOPED account=acc_918335829278 entity_id=4493954490 source=vc_discovery scope=acc_918335829278 (v99 RC-C scope-annotated)
2026-09-26 01:53:51 | INFO    | mediagrab          | vc_detect_active_call:3098 | VC_ENTITY_DISCOVERED entity_id=4493954490 access_hash=<1521…> type=Channel
2026-09-26 01:53:51 | DEBUG   | mediagrab          | vc_verify_target:8965 | VC_PARTICIPATION_REDETECT_OK chat_id=4493954490 account_id=(none) detect_scope=acc_918335829278 source=cache reresolved=0 (v98.07 FIX-QQ)
2026-09-26 01:53:51 | INFO    | mediagrab          | vc_check_telegram_participation:7443 | VC_PARTICIPATION_PRESENT chat_id=4493954490 call_id=-854643486267583587 my_id=8624009332 pages=1 inspected=1 complete=yes server_count=None participant=[peer=PeerUser(8624009332) flags=is_self,muted,video_joined source=1809589421]
2026-09-26 01:53:51 | INFO    | mediagrab          | vc_verify_target:9136 | VC_PARTICIPATION_VERIFY chat_id=4493954490 locally_tracked=False telegram=present
2026-09-26 01:53:51 | INFO    | mediagrab          | vc_verify_target:9155 | VC_VERIFY_MEMBER chat_id=4493954490 locally_tracked=False telegram=present — explicit verification state (v99.11 P1; never a leave)
2026-09-26 01:53:51 | INFO    | mediagrab          | vc_reconcile_participations:9645 | VC_REGISTRY_UPDATE_CONFIRMED chat_id=4493954490 classification=PARTICIPATING_UNTRACKED
2026-09-26 01:53:51 | DEBUG   | mediagrab          | vc_verify_target:8855 | VC_RECONCILE_CLIENT chat_id=-1001741660162 account_id=global source=global_backend_bound
2026-09-26 01:53:51 | INFO    | mediagrab          | resolve_vc_entity:11974 | VC_ENTITY_RESOLVE_START chat_ref=-1001741660162 chat_id=-1001741660162 access_hash=yes
2026-09-26 01:53:51 | INFO    | mediagrab          | resolve_vc_entity:12075 | VC_ENTITY_RESOLVE_CACHE_HIT chat_id=-1001741660162
2026-09-26 01:53:51 | INFO    | mediagrab          | resolve_vc_entity:12076 | VC_ENTITY_RESOLVE_SUCCESS chat_id=-1001741660162 source=cache
2026-09-26 01:53:51 | INFO    | mediagrab          | resolve_vc_entity:12431 | ENTITY_RESOLVE_RPC_COUNT chat_id=-1001741660162 scope=acc_918335829278 rpcs=0 failed_rpcs=0 outcome=RESOLVED_FROM_CACHE duration_ms=0.2 (v98.10 §22)
2026-09-26 01:53:52 | DEBUG   | mediagrab          | cache_entity_scoped:2355 | ENTITY_CACHE_SCOPED account=acc_918335829278 entity_id=1741660162 source=vc_discovery scope=acc_918335829278 (v99 RC-C scope-annotated)
2026-09-26 01:53:52 | INFO    | mediagrab          | vc_detect_active_call:3098 | VC_ENTITY_DISCOVERED entity_id=1741660162 access_hash=<-409…> type=Channel
2026-09-26 01:53:52 | DEBUG   | mediagrab          | vc_verify_target:8965 | VC_PARTICIPATION_REDETECT_OK chat_id=-1001741660162 account_id=global detect_scope=acc_918335829278 source=cache reresolved=0 (v98.07 FIX-QQ)
2026-09-26 01:53:52 | INFO    | mediagrab          | vc_check_telegram_participation:7443 | VC_PARTICIPATION_PRESENT chat_id=-1001741660162 call_id=-7480373434596124204 my_id=8624009332 pages=1 inspected=1 complete=yes server_count=None participant=[peer=PeerUser(8624009332) flags=is_self,muted,video_joined source=1709522862]
2026-09-26 01:53:52 | INFO    | mediagrab          | vc_verify_target:9136 | VC_PARTICIPATION_VERIFY chat_id=-1001741660162 locally_tracked=False telegram=present
2026-09-26 01:53:52 | INFO    | mediagrab          | vc_verify_target:9155 | VC_VERIFY_MEMBER chat_id=-1001741660162 locally_tracked=False telegram=present — explicit verification state (v99.11 P1; never a leave)
2026-09-26 01:53:52 | INFO    | mediagrab          | vc_reconcile_participations:9645 | VC_REGISTRY_UPDATE_CONFIRMED chat_id=-1001741660162 classification=PARTICIPATING_UNTRACKED
2026-09-26 01:53:52 | DEBUG   | mediagrab          | vc_verify_target:8855 | VC_RECONCILE_CLIENT chat_id=1741660162 account_id=(none) source=primary_legacy
2026-09-26 01:53:52 | INFO    | mediagrab          | resolve_vc_entity:11974 | VC_ENTITY_RESOLVE_START chat_ref=-1001741660162 chat_id=-1001741660162 access_hash=yes
2026-09-26 01:53:52 | INFO    | mediagrab          | resolve_vc_entity:12075 | VC_ENTITY_RESOLVE_CACHE_HIT chat_id=-1001741660162
2026-09-26 01:53:52 | INFO    | mediagrab          | resolve_vc_entity:12076 | VC_ENTITY_RESOLVE_SUCCESS chat_id=-1001741660162 source=cache
2026-09-26 01:53:52 | INFO    | mediagrab          | resolve_vc_entity:12431 | ENTITY_RESOLVE_RPC_COUNT chat_id=-1001741660162 scope=acc_918335829278 rpcs=0 failed_rpcs=0 outcome=RESOLVED_FROM_CACHE duration_ms=0.7 (v98.10 §22)
2026-09-26 01:53:52 | DEBUG   | mediagrab          | cache_entity_scoped:2355 | ENTITY_CACHE_SCOPED account=acc_918335829278 entity_id=1741660162 source=vc_discovery scope=acc_918335829278 (v99 RC-C scope-annotated)
2026-09-26 01:53:52 | INFO    | mediagrab          | vc_detect_active_call:3098 | VC_ENTITY_DISCOVERED entity_id=1741660162 access_hash=<-409…> type=Channel
2026-09-26 01:53:52 | DEBUG   | mediagrab          | vc_verify_target:8965 | VC_PARTICIPATION_REDETECT_OK chat_id=1741660162 account_id=(none) detect_scope=acc_918335829278 source=cache reresolved=0 (v98.07 FIX-QQ)
2026-09-26 01:53:52 | INFO    | mediagrab          | vc_check_telegram_participation:7443 | VC_PARTICIPATION_PRESENT chat_id=1741660162 call_id=-7480373434596124204 my_id=8624009332 pages=1 inspected=1 complete=yes server_count=None participant=[peer=PeerUser(8624009332) flags=is_self,muted,video_joined source=1709522862]
2026-09-26 01:53:52 | INFO    | mediagrab          | vc_verify_target:9136 | VC_PARTICIPATION_VERIFY chat_id=1741660162 locally_tracked=False telegram=present
2026-09-26 01:53:52 | INFO    | mediagrab          | vc_verify_target:9155 | VC_VERIFY_MEMBER chat_id=1741660162 locally_tracked=False telegram=present — explicit verification state (v99.11 P1; never a leave)
2026-09-26 01:53:52 | INFO    | mediagrab          | vc_reconcile_participations:9645 | VC_REGISTRY_UPDATE_CONFIRMED chat_id=1741660162 classification=PARTICIPATING_UNTRACKED
2026-09-26 01:53:52 | DEBUG   | mediagrab          | vc_verify_target:8855 | VC_RECONCILE_CLIENT chat_id=-1003957856246 account_id=global source=global_backend_bound
2026-09-26 01:53:52 | INFO    | mediagrab          | resolve_vc_entity:11974 | VC_ENTITY_RESOLVE_START chat_ref=-1003957856246 chat_id=-1003957856246 access_hash=yes
2026-09-26 01:53:52 | INFO    | mediagrab          | resolve_vc_entity:12075 | VC_ENTITY_RESOLVE_CACHE_HIT chat_id=-1003957856246
2026-09-26 01:53:52 | INFO    | mediagrab          | resolve_vc_entity:12076 | VC_ENTITY_RESOLVE_SUCCESS chat_id=-1003957856246 source=cache
2026-09-26 01:53:52 | INFO    | mediagrab          | resolve_vc_entity:12431 | ENTITY_RESOLVE_RPC_COUNT chat_id=-1003957856246 scope=acc_918335829278 rpcs=0 failed_rpcs=0 outcome=RESOLVED_FROM_CACHE duration_ms=0.1 (v98.10 §22)
2026-09-26 01:53:53 | DEBUG   | mediagrab          | cache_entity_scoped:2355 | ENTITY_CACHE_SCOPED account=acc_918335829278 entity_id=3957856246 source=vc_discovery scope=acc_918335829278 (v99 RC-C scope-annotated)
2026-09-26 01:53:53 | INFO    | mediagrab          | vc_detect_active_call:3098 | VC_ENTITY_DISCOVERED entity_id=3957856246 access_hash=<-733…> type=Channel
2026-09-26 01:53:53 | DEBUG   | mediagrab          | vc_verify_target:8965 | VC_PARTICIPATION_REDETECT_OK chat_id=-1003957856246 account_id=global detect_scope=acc_918335829278 source=cache reresolved=0 (v98.07 FIX-QQ)
2026-09-26 01:53:53 | INFO    | mediagrab          | vc_check_telegram_participation:7443 | VC_PARTICIPATION_PRESENT chat_id=-1003957856246 call_id=-7775491097696072747 my_id=8624009332 pages=1 inspected=1 complete=yes server_count=None participant=[peer=PeerUser(8624009332) flags=is_self,muted,video_joined source=1207408936]
2026-09-26 01:53:53 | INFO    | mediagrab          | vc_verify_target:9136 | VC_PARTICIPATION_VERIFY chat_id=-1003957856246 locally_tracked=False telegram=present
2026-09-26 01:53:53 | INFO    | mediagrab          | vc_verify_target:9155 | VC_VERIFY_MEMBER chat_id=-1003957856246 locally_tracked=False telegram=present — explicit verification state (v99.11 P1; never a leave)
2026-09-26 01:53:53 | INFO    | mediagrab          | vc_reconcile_participations:9645 | VC_REGISTRY_UPDATE_CONFIRMED chat_id=-1003957856246 classification=PARTICIPATING_UNTRACKED
2026-09-26 01:53:53 | DEBUG   | mediagrab          | vc_verify_target:8855 | VC_RECONCILE_CLIENT chat_id=3957856246 account_id=(none) source=primary_legacy
2026-09-26 01:53:53 | INFO    | mediagrab          | resolve_vc_entity:11974 | VC_ENTITY_RESOLVE_START chat_ref=-1003957856246 chat_id=-1003957856246 access_hash=yes
2026-09-26 01:53:53 | INFO    | mediagrab          | resolve_vc_entity:12075 | VC_ENTITY_RESOLVE_CACHE_HIT chat_id=-1003957856246
2026-09-26 01:53:53 | INFO    | mediagrab          | resolve_vc_entity:12076 | VC_ENTITY_RESOLVE_SUCCESS chat_id=-1003957856246 source=cache
2026-09-26 01:53:53 | INFO    | mediagrab          | resolve_vc_entity:12431 | ENTITY_RESOLVE_RPC_COUNT chat_id=-1003957856246 scope=acc_918335829278 rpcs=0 failed_rpcs=0 outcome=RESOLVED_FROM_CACHE duration_ms=1.0 (v98.10 §22)
2026-09-26 01:53:53 | DEBUG   | mediagrab          | cache_entity_scoped:2355 | ENTITY_CACHE_SCOPED account=acc_918335829278 entity_id=3957856246 source=vc_discovery scope=acc_918335829278 (v99 RC-C scope-annotated)
2026-09-26 01:53:53 | INFO    | mediagrab          | vc_detect_active_call:3098 | VC_ENTITY_DISCOVERED entity_id=3957856246 access_hash=<-733…> type=Channel
2026-09-26 01:53:53 | DEBUG   | mediagrab          | vc_verify_target:8965 | VC_PARTICIPATION_REDETECT_OK chat_id=3957856246 account_id=(none) detect_scope=acc_918335829278 source=cache reresolved=0 (v98.07 FIX-QQ)
2026-09-26 01:53:54 | INFO    | mediagrab          | vc_check_telegram_participation:7443 | VC_PARTICIPATION_PRESENT chat_id=3957856246 call_id=-7775491097696072747 my_id=8624009332 pages=1 inspected=1 complete=yes server_count=None participant=[peer=PeerUser(8624009332) flags=is_self,muted,video_joined source=1207408936]
2026-09-26 01:53:54 | INFO    | mediagrab          | vc_verify_target:9136 | VC_PARTICIPATION_VERIFY chat_id=3957856246 locally_tracked=False telegram=present
2026-09-26 01:53:54 | INFO    | mediagrab          | vc_verify_target:9155 | VC_VERIFY_MEMBER chat_id=3957856246 locally_tracked=False telegram=present — explicit verification state (v99.11 P1; never a leave)
2026-09-26 01:53:54 | INFO    | mediagrab          | vc_reconcile_participations:9645 | VC_REGISTRY_UPDATE_CONFIRMED chat_id=3957856246 classification=PARTICIPATING_UNTRACKED
2026-09-26 01:53:54 | DEBUG   | mediagrab          | vc_verify_target:8730 | VC_RECONCILE_SKIP_COOLDOWN chat_id=-1003961210499 remaining=1481s — recently confirmed dead
2026-09-26 01:53:54 | INFO    | mediagrab          | vc_reconcile_participations:9645 | VC_REGISTRY_UPDATE_CONFIRMED chat_id=-1003961210499 classification=UNKNOWN
2026-09-26 01:53:54 | DEBUG   | mediagrab          | vc_verify_target:8730 | VC_RECONCILE_SKIP_COOLDOWN chat_id=3961210499 remaining=1481s — recently confirmed dead
2026-09-26 01:53:54 | INFO    | mediagrab          | vc_reconcile_participations:9645 | VC_REGISTRY_UPDATE_CONFIRMED chat_id=3961210499 classification=UNKNOWN
2026-09-26 01:53:54 | DEBUG   | mediagrab          | vc_verify_target:8855 | VC_RECONCILE_CLIENT chat_id=-1002144563093 account_id=acc_919006065076 source=account:acc_919006065076
2026-09-26 01:53:54 | INFO    | mediagrab          | resolve_vc_entity:11974 | VC_ENTITY_RESOLVE_START chat_ref=-1002144563093 chat_id=-1002144563093 access_hash=yes
2026-09-26 01:53:54 | INFO    | mediagrab          | resolve_vc_entity:12075 | VC_ENTITY_RESOLVE_CACHE_HIT chat_id=-1002144563093
2026-09-26 01:53:54 | INFO    | mediagrab          | resolve_vc_entity:12076 | VC_ENTITY_RESOLVE_SUCCESS chat_id=-1002144563093 source=cache
2026-09-26 01:53:54 | INFO    | mediagrab          | resolve_vc_entity:12431 | ENTITY_RESOLVE_RPC_COUNT chat_id=-1002144563093 scope=acc_919006065076 rpcs=0 failed_rpcs=0 outcome=RESOLVED_FROM_CACHE duration_ms=0.1 (v98.10 §22)
2026-09-26 01:53:54 | DEBUG   | mediagrab          | cache_entity_scoped:2355 | ENTITY_CACHE_SCOPED account=acc_919006065076 entity_id=2144563093 source=vc_discovery scope=acc_919006065076 (v99 RC-C scope-annotated)
2026-09-26 01:53:54 | INFO    | mediagrab          | vc_detect_active_call:3098 | VC_ENTITY_DISCOVERED entity_id=2144563093 access_hash=<-106…> type=Channel
2026-09-26 01:53:54 | DEBUG   | mediagrab          | vc_verify_target:8965 | VC_PARTICIPATION_REDETECT_OK chat_id=-1002144563093 account_id=acc_919006065076 detect_scope=acc_919006065076 source=cache reresolved=0 (v98.07 FIX-QQ)
2026-09-26 01:53:54 | INFO    | mediagrab          | vc_check_telegram_participation:7681 | VC_PARTICIPATION_ABSENT_VIA_TARGETED chat_id=-1002144563093 call_id=-9210828346574712743 my_id=8699582859 via TARGETED_QUERY (v98.01 FIX-I + v98.02 FIX-L) — broad scan truncated at 0/2000, targeted query EMPTY for streak=3 (>=threshold=3) consecutive times with call_id stable → authoritative absence after repeated negative
2026-09-26 01:53:54 | INFO    | mediagrab          | vc_verify_target:9136 | VC_PARTICIPATION_VERIFY chat_id=-1002144563093 locally_tracked=False telegram=absent
2026-09-26 01:53:54 | INFO    | mediagrab          | vc_verify_target:9155 | VC_VERIFY_NOT_MEMBER chat_id=-1002144563093 locally_tracked=False telegram=absent — explicit verification state (v99.11 P1; never a leave)
2026-09-26 01:53:54 | INFO    | mediagrab          | vc_reconcile_participations:9542 | VC_PARTICIPATION_CONFIRMED_ABSENT chat_id=-1002144563093
2026-09-26 01:53:54 | INFO    | mediagrab          | _vc_cleanup_stale_backend_call:8029 | VC_BACKEND_STALE_CALL_CLEANUP_OWNER chat_id=-1002144563093 owner_account=acc_919006065076 — using per-account backend for cleanup (v98.01 FIX-J: account-aware, prevents cross-account corruption)
2026-09-26 01:53:54 | INFO    | mediagrab          | vc_reconcile_participations:9645 | VC_REGISTRY_UPDATE_CONFIRMED chat_id=-1002144563093 classification=LEFT
2026-09-26 01:53:54 | DEBUG   | mediagrab          | vc_verify_target:8855 | VC_RECONCILE_CLIENT chat_id=2144563093 account_id=acc_919006065076 source=account:acc_919006065076
2026-09-26 01:53:54 | INFO    | mediagrab          | resolve_vc_entity:11974 | VC_ENTITY_RESOLVE_START chat_ref=-1002144563093 chat_id=-1002144563093 access_hash=yes
2026-09-26 01:53:54 | INFO    | mediagrab          | resolve_vc_entity:12075 | VC_ENTITY_RESOLVE_CACHE_HIT chat_id=-1002144563093
2026-09-26 01:53:54 | INFO    | mediagrab          | resolve_vc_entity:12076 | VC_ENTITY_RESOLVE_SUCCESS chat_id=-1002144563093 source=cache
2026-09-26 01:53:54 | INFO    | mediagrab          | resolve_vc_entity:12431 | ENTITY_RESOLVE_RPC_COUNT chat_id=-1002144563093 scope=acc_919006065076 rpcs=0 failed_rpcs=0 outcome=RESOLVED_FROM_CACHE duration_ms=0.1 (v98.10 §22)
2026-09-26 01:53:54 | DEBUG   | mediagrab          | cache_entity_scoped:2355 | ENTITY_CACHE_SCOPED account=acc_919006065076 entity_id=2144563093 source=vc_discovery scope=acc_919006065076 (v99 RC-C scope-annotated)
2026-09-26 01:53:55 | INFO    | mediagrab          | vc_detect_active_call:3098 | VC_ENTITY_DISCOVERED entity_id=2144563093 access_hash=<-106…> type=Channel
2026-09-26 01:53:55 | DEBUG   | mediagrab          | vc_verify_target:8965 | VC_PARTICIPATION_REDETECT_OK chat_id=2144563093 account_id=acc_919006065076 detect_scope=acc_919006065076 source=cache reresolved=0 (v98.07 FIX-QQ)
2026-09-26 01:53:55 | INFO    | mediagrab          | vc_check_telegram_participation:7681 | VC_PARTICIPATION_ABSENT_VIA_TARGETED chat_id=2144563093 call_id=-9210828346574712743 my_id=8699582859 via TARGETED_QUERY (v98.01 FIX-I + v98.02 FIX-L) — broad scan truncated at 0/2000, targeted query EMPTY for streak=3 (>=threshold=3) consecutive times with call_id stable → authoritative absence after repeated negative
2026-09-26 01:53:55 | INFO    | mediagrab          | vc_verify_target:9136 | VC_PARTICIPATION_VERIFY chat_id=2144563093 locally_tracked=False telegram=absent
2026-09-26 01:53:55 | INFO    | mediagrab          | vc_verify_target:9155 | VC_VERIFY_NOT_MEMBER chat_id=2144563093 locally_tracked=False telegram=absent — explicit verification state (v99.11 P1; never a leave)
2026-09-26 01:53:55 | INFO    | mediagrab          | vc_reconcile_participations:9542 | VC_PARTICIPATION_CONFIRMED_ABSENT chat_id=2144563093
2026-09-26 01:53:55 | INFO    | mediagrab          | _vc_cleanup_stale_backend_call:8029 | VC_BACKEND_STALE_CALL_CLEANUP_OWNER chat_id=2144563093 owner_account=acc_919006065076 — using per-account backend for cleanup (v98.01 FIX-J: account-aware, prevents cross-account corruption)
2026-09-26 01:53:55 | INFO    | mediagrab          | vc_reconcile_participations:9645 | VC_REGISTRY_UPDATE_CONFIRMED chat_id=2144563093 classification=LEFT
2026-09-26 01:53:55 | DEBUG   | mediagrab          | vc_verify_target:8855 | VC_RECONCILE_CLIENT chat_id=-1003875970076 account_id=global source=global_backend_bound
2026-09-26 01:53:55 | INFO    | mediagrab          | resolve_vc_entity:11974 | VC_ENTITY_RESOLVE_START chat_ref=-1003875970076 chat_id=-1003875970076 access_hash=yes
2026-09-26 01:53:55 | INFO    | mediagrab          | resolve_vc_entity:12075 | VC_ENTITY_RESOLVE_CACHE_HIT chat_id=-1003875970076
2026-09-26 01:53:55 | INFO    | mediagrab          | resolve_vc_entity:12076 | VC_ENTITY_RESOLVE_SUCCESS chat_id=-1003875970076 source=cache
2026-09-26 01:53:55 | INFO    | mediagrab          | resolve_vc_entity:12431 | ENTITY_RESOLVE_RPC_COUNT chat_id=-1003875970076 scope=acc_918335829278 rpcs=0 failed_rpcs=0 outcome=RESOLVED_FROM_CACHE duration_ms=0.4 (v98.10 §22)
2026-09-26 01:53:55 | DEBUG   | mediagrab          | cache_entity_scoped:2355 | ENTITY_CACHE_SCOPED account=acc_918335829278 entity_id=3875970076 source=vc_discovery scope=acc_918335829278 (v99 RC-C scope-annotated)
2026-09-26 01:53:55 | INFO    | mediagrab          | vc_detect_active_call:3098 | VC_ENTITY_DISCOVERED entity_id=3875970076 access_hash=<-994…> type=Channel
2026-09-26 01:53:55 | DEBUG   | mediagrab          | vc_verify_target:8965 | VC_PARTICIPATION_REDETECT_OK chat_id=-1003875970076 account_id=global detect_scope=acc_918335829278 source=cache reresolved=0 (v98.07 FIX-QQ)
2026-09-26 01:53:55 | INFO    | mediagrab          | vc_check_telegram_participation:7443 | VC_PARTICIPATION_PRESENT chat_id=-1003875970076 call_id=-7423792675553208312 my_id=8624009332 pages=1 inspected=1 complete=yes server_count=None participant=[peer=PeerUser(8624009332) flags=is_self,muted,video_joined source=380782009]
2026-09-26 01:53:55 | INFO    | mediagrab          | vc_verify_target:9136 | VC_PARTICIPATION_VERIFY chat_id=-1003875970076 locally_tracked=False telegram=present
2026-09-26 01:53:55 | INFO    | mediagrab          | vc_verify_target:9155 | VC_VERIFY_MEMBER chat_id=-1003875970076 locally_tracked=False telegram=present — explicit verification state (v99.11 P1; never a leave)
2026-09-26 01:53:55 | INFO    | mediagrab          | vc_reconcile_participations:9645 | VC_REGISTRY_UPDATE_CONFIRMED chat_id=-1003875970076 classification=PARTICIPATING_UNTRACKED
2026-09-26 01:53:55 | DEBUG   | mediagrab          | vc_verify_target:8855 | VC_RECONCILE_CLIENT chat_id=3875970076 account_id=acc_919006065076 source=account:acc_919006065076
2026-09-26 01:53:55 | INFO    | mediagrab          | resolve_vc_entity:11974 | VC_ENTITY_RESOLVE_START chat_ref=-1003875970076 chat_id=-1003875970076 access_hash=yes
2026-09-26 01:53:55 | WARNING | mediagrab          | resolve_vc_entity:12062 | VC_HASH_SCOPE_MISMATCH chat_id=-1003875970076 entry_scope=acc_918335829278 consumer_scope=acc_919006065076 — skipping cache hit, re-resolving for this client (v98.07 FIX-QQ)
2026-09-26 01:53:55 | INFO    | mediagrab          | _v9810_scope_route:11809 | ENTITY_RESOLVE_ACCOUNT_SWITCH chat_id=-1003875970076 from_scope=acc_919006065076 to_account=acc_918335829278 reason=known_good_scope verified_at=1s ago (v98.10 §15 Step 0c — targeted routing, not a blind rotation)
2026-09-26 01:53:55 | INFO    | mediagrab          | _v9810_scope_route:11837 | ENTITY_RESOLVE_CACHE_HIT chat_id=-1003875970076 scope=acc_918335829278 source=scope_state age=1s (v98.10 §15 Step 0c — fresh known-good object, 0 RPCs)
2026-09-26 01:53:55 | INFO    | mediagrab          | resolve_vc_entity:12431 | ENTITY_RESOLVE_RPC_COUNT chat_id=-1003875970076 scope=acc_919006065076 rpcs=0 failed_rpcs=0 outcome=RESOLVED_VIA_ROTATION duration_ms=0.2 (v98.10 §22)
2026-09-26 01:53:56 | DEBUG   | mediagrab          | cache_entity_scoped:2355 | ENTITY_CACHE_SCOPED account=acc_918335829278 entity_id=3875970076 source=vc_discovery scope=acc_918335829278 (v99 RC-C scope-annotated)
2026-09-26 01:53:56 | INFO    | mediagrab          | vc_detect_active_call:3098 | VC_ENTITY_DISCOVERED entity_id=3875970076 access_hash=<-994…> type=Channel
2026-09-26 01:53:56 | DEBUG   | mediagrab          | vc_verify_target:8965 | VC_PARTICIPATION_REDETECT_OK chat_id=3875970076 account_id=acc_919006065076 detect_scope=acc_918335829278 source=account_rotation:acc_918335829278 reresolved=0 (v98.07 FIX-QQ)
2026-09-26 01:53:56 | INFO    | mediagrab          | vc_check_telegram_participation:7356 | VC_PARTICIPATION_STALE_CALL chat_id=3875970076 call_id=-7423792675553208312 exc=GroupcallInvalidError — the queried (id, access_hash) pair is NOT a live call: STALE CALL IDENTITY, returning unknown (NOT absent; the pipeline re-detects the current pair and re-verifies) (v99.05 RC-F4)
2026-09-26 01:53:56 | INFO    | mediagrab          | vc_check_telegram_participation:7370 | VC_VERIFY_STALE_IDENTITY chat_id=3875970076 call_id=-7423792675553208312 — detect stale identity → re-resolve current pair → verify → atomically update cache; existing healthy transport PRESERVED (never a leave; v99.11 P1)
2026-09-26 01:53:56 | INFO    | mediagrab          | vc_verify_target:9136 | VC_PARTICIPATION_VERIFY chat_id=3875970076 locally_tracked=False telegram=unknown
2026-09-26 01:53:56 | INFO    | mediagrab          | vc_verify_target:9155 | VC_VERIFY_UNKNOWN chat_id=3875970076 locally_tracked=False telegram=unknown — explicit verification state (v99.11 P1; never a leave)
2026-09-26 01:53:56 | INFO    | mediagrab          | vc_reconcile_participations:9560 | VC_PARTICIPATION_UNKNOWN chat_id=3875970076 — preserving unknown state
2026-09-26 01:53:56 | INFO    | mediagrab          | vc_reconcile_participations:9645 | VC_REGISTRY_UPDATE_CONFIRMED chat_id=3875970076 classification=UNKNOWN
2026-09-26 01:53:56 | DEBUG   | mediagrab          | vc_verify_target:8855 | VC_RECONCILE_CLIENT chat_id=-1004366077086 account_id=global source=global_backend_bound
2026-09-26 01:53:56 | INFO    | mediagrab          | resolve_vc_entity:11974 | VC_ENTITY_RESOLVE_START chat_ref=-1004366077086 chat_id=-1004366077086 access_hash=yes
2026-09-26 01:53:56 | INFO    | mediagrab          | resolve_vc_entity:12075 | VC_ENTITY_RESOLVE_CACHE_HIT chat_id=-1004366077086
2026-09-26 01:53:56 | INFO    | mediagrab          | resolve_vc_entity:12076 | VC_ENTITY_RESOLVE_SUCCESS chat_id=-1004366077086 source=cache
2026-09-26 01:53:56 | INFO    | mediagrab          | resolve_vc_entity:12431 | ENTITY_RESOLVE_RPC_COUNT chat_id=-1004366077086 scope=acc_918335829278 rpcs=0 failed_rpcs=0 outcome=RESOLVED_FROM_CACHE duration_ms=0.2 (v98.10 §22)
2026-09-26 01:53:56 | DEBUG   | mediagrab          | cache_entity_scoped:2355 | ENTITY_CACHE_SCOPED account=acc_918335829278 entity_id=4366077086 source=vc_discovery scope=acc_918335829278 (v99 RC-C scope-annotated)
2026-09-26 01:53:56 | INFO    | mediagrab          | vc_detect_active_call:3098 | VC_ENTITY_DISCOVERED entity_id=4366077086 access_hash=<-334…> type=Channel
2026-09-26 01:53:56 | DEBUG   | mediagrab          | vc_verify_target:8965 | VC_PARTICIPATION_REDETECT_OK chat_id=-1004366077086 account_id=global detect_scope=acc_918335829278 source=cache reresolved=0 (v98.07 FIX-QQ)
2026-09-26 01:53:57 | INFO    | mediagrab          | vc_check_telegram_participation:7681 | VC_PARTICIPATION_ABSENT_VIA_TARGETED chat_id=-1004366077086 call_id=-305414218191178015 my_id=8624009332 via TARGETED_QUERY (v98.01 FIX-I + v98.02 FIX-L) — broad scan truncated at 0/2000, targeted query EMPTY for streak=3 (>=threshold=3) consecutive times with call_id stable → authoritative absence after repeated negative
2026-09-26 01:53:57 | INFO    | mediagrab          | vc_verify_target:9136 | VC_PARTICIPATION_VERIFY chat_id=-1004366077086 locally_tracked=False telegram=absent
2026-09-26 01:53:57 | INFO    | mediagrab          | vc_verify_target:9155 | VC_VERIFY_NOT_MEMBER chat_id=-1004366077086 locally_tracked=False telegram=absent — explicit verification state (v99.11 P1; never a leave)
2026-09-26 01:53:57 | INFO    | mediagrab          | vc_reconcile_participations:9542 | VC_PARTICIPATION_CONFIRMED_ABSENT chat_id=-1004366077086
2026-09-26 01:53:57 | INFO    | mediagrab          | _vc_cleanup_stale_backend_call:8029 | VC_BACKEND_STALE_CALL_CLEANUP_OWNER chat_id=-1004366077086 owner_account=(global) — using per-account backend for cleanup (v98.01 FIX-J: account-aware, prevents cross-account corruption)
2026-09-26 01:53:57 | INFO    | mediagrab          | vc_reconcile_participations:9645 | VC_REGISTRY_UPDATE_CONFIRMED chat_id=-1004366077086 classification=LEFT
2026-09-26 01:53:57 | DEBUG   | mediagrab          | vc_verify_target:8855 | VC_RECONCILE_CLIENT chat_id=4366077086 account_id=acc_919006065076 source=account:acc_919006065076
2026-09-26 01:53:57 | INFO    | mediagrab          | resolve_vc_entity:11974 | VC_ENTITY_RESOLVE_START chat_ref=-1004366077086 chat_id=-1004366077086 access_hash=yes
2026-09-26 01:53:57 | WARNING | mediagrab          | resolve_vc_entity:12062 | VC_HASH_SCOPE_MISMATCH chat_id=-1004366077086 entry_scope=acc_918335829278 consumer_scope=acc_919006065076 — skipping cache hit, re-resolving for this client (v98.07 FIX-QQ)
2026-09-26 01:53:57 | INFO    | mediagrab          | _v9810_scope_route:11809 | ENTITY_RESOLVE_ACCOUNT_SWITCH chat_id=-1004366077086 from_scope=acc_919006065076 to_account=acc_918335829278 reason=known_good_scope verified_at=1s ago (v98.10 §15 Step 0c — targeted routing, not a blind rotation)
2026-09-26 01:53:57 | INFO    | mediagrab          | _v9810_scope_route:11837 | ENTITY_RESOLVE_CACHE_HIT chat_id=-1004366077086 scope=acc_918335829278 source=scope_state age=1s (v98.10 §15 Step 0c — fresh known-good object, 0 RPCs)
2026-09-26 01:53:57 | INFO    | mediagrab          | resolve_vc_entity:12431 | ENTITY_RESOLVE_RPC_COUNT chat_id=-1004366077086 scope=acc_919006065076 rpcs=0 failed_rpcs=0 outcome=RESOLVED_VIA_ROTATION duration_ms=0.3 (v98.10 §22)
2026-09-26 01:53:57 | DEBUG   | mediagrab          | cache_entity_scoped:2355 | ENTITY_CACHE_SCOPED account=acc_918335829278 entity_id=4366077086 source=vc_discovery scope=acc_918335829278 (v99 RC-C scope-annotated)
2026-09-26 01:53:57 | INFO    | mediagrab          | vc_detect_active_call:3098 | VC_ENTITY_DISCOVERED entity_id=4366077086 access_hash=<-334…> type=Channel
2026-09-26 01:53:57 | DEBUG   | mediagrab          | vc_verify_target:8965 | VC_PARTICIPATION_REDETECT_OK chat_id=4366077086 account_id=acc_919006065076 detect_scope=acc_918335829278 source=account_rotation:acc_918335829278 reresolved=0 (v98.07 FIX-QQ)
2026-09-26 01:53:57 | INFO    | mediagrab          | vc_check_telegram_participation:7356 | VC_PARTICIPATION_STALE_CALL chat_id=4366077086 call_id=-305414218191178015 exc=GroupcallInvalidError — the queried (id, access_hash) pair is NOT a live call: STALE CALL IDENTITY, returning unknown (NOT absent; the pipeline re-detects the current pair and re-verifies) (v99.05 RC-F4)
2026-09-26 01:53:57 | INFO    | mediagrab          | vc_check_telegram_participation:7370 | VC_VERIFY_STALE_IDENTITY chat_id=4366077086 call_id=-305414218191178015 — detect stale identity → re-resolve current pair → verify → atomically update cache; existing healthy transport PRESERVED (never a leave; v99.11 P1)
2026-09-26 01:53:57 | INFO    | mediagrab          | vc_verify_target:9136 | VC_PARTICIPATION_VERIFY chat_id=4366077086 locally_tracked=False telegram=unknown
2026-09-26 01:53:57 | INFO    | mediagrab          | vc_verify_target:9155 | VC_VERIFY_UNKNOWN chat_id=4366077086 locally_tracked=False telegram=unknown — explicit verification state (v99.11 P1; never a leave)
2026-09-26 01:53:57 | INFO    | mediagrab          | vc_reconcile_participations:9529 | VC_RECONCILE_DEFERRED_UNKNOWN chat_id=4366077086 — preserving joined state (backend evidence)
2026-09-26 01:53:57 | INFO    | mediagrab          | vc_reconcile_participations:9645 | VC_REGISTRY_UPDATE_CONFIRMED chat_id=4366077086 classification=LOCALLY_TRACKED_UNCONFIRMED
2026-09-26 01:53:57 | DEBUG   | mediagrab          | vc_verify_target:8855 | VC_RECONCILE_CLIENT chat_id=-1002592942176 account_id=global source=global_backend_bound
2026-09-26 01:53:57 | INFO    | mediagrab          | resolve_vc_entity:11974 | VC_ENTITY_RESOLVE_START chat_ref=-1002592942176 chat_id=-1002592942176 access_hash=yes
2026-09-26 01:53:57 | INFO    | mediagrab          | resolve_vc_entity:12075 | VC_ENTITY_RESOLVE_CACHE_HIT chat_id=-1002592942176
2026-09-26 01:53:57 | INFO    | mediagrab          | resolve_vc_entity:12076 | VC_ENTITY_RESOLVE_SUCCESS chat_id=-1002592942176 source=cache
2026-09-26 01:53:57 | INFO    | mediagrab          | resolve_vc_entity:12431 | ENTITY_RESOLVE_RPC_COUNT chat_id=-1002592942176 scope=acc_918335829278 rpcs=0 failed_rpcs=0 outcome=RESOLVED_FROM_CACHE duration_ms=0.1 (v98.10 §22)
2026-09-26 01:53:58 | DEBUG   | mediagrab          | cache_entity_scoped:2355 | ENTITY_CACHE_SCOPED account=acc_918335829278 entity_id=2592942176 source=vc_discovery scope=acc_918335829278 (v99 RC-C scope-annotated)
2026-09-26 01:53:58 | INFO    | mediagrab          | vc_detect_active_call:3098 | VC_ENTITY_DISCOVERED entity_id=2592942176 access_hash=<-832…> type=Channel
2026-09-26 01:53:58 | DEBUG   | mediagrab          | vc_verify_target:8965 | VC_PARTICIPATION_REDETECT_OK chat_id=-1002592942176 account_id=global detect_scope=acc_918335829278 source=cache reresolved=0 (v98.07 FIX-QQ)
2026-09-26 01:53:58 | INFO    | mediagrab          | vc_check_telegram_participation:7443 | VC_PARTICIPATION_PRESENT chat_id=-1002592942176 call_id=-1913229805195004447 my_id=8624009332 pages=1 inspected=1 complete=yes server_count=None participant=[peer=PeerUser(8624009332) flags=is_self,muted,video_joined source=247928894]
2026-09-26 01:53:58 | INFO    | mediagrab          | vc_verify_target:9136 | VC_PARTICIPATION_VERIFY chat_id=-1002592942176 locally_tracked=False telegram=present
2026-09-26 01:53:58 | INFO    | mediagrab          | vc_verify_target:9155 | VC_VERIFY_MEMBER chat_id=-1002592942176 locally_tracked=False telegram=present — explicit verification state (v99.11 P1; never a leave)
2026-09-26 01:53:58 | INFO    | mediagrab          | vc_reconcile_participations:9645 | VC_REGISTRY_UPDATE_CONFIRMED chat_id=-1002592942176 classification=PARTICIPATING_UNTRACKED
2026-09-26 01:53:58 | DEBUG   | mediagrab          | vc_verify_target:8855 | VC_RECONCILE_CLIENT chat_id=2592942176 account_id=acc_919006065076 source=account:acc_919006065076
2026-09-26 01:53:58 | INFO    | mediagrab          | resolve_vc_entity:11974 | VC_ENTITY_RESOLVE_START chat_ref=-1002592942176 chat_id=-1002592942176 access_hash=yes
2026-09-26 01:53:58 | WARNING | mediagrab          | resolve_vc_entity:12062 | VC_HASH_SCOPE_MISMATCH chat_id=-1002592942176 entry_scope=acc_918335829278 consumer_scope=acc_919006065076 — skipping cache hit, re-resolving for this client (v98.07 FIX-QQ)
2026-09-26 01:53:58 | INFO    | mediagrab          | _v9810_scope_route:11809 | ENTITY_RESOLVE_ACCOUNT_SWITCH chat_id=-1002592942176 from_scope=acc_919006065076 to_account=acc_918335829278 reason=known_good_scope verified_at=1s ago (v98.10 §15 Step 0c — targeted routing, not a blind rotation)
2026-09-26 01:53:58 | INFO    | mediagrab          | _v9810_scope_route:11837 | ENTITY_RESOLVE_CACHE_HIT chat_id=-1002592942176 scope=acc_918335829278 source=scope_state age=1s (v98.10 §15 Step 0c — fresh known-good object, 0 RPCs)
2026-09-26 01:53:58 | INFO    | mediagrab          | resolve_vc_entity:12431 | ENTITY_RESOLVE_RPC_COUNT chat_id=-1002592942176 scope=acc_919006065076 rpcs=0 failed_rpcs=0 outcome=RESOLVED_VIA_ROTATION duration_ms=0.7 (v98.10 §22)
2026-09-26 01:53:58 | DEBUG   | mediagrab          | cache_entity_scoped:2355 | ENTITY_CACHE_SCOPED account=acc_918335829278 entity_id=2592942176 source=vc_discovery scope=acc_918335829278 (v99 RC-C scope-annotated)
2026-09-26 01:53:58 | INFO    | mediagrab          | vc_detect_active_call:3098 | VC_ENTITY_DISCOVERED entity_id=2592942176 access_hash=<-832…> type=Channel
2026-09-26 01:53:58 | DEBUG   | mediagrab          | vc_verify_target:8965 | VC_PARTICIPATION_REDETECT_OK chat_id=2592942176 account_id=acc_919006065076 detect_scope=acc_918335829278 source=account_rotation:acc_918335829278 reresolved=0 (v98.07 FIX-QQ)
2026-09-26 01:53:59 | INFO    | mediagrab          | vc_check_telegram_participation:7356 | VC_PARTICIPATION_STALE_CALL chat_id=2592942176 call_id=-1913229805195004447 exc=GroupcallInvalidError — the queried (id, access_hash) pair is NOT a live call: STALE CALL IDENTITY, returning unknown (NOT absent; the pipeline re-detects the current pair and re-verifies) (v99.05 RC-F4)
2026-09-26 01:53:59 | INFO    | mediagrab          | vc_check_telegram_participation:7370 | VC_VERIFY_STALE_IDENTITY chat_id=2592942176 call_id=-1913229805195004447 — detect stale identity → re-resolve current pair → verify → atomically update cache; existing healthy transport PRESERVED (never a leave; v99.11 P1)
2026-09-26 01:53:59 | INFO    | mediagrab          | vc_verify_target:9136 | VC_PARTICIPATION_VERIFY chat_id=2592942176 locally_tracked=False telegram=unknown
2026-09-26 01:53:59 | INFO    | mediagrab          | vc_verify_target:9155 | VC_VERIFY_UNKNOWN chat_id=2592942176 locally_tracked=False telegram=unknown — explicit verification state (v99.11 P1; never a leave)
2026-09-26 01:53:59 | INFO    | mediagrab          | vc_reconcile_participations:9529 | VC_RECONCILE_DEFERRED_UNKNOWN chat_id=2592942176 — preserving joined state (backend evidence)
2026-09-26 01:53:59 | INFO    | mediagrab          | vc_reconcile_participations:9645 | VC_REGISTRY_UPDATE_CONFIRMED chat_id=2592942176 classification=LOCALLY_TRACKED_UNCONFIRMED
2026-09-26 01:53:59 | DEBUG   | mediagrab          | vc_verify_target:8855 | VC_RECONCILE_CLIENT chat_id=-1003067839538 account_id=acc_918335829278 source=account:acc_918335829278
2026-09-26 01:53:59 | INFO    | mediagrab          | resolve_vc_entity:11974 | VC_ENTITY_RESOLVE_START chat_ref=-1003067839538 chat_id=-1003067839538 access_hash=yes
2026-09-26 01:53:59 | INFO    | mediagrab          | resolve_vc_entity:12075 | VC_ENTITY_RESOLVE_CACHE_HIT chat_id=-1003067839538
2026-09-26 01:53:59 | INFO    | mediagrab          | resolve_vc_entity:12076 | VC_ENTITY_RESOLVE_SUCCESS chat_id=-1003067839538 source=cache
2026-09-26 01:53:59 | INFO    | mediagrab          | resolve_vc_entity:12431 | ENTITY_RESOLVE_RPC_COUNT chat_id=-1003067839538 scope=acc_918335829278 rpcs=0 failed_rpcs=0 outcome=RESOLVED_FROM_CACHE duration_ms=0.2 (v98.10 §22)
2026-09-26 01:53:59 | DEBUG   | mediagrab          | cache_entity_scoped:2355 | ENTITY_CACHE_SCOPED account=acc_918335829278 entity_id=3067839538 source=vc_discovery scope=acc_918335829278 (v99 RC-C scope-annotated)
2026-09-26 01:53:59 | INFO    | mediagrab          | vc_detect_active_call:3098 | VC_ENTITY_DISCOVERED entity_id=3067839538 access_hash=<5015…> type=Channel
2026-09-26 01:53:59 | DEBUG   | mediagrab          | vc_verify_target:8965 | VC_PARTICIPATION_REDETECT_OK chat_id=-1003067839538 account_id=acc_918335829278 detect_scope=acc_918335829278 source=cache reresolved=0 (v98.07 FIX-QQ)
2026-09-26 01:53:59 | INFO    | mediagrab          | vc_check_telegram_participation:7443 | VC_PARTICIPATION_PRESENT chat_id=-1003067839538 call_id=-3952898443944147318 my_id=8624009332 pages=1 inspected=1 complete=yes server_count=None participant=[peer=PeerUser(8624009332) flags=is_self,muted,video_joined source=1042776898]
2026-09-26 01:53:59 | INFO    | mediagrab          | vc_verify_target:9136 | VC_PARTICIPATION_VERIFY chat_id=-1003067839538 locally_tracked=True telegram=present
2026-09-26 01:53:59 | INFO    | mediagrab          | vc_verify_target:9155 | VC_VERIFY_MEMBER chat_id=-1003067839538 locally_tracked=True telegram=present — explicit verification state (v99.11 P1; never a leave)
2026-09-26 01:53:59 | INFO    | mediagrab          | vc_reconcile_participations:9520 | VC_PARTICIPATION_CONFIRMED_PRESENT chat_id=-1003067839538
2026-09-26 01:53:59 | INFO    | mediagrab          | vc_reconcile_participations:9645 | VC_REGISTRY_UPDATE_CONFIRMED chat_id=-1003067839538 classification=CONFIRMED
2026-09-26 01:53:59 | DEBUG   | mediagrab          | vc_verify_target:8855 | VC_RECONCILE_CLIENT chat_id=-1002333937461 account_id=acc_919006065076 source=account:acc_919006065076
2026-09-26 01:53:59 | INFO    | mediagrab          | resolve_vc_entity:11974 | VC_ENTITY_RESOLVE_START chat_ref=-1002333937461 chat_id=-1002333937461 access_hash=yes
2026-09-26 01:53:59 | INFO    | mediagrab          | resolve_vc_entity:12075 | VC_ENTITY_RESOLVE_CACHE_HIT chat_id=-1002333937461
2026-09-26 01:53:59 | INFO    | mediagrab          | resolve_vc_entity:12076 | VC_ENTITY_RESOLVE_SUCCESS chat_id=-1002333937461 source=cache
2026-09-26 01:53:59 | INFO    | mediagrab          | resolve_vc_entity:12431 | ENTITY_RESOLVE_RPC_COUNT chat_id=-1002333937461 scope=acc_919006065076 rpcs=0 failed_rpcs=0 outcome=RESOLVED_FROM_CACHE duration_ms=0.1 (v98.10 §22)
2026-09-26 01:54:00 | DEBUG   | mediagrab          | cache_entity_scoped:2355 | ENTITY_CACHE_SCOPED account=acc_919006065076 entity_id=2333937461 source=vc_discovery scope=acc_919006065076 (v99 RC-C scope-annotated)
2026-09-26 01:54:00 | INFO    | mediagrab          | vc_detect_active_call:3098 | VC_ENTITY_DISCOVERED entity_id=2333937461 access_hash=<-806…> type=Channel
2026-09-26 01:54:00 | DEBUG   | mediagrab          | vc_verify_target:8965 | VC_PARTICIPATION_REDETECT_OK chat_id=-1002333937461 account_id=acc_919006065076 detect_scope=acc_919006065076 source=cache reresolved=0 (v98.07 FIX-QQ)
2026-09-26 01:54:00 | INFO    | mediagrab          | vc_check_telegram_participation:7443 | VC_PARTICIPATION_PRESENT chat_id=-1002333937461 call_id=-800813024760383190 my_id=8699582859 pages=1 inspected=1 complete=yes server_count=None participant=[peer=PeerUser(8699582859) flags=is_self,muted,video_joined source=2096643760]
2026-09-26 01:54:00 | INFO    | mediagrab          | vc_verify_target:9136 | VC_PARTICIPATION_VERIFY chat_id=-1002333937461 locally_tracked=True telegram=present
2026-09-26 01:54:00 | INFO    | mediagrab          | vc_verify_target:9155 | VC_VERIFY_MEMBER chat_id=-1002333937461 locally_tracked=True telegram=present — explicit verification state (v99.11 P1; never a leave)
2026-09-26 01:54:00 | INFO    | mediagrab          | vc_reconcile_participations:9520 | VC_PARTICIPATION_CONFIRMED_PRESENT chat_id=-1002333937461
2026-09-26 01:54:00 | INFO    | mediagrab          | vc_reconcile_participations:9645 | VC_REGISTRY_UPDATE_CONFIRMED chat_id=-1002333937461 classification=CONFIRMED
2026-09-26 01:54:00 | DEBUG   | mediagrab          | vc_verify_target:8855 | VC_RECONCILE_CLIENT chat_id=-1003811965375 account_id=acc_918335829278 source=account:acc_918335829278
2026-09-26 01:54:00 | INFO    | mediagrab          | resolve_vc_entity:11974 | VC_ENTITY_RESOLVE_START chat_ref=-1003811965375 chat_id=-1003811965375 access_hash=yes
2026-09-26 01:54:00 | INFO    | mediagrab          | resolve_vc_entity:12075 | VC_ENTITY_RESOLVE_CACHE_HIT chat_id=-1003811965375
2026-09-26 01:54:00 | INFO    | mediagrab          | resolve_vc_entity:12076 | VC_ENTITY_RESOLVE_SUCCESS chat_id=-1003811965375 source=cache
2026-09-26 01:54:00 | INFO    | mediagrab          | resolve_vc_entity:12431 | ENTITY_RESOLVE_RPC_COUNT chat_id=-1003811965375 scope=acc_918335829278 rpcs=0 failed_rpcs=0 outcome=RESOLVED_FROM_CACHE duration_ms=0.1 (v98.10 §22)
2026-09-26 01:54:00 | DEBUG   | mediagrab          | cache_entity_scoped:2355 | ENTITY_CACHE_SCOPED account=acc_918335829278 entity_id=3811965375 source=vc_discovery scope=acc_918335829278 (v99 RC-C scope-annotated)
2026-09-26 01:54:00 | INFO    | mediagrab          | vc_detect_active_call:3098 | VC_ENTITY_DISCOVERED entity_id=3811965375 access_hash=<7432…> type=Channel
2026-09-26 01:54:00 | DEBUG   | mediagrab          | vc_verify_target:8965 | VC_PARTICIPATION_REDETECT_OK chat_id=-1003811965375 account_id=acc_918335829278 detect_scope=acc_918335829278 source=cache reresolved=0 (v98.07 FIX-QQ)
2026-09-26 01:54:01 | INFO    | mediagrab          | vc_check_telegram_participation:7681 | VC_PARTICIPATION_ABSENT_VIA_TARGETED chat_id=-1003811965375 call_id=-1824073576988881784 my_id=8624009332 via TARGETED_QUERY (v98.01 FIX-I + v98.02 FIX-L) — broad scan truncated at 0/2000, targeted query EMPTY for streak=3 (>=threshold=3) consecutive times with call_id stable → authoritative absence after repeated negative
2026-09-26 01:54:01 | INFO    | mediagrab          | vc_verify_target:9136 | VC_PARTICIPATION_VERIFY chat_id=-1003811965375 locally_tracked=True telegram=absent
2026-09-26 01:54:01 | INFO    | mediagrab          | vc_verify_target:9155 | VC_VERIFY_UNKNOWN chat_id=-1003811965375 locally_tracked=True telegram=absent — explicit verification state (v99.11 P1; never a leave)
2026-09-26 01:54:01 | INFO    | mediagrab          | vc_reconcile_participations:9645 | VC_REGISTRY_UPDATE_CONFIRMED chat_id=-1003811965375 classification=LOCALLY_TRACKED_UNCONFIRMED
2026-09-26 01:54:01 | DEBUG   | mediagrab          | vc_verify_target:8855 | VC_RECONCILE_CLIENT chat_id=-1004427666393 account_id=acc_918335829278 source=account:acc_918335829278
2026-09-26 01:54:01 | INFO    | mediagrab          | resolve_vc_entity:11974 | VC_ENTITY_RESOLVE_START chat_ref=-1004427666393 chat_id=-1004427666393 access_hash=yes
2026-09-26 01:54:01 | INFO    | mediagrab          | resolve_vc_entity:12075 | VC_ENTITY_RESOLVE_CACHE_HIT chat_id=-1004427666393
2026-09-26 01:54:01 | INFO    | mediagrab          | resolve_vc_entity:12076 | VC_ENTITY_RESOLVE_SUCCESS chat_id=-1004427666393 source=cache
2026-09-26 01:54:01 | INFO    | mediagrab          | resolve_vc_entity:12431 | ENTITY_RESOLVE_RPC_COUNT chat_id=-1004427666393 scope=acc_918335829278 rpcs=0 failed_rpcs=0 outcome=RESOLVED_FROM_CACHE duration_ms=0.1 (v98.10 §22)
2026-09-26 01:54:01 | DEBUG   | mediagrab          | cache_entity_scoped:2355 | ENTITY_CACHE_SCOPED account=acc_918335829278 entity_id=4427666393 source=vc_discovery scope=acc_918335829278 (v99 RC-C scope-annotated)
2026-09-26 01:54:01 | INFO    | mediagrab          | vc_detect_active_call:3098 | VC_ENTITY_DISCOVERED entity_id=4427666393 access_hash=<6046…> type=Channel
2026-09-26 01:54:01 | DEBUG   | mediagrab          | vc_verify_target:8965 | VC_PARTICIPATION_REDETECT_OK chat_id=-1004427666393 account_id=acc_918335829278 detect_scope=acc_918335829278 source=cache reresolved=0 (v98.07 FIX-QQ)
2026-09-26 01:54:01 | INFO    | mediagrab          | vc_check_telegram_participation:7443 | VC_PARTICIPATION_PRESENT chat_id=-1004427666393 call_id=-569938277538256374 my_id=8624009332 pages=1 inspected=1 complete=yes server_count=None participant=[peer=PeerUser(8624009332) flags=is_self,muted,video_joined source=2029513331]
2026-09-26 01:54:01 | INFO    | mediagrab          | vc_verify_target:9136 | VC_PARTICIPATION_VERIFY chat_id=-1004427666393 locally_tracked=True telegram=present
2026-09-26 01:54:01 | INFO    | mediagrab          | vc_verify_target:9155 | VC_VERIFY_MEMBER chat_id=-1004427666393 locally_tracked=True telegram=present — explicit verification state (v99.11 P1; never a leave)
2026-09-26 01:54:01 | INFO    | mediagrab          | vc_reconcile_participations:9520 | VC_PARTICIPATION_CONFIRMED_PRESENT chat_id=-1004427666393
2026-09-26 01:54:01 | INFO    | mediagrab          | vc_reconcile_participations:9645 | VC_REGISTRY_UPDATE_CONFIRMED chat_id=-1004427666393 classification=CONFIRMED
2026-09-26 01:54:01 | DEBUG   | mediagrab          | vc_verify_target:8855 | VC_RECONCILE_CLIENT chat_id=-1001993596337 account_id=acc_918335829278 source=account:acc_918335829278
2026-09-26 01:54:01 | INFO    | mediagrab          | resolve_vc_entity:11974 | VC_ENTITY_RESOLVE_START chat_ref=-1001993596337 chat_id=-1001993596337 access_hash=yes
2026-09-26 01:54:01 | INFO    | mediagrab          | resolve_vc_entity:12075 | VC_ENTITY_RESOLVE_CACHE_HIT chat_id=-1001993596337
2026-09-26 01:54:01 | INFO    | mediagrab          | resolve_vc_entity:12076 | VC_ENTITY_RESOLVE_SUCCESS chat_id=-1001993596337 source=cache
2026-09-26 01:54:01 | INFO    | mediagrab          | resolve_vc_entity:12431 | ENTITY_RESOLVE_RPC_COUNT chat_id=-1001993596337 scope=acc_918335829278 rpcs=0 failed_rpcs=0 outcome=RESOLVED_FROM_CACHE duration_ms=0.7 (v98.10 §22)
2026-09-26 01:54:02 | DEBUG   | mediagrab          | _mtproto_health_loop:5800 | MTProto health check: OK
2026-09-26 01:54:02 | INFO    | mediagrab          | _mtproto_health_loop:5864 | MTPROTO_GENERATION_STATE active=0 retiring=0 retired=0 poisoned=0 generation_sessions=0 live_clients=3
2026-09-26 01:54:02 | DEBUG   | mediagrab          | cache_entity_scoped:2355 | ENTITY_CACHE_SCOPED account=acc_918335829278 entity_id=1993596337 source=vc_discovery scope=acc_918335829278 (v99 RC-C scope-annotated)
2026-09-26 01:54:02 | INFO    | mediagrab          | vc_detect_active_call:3098 | VC_ENTITY_DISCOVERED entity_id=1993596337 access_hash=<7768…> type=Channel
2026-09-26 01:54:02 | DEBUG   | mediagrab          | vc_verify_target:8965 | VC_PARTICIPATION_REDETECT_OK chat_id=-1001993596337 account_id=acc_918335829278 detect_scope=acc_918335829278 source=cache reresolved=0 (v98.07 FIX-QQ)
2026-09-26 01:54:02 | INFO    | mediagrab          | vc_check_telegram_participation:7681 | VC_PARTICIPATION_ABSENT_VIA_TARGETED chat_id=-1001993596337 call_id=-8562431068729240560 my_id=8624009332 via TARGETED_QUERY (v98.01 FIX-I + v98.02 FIX-L) — broad scan truncated at 0/2000, targeted query EMPTY for streak=3 (>=threshold=3) consecutive times with call_id stable → authoritative absence after repeated negative
2026-09-26 01:54:02 | INFO    | mediagrab          | vc_verify_target:9136 | VC_PARTICIPATION_VERIFY chat_id=-1001993596337 locally_tracked=False telegram=absent
2026-09-26 01:54:02 | INFO    | mediagrab          | vc_verify_target:9155 | VC_VERIFY_NOT_MEMBER chat_id=-1001993596337 locally_tracked=False telegram=absent — explicit verification state (v99.11 P1; never a leave)
2026-09-26 01:54:02 | INFO    | mediagrab          | vc_reconcile_participations:9542 | VC_PARTICIPATION_CONFIRMED_ABSENT chat_id=-1001993596337
2026-09-26 01:54:02 | INFO    | mediagrab          | _vc_cleanup_stale_backend_call:8029 | VC_BACKEND_STALE_CALL_CLEANUP_OWNER chat_id=-1001993596337 owner_account=acc_918335829278 — using per-account backend for cleanup (v98.01 FIX-J: account-aware, prevents cross-account corruption)
2026-09-26 01:54:02 | INFO    | mediagrab          | vc_reconcile_participations:9645 | VC_REGISTRY_UPDATE_CONFIRMED chat_id=-1001993596337 classification=LEFT
2026-09-26 01:54:02 | DEBUG   | mediagrab          | vc_verify_target:8855 | VC_RECONCILE_CLIENT chat_id=-1001070871253 account_id=acc_918335829278 source=account:acc_918335829278
2026-09-26 01:54:02 | INFO    | mediagrab          | resolve_vc_entity:11974 | VC_ENTITY_RESOLVE_START chat_ref=-1001070871253 chat_id=-1001070871253 access_hash=yes
2026-09-26 01:54:02 | INFO    | mediagrab          | resolve_vc_entity:12075 | VC_ENTITY_RESOLVE_CACHE_HIT chat_id=-1001070871253
2026-09-26 01:54:02 | INFO    | mediagrab          | resolve_vc_entity:12076 | VC_ENTITY_RESOLVE_SUCCESS chat_id=-1001070871253 source=cache
2026-09-26 01:54:02 | INFO    | mediagrab          | resolve_vc_entity:12431 | ENTITY_RESOLVE_RPC_COUNT chat_id=-1001070871253 scope=acc_918335829278 rpcs=0 failed_rpcs=0 outcome=RESOLVED_FROM_CACHE duration_ms=0.3 (v98.10 §22)
2026-09-26 01:54:02 | DEBUG   | mediagrab          | cache_entity_scoped:2355 | ENTITY_CACHE_SCOPED account=acc_918335829278 entity_id=1070871253 source=vc_discovery scope=acc_918335829278 (v99 RC-C scope-annotated)
2026-09-26 01:54:02 | INFO    | mediagrab          | vc_detect_active_call:3098 | VC_ENTITY_DISCOVERED entity_id=1070871253 access_hash=<2700…> type=Channel
2026-09-26 01:54:02 | DEBUG   | mediagrab          | vc_verify_target:8965 | VC_PARTICIPATION_REDETECT_OK chat_id=-1001070871253 account_id=acc_918335829278 detect_scope=acc_918335829278 source=cache reresolved=0 (v98.07 FIX-QQ)
2026-09-26 01:54:02 | INFO    | mediagrab          | vc_check_telegram_participation:7443 | VC_PARTICIPATION_PRESENT chat_id=-1001070871253 call_id=-4599357008817247755 my_id=8624009332 pages=1 inspected=1 complete=yes server_count=None participant=[peer=PeerUser(8624009332) flags=is_self,muted,video_joined source=2135969937]
2026-09-26 01:54:02 | INFO    | mediagrab          | vc_verify_target:9136 | VC_PARTICIPATION_VERIFY chat_id=-1001070871253 locally_tracked=True telegram=present
2026-09-26 01:54:02 | INFO    | mediagrab          | vc_verify_target:9155 | VC_VERIFY_MEMBER chat_id=-1001070871253 locally_tracked=True telegram=present — explicit verification state (v99.11 P1; never a leave)
2026-09-26 01:54:02 | INFO    | mediagrab          | vc_reconcile_participations:9520 | VC_PARTICIPATION_CONFIRMED_PRESENT chat_id=-1001070871253
2026-09-26 01:54:02 | INFO    | mediagrab          | vc_reconcile_participations:9645 | VC_REGISTRY_UPDATE_CONFIRMED chat_id=-1001070871253 classification=CONFIRMED
2026-09-26 01:54:02 | DEBUG   | mediagrab          | vc_verify_target:8855 | VC_RECONCILE_CLIENT chat_id=-1001922822605 account_id=acc_918335829278 source=account:acc_918335829278
2026-09-26 01:54:02 | INFO    | mediagrab          | resolve_vc_entity:11974 | VC_ENTITY_RESOLVE_START chat_ref=-1001922822605 chat_id=-1001922822605 access_hash=yes
2026-09-26 01:54:02 | INFO    | mediagrab          | resolve_vc_entity:12075 | VC_ENTITY_RESOLVE_CACHE_HIT chat_id=-1001922822605
2026-09-26 01:54:02 | INFO    | mediagrab          | resolve_vc_entity:12076 | VC_ENTITY_RESOLVE_SUCCESS chat_id=-1001922822605 source=cache
2026-09-26 01:54:02 | INFO    | mediagrab          | resolve_vc_entity:12431 | ENTITY_RESOLVE_RPC_COUNT chat_id=-1001922822605 scope=acc_918335829278 rpcs=0 failed_rpcs=0 outcome=RESOLVED_FROM_CACHE duration_ms=0.2 (v98.10 §22)
2026-09-26 01:54:03 | DEBUG   | mediagrab          | cache_entity_scoped:2355 | ENTITY_CACHE_SCOPED account=acc_918335829278 entity_id=1922822605 source=vc_discovery scope=acc_918335829278 (v99 RC-C scope-annotated)
2026-09-26 01:54:03 | INFO    | mediagrab          | vc_detect_active_call:3098 | VC_ENTITY_DISCOVERED entity_id=1922822605 access_hash=<-620…> type=Channel
2026-09-26 01:54:03 | DEBUG   | mediagrab          | vc_verify_target:8965 | VC_PARTICIPATION_REDETECT_OK chat_id=-1001922822605 account_id=acc_918335829278 detect_scope=acc_918335829278 source=cache reresolved=0 (v98.07 FIX-QQ)
2026-09-26 01:54:03 | INFO    | mediagrab          | vc_check_telegram_participation:7443 | VC_PARTICIPATION_PRESENT chat_id=-1001922822605 call_id=-8258460203529507355 my_id=8624009332 pages=1 inspected=1 complete=yes server_count=None participant=[peer=PeerUser(8624009332) flags=is_self,muted,video_joined source=1159064395]
2026-09-26 01:54:03 | INFO    | mediagrab          | vc_verify_target:9136 | VC_PARTICIPATION_VERIFY chat_id=-1001922822605 locally_tracked=True telegram=present
2026-09-26 01:54:03 | INFO    | mediagrab          | vc_verify_target:9155 | VC_VERIFY_MEMBER chat_id=-1001922822605 locally_tracked=True telegram=present — explicit verification state (v99.11 P1; never a leave)
2026-09-26 01:54:03 | INFO    | mediagrab          | vc_reconcile_participations:9520 | VC_PARTICIPATION_CONFIRMED_PRESENT chat_id=-1001922822605
2026-09-26 01:54:03 | INFO    | mediagrab          | vc_reconcile_participations:9645 | VC_REGISTRY_UPDATE_CONFIRMED chat_id=-1001922822605 classification=CONFIRMED
2026-09-26 01:54:03 | DEBUG   | mediagrab          | vc_verify_target:8855 | VC_RECONCILE_CLIENT chat_id=-1004460369026 account_id=global source=global_backend_bound
2026-09-26 01:54:03 | INFO    | mediagrab          | resolve_vc_entity:11974 | VC_ENTITY_RESOLVE_START chat_ref=-1004460369026 chat_id=-1004460369026 access_hash=yes
2026-09-26 01:54:03 | WARNING | mediagrab          | resolve_vc_entity:12062 | VC_HASH_SCOPE_MISMATCH chat_id=-1004460369026 entry_scope=acc_919006065076 consumer_scope=acc_918335829278 — skipping cache hit, re-resolving for this client (v98.07 FIX-QQ)
2026-09-26 01:54:03 | INFO    | mediagrab          | _v9810_scope_route:11711 | ENTITY_RESOLVE_CACHE_HIT chat_id=-1004460369026 scope=acc_918335829278 source=scope_state age=10811s (v98.10 §15 Step 0a — 0 RPCs)
2026-09-26 01:54:03 | INFO    | mediagrab          | resolve_vc_entity:12431 | ENTITY_RESOLVE_RPC_COUNT chat_id=-1004460369026 scope=acc_918335829278 rpcs=0 failed_rpcs=0 outcome=RESOLVED_FROM_SCOPE_STATE duration_ms=0.2 (v98.10 §22)
2026-09-26 01:54:03 | DEBUG   | mediagrab          | cache_entity_scoped:2355 | ENTITY_CACHE_SCOPED account=acc_918335829278 entity_id=4460369026 source=vc_discovery scope=acc_918335829278 (v99 RC-C scope-annotated)
2026-09-26 01:54:03 | INFO    | mediagrab          | vc_detect_active_call:3098 | VC_ENTITY_DISCOVERED entity_id=4460369026 access_hash=<2476…> type=Channel
2026-09-26 01:54:03 | DEBUG   | mediagrab          | vc_verify_target:8965 | VC_PARTICIPATION_REDETECT_OK chat_id=-1004460369026 account_id=global detect_scope=acc_918335829278 source=scope_state reresolved=0 (v98.07 FIX-QQ)
2026-09-26 01:54:04 | INFO    | mediagrab          | vc_check_telegram_participation:7443 | VC_PARTICIPATION_PRESENT chat_id=-1004460369026 call_id=-710395016767153533 my_id=8624009332 pages=1 inspected=1 complete=yes server_count=None participant=[peer=PeerUser(8624009332) flags=is_self,muted,video_joined source=1163550688]
2026-09-26 01:54:04 | INFO    | mediagrab          | vc_verify_target:9136 | VC_PARTICIPATION_VERIFY chat_id=-1004460369026 locally_tracked=False telegram=present
2026-09-26 01:54:04 | INFO    | mediagrab          | vc_verify_target:9155 | VC_VERIFY_MEMBER chat_id=-1004460369026 locally_tracked=False telegram=present — explicit verification state (v99.11 P1; never a leave)
2026-09-26 01:54:04 | INFO    | mediagrab          | vc_reconcile_participations:9645 | VC_REGISTRY_UPDATE_CONFIRMED chat_id=-1004460369026 classification=PARTICIPATING_UNTRACKED
2026-09-26 01:54:04 | DEBUG   | mediagrab          | vc_verify_target:8855 | VC_RECONCILE_CLIENT chat_id=4460369026 account_id=acc_919006065076 source=account:acc_919006065076
2026-09-26 01:54:04 | INFO    | mediagrab          | resolve_vc_entity:11974 | VC_ENTITY_RESOLVE_START chat_ref=-1004460369026 chat_id=-1004460369026 access_hash=yes
2026-09-26 01:54:04 | WARNING | mediagrab          | resolve_vc_entity:12062 | VC_HASH_SCOPE_MISMATCH chat_id=-1004460369026 entry_scope=acc_918335829278 consumer_scope=acc_919006065076 — skipping cache hit, re-resolving for this client (v98.07 FIX-QQ)
2026-09-26 01:54:04 | INFO    | mediagrab          | _v9810_scope_route:11711 | ENTITY_RESOLVE_CACHE_HIT chat_id=-1004460369026 scope=acc_919006065076 source=scope_state age=10811s (v98.10 §15 Step 0a — 0 RPCs)
2026-09-26 01:54:04 | INFO    | mediagrab          | resolve_vc_entity:12431 | ENTITY_RESOLVE_RPC_COUNT chat_id=-1004460369026 scope=acc_919006065076 rpcs=0 failed_rpcs=0 outcome=RESOLVED_FROM_SCOPE_STATE duration_ms=0.2 (v98.10 §22)
2026-09-26 01:54:04 | DEBUG   | mediagrab          | cache_entity_scoped:2355 | ENTITY_CACHE_SCOPED account=acc_919006065076 entity_id=4460369026 source=vc_discovery scope=acc_919006065076 (v99 RC-C scope-annotated)
2026-09-26 01:54:04 | INFO    | mediagrab          | vc_detect_active_call:3098 | VC_ENTITY_DISCOVERED entity_id=4460369026 access_hash=<7729…> type=Channel
2026-09-26 01:54:04 | DEBUG   | mediagrab          | vc_verify_target:8965 | VC_PARTICIPATION_REDETECT_OK chat_id=4460369026 account_id=acc_919006065076 detect_scope=acc_919006065076 source=scope_state reresolved=0 (v98.07 FIX-QQ)
2026-09-26 01:54:04 | INFO    | mediagrab          | vc_check_telegram_participation:7751 | VC_PARTICIPATION_TARGETED_FOREIGN_RESULT chat_id=4460369026 call_id=-710395016767153533 my_id=8699582859 returned=1 — targeted query returned participants but NONE matched our identity (peer-based matching); a foreign-answer is NOT absence evidence → unknown (v99.05 RC-F2: the v99.02 no-match→absent escalation REMOVED — it destroyed 9 REAL joins on 2026-09-12)
2026-09-26 01:54:04 | INFO    | mediagrab          | vc_verify_target:9136 | VC_PARTICIPATION_VERIFY chat_id=4460369026 locally_tracked=False telegram=unknown
2026-09-26 01:54:04 | INFO    | mediagrab          | vc_verify_target:9155 | VC_VERIFY_UNKNOWN chat_id=4460369026 locally_tracked=False telegram=unknown — explicit verification state (v99.11 P1; never a leave)
2026-09-26 01:54:04 | INFO    | mediagrab          | vc_reconcile_participations:9529 | VC_RECONCILE_DEFERRED_UNKNOWN chat_id=4460369026 — preserving joined state (backend evidence)
2026-09-26 01:54:04 | INFO    | mediagrab          | vc_reconcile_participations:9645 | VC_REGISTRY_UPDATE_CONFIRMED chat_id=4460369026 classification=LOCALLY_TRACKED_UNCONFIRMED
2026-09-26 01:54:04 | DEBUG   | mediagrab          | vc_verify_target:8855 | VC_RECONCILE_CLIENT chat_id=4427666393 account_id=acc_919006065076 source=account:acc_919006065076
2026-09-26 01:54:04 | INFO    | mediagrab          | resolve_vc_entity:11974 | VC_ENTITY_RESOLVE_START chat_ref=-1004427666393 chat_id=-1004427666393 access_hash=yes
2026-09-26 01:54:04 | WARNING | mediagrab          | resolve_vc_entity:12062 | VC_HASH_SCOPE_MISMATCH chat_id=-1004427666393 entry_scope=acc_918335829278 consumer_scope=acc_919006065076 — skipping cache hit, re-resolving for this client (v98.07 FIX-QQ)
2026-09-26 01:54:04 | INFO    | mediagrab          | _v9810_scope_route:11809 | ENTITY_RESOLVE_ACCOUNT_SWITCH chat_id=-1004427666393 from_scope=acc_919006065076 to_account=acc_918335829278 reason=known_good_scope verified_at=4s ago (v98.10 §15 Step 0c — targeted routing, not a blind rotation)
2026-09-26 01:54:04 | INFO    | mediagrab          | _v9810_scope_route:11837 | ENTITY_RESOLVE_CACHE_HIT chat_id=-1004427666393 scope=acc_918335829278 source=scope_state age=4s (v98.10 §15 Step 0c — fresh known-good object, 0 RPCs)
2026-09-26 01:54:04 | INFO    | mediagrab          | resolve_vc_entity:12431 | ENTITY_RESOLVE_RPC_COUNT chat_id=-1004427666393 scope=acc_919006065076 rpcs=0 failed_rpcs=0 outcome=RESOLVED_VIA_ROTATION duration_ms=0.4 (v98.10 §22)
2026-09-26 01:54:05 | DEBUG   | mediagrab          | cache_entity_scoped:2355 | ENTITY_CACHE_SCOPED account=acc_918335829278 entity_id=4427666393 source=vc_discovery scope=acc_918335829278 (v99 RC-C scope-annotated)
2026-09-26 01:54:05 | INFO    | mediagrab          | vc_detect_active_call:3098 | VC_ENTITY_DISCOVERED entity_id=4427666393 access_hash=<6046…> type=Channel
2026-09-26 01:54:05 | DEBUG   | mediagrab          | vc_verify_target:8965 | VC_PARTICIPATION_REDETECT_OK chat_id=4427666393 account_id=acc_919006065076 detect_scope=acc_918335829278 source=account_rotation:acc_918335829278 reresolved=0 (v98.07 FIX-QQ)
2026-09-26 01:54:05 | INFO    | mediagrab          | vc_check_telegram_participation:7356 | VC_PARTICIPATION_STALE_CALL chat_id=4427666393 call_id=-569938277538256374 exc=GroupcallInvalidError — the queried (id, access_hash) pair is NOT a live call: STALE CALL IDENTITY, returning unknown (NOT absent; the pipeline re-detects the current pair and re-verifies) (v99.05 RC-F4)
2026-09-26 01:54:05 | INFO    | mediagrab          | vc_check_telegram_participation:7370 | VC_VERIFY_STALE_IDENTITY chat_id=4427666393 call_id=-569938277538256374 — detect stale identity → re-resolve current pair → verify → atomically update cache; existing healthy transport PRESERVED (never a leave; v99.11 P1)
2026-09-26 01:54:05 | INFO    | mediagrab          | vc_verify_target:9136 | VC_PARTICIPATION_VERIFY chat_id=4427666393 locally_tracked=False telegram=unknown
2026-09-26 01:54:05 | INFO    | mediagrab          | vc_verify_target:9155 | VC_VERIFY_UNKNOWN chat_id=4427666393 locally_tracked=False telegram=unknown — explicit verification state (v99.11 P1; never a leave)
2026-09-26 01:54:05 | INFO    | mediagrab          | vc_reconcile_participations:9529 | VC_RECONCILE_DEFERRED_UNKNOWN chat_id=4427666393 — preserving joined state (backend evidence)
2026-09-26 01:54:05 | INFO    | mediagrab          | vc_reconcile_participations:9645 | VC_REGISTRY_UPDATE_CONFIRMED chat_id=4427666393 classification=LOCALLY_TRACKED_UNCONFIRMED
2026-09-26 01:54:05 | DEBUG   | mediagrab          | vc_verify_target:8855 | VC_RECONCILE_CLIENT chat_id=-1003940064304 account_id=global source=global_backend_bound
2026-09-26 01:54:05 | INFO    | mediagrab          | resolve_vc_entity:11974 | VC_ENTITY_RESOLVE_START chat_ref=-1003940064304 chat_id=-1003940064304 access_hash=yes
2026-09-26 01:54:05 | INFO    | mediagrab          | resolve_vc_entity:12075 | VC_ENTITY_RESOLVE_CACHE_HIT chat_id=-1003940064304
2026-09-26 01:54:05 | INFO    | mediagrab          | resolve_vc_entity:12076 | VC_ENTITY_RESOLVE_SUCCESS chat_id=-1003940064304 source=cache
2026-09-26 01:54:05 | INFO    | mediagrab          | resolve_vc_entity:12431 | ENTITY_RESOLVE_RPC_COUNT chat_id=-1003940064304 scope=acc_918335829278 rpcs=0 failed_rpcs=0 outcome=RESOLVED_FROM_CACHE duration_ms=0.1 (v98.10 §22)
2026-09-26 01:54:05 | DEBUG   | mediagrab          | cache_entity_scoped:2355 | ENTITY_CACHE_SCOPED account=acc_918335829278 entity_id=3940064304 source=vc_discovery scope=acc_918335829278 (v99 RC-C scope-annotated)
2026-09-26 01:54:05 | INFO    | mediagrab          | vc_detect_active_call:3098 | VC_ENTITY_DISCOVERED entity_id=3940064304 access_hash=<1744…> type=Channel
2026-09-26 01:54:05 | DEBUG   | mediagrab          | vc_verify_target:8965 | VC_PARTICIPATION_REDETECT_OK chat_id=-1003940064304 account_id=global detect_scope=acc_918335829278 source=cache reresolved=0 (v98.07 FIX-QQ)
2026-09-26 01:54:05 | INFO    | mediagrab          | vc_check_telegram_participation:7443 | VC_PARTICIPATION_PRESENT chat_id=-1003940064304 call_id=-7699075288673564347 my_id=8624009332 pages=1 inspected=1 complete=yes server_count=None participant=[peer=PeerUser(8624009332) flags=is_self,muted,video_joined source=1194204182]
2026-09-26 01:54:05 | INFO    | mediagrab          | vc_verify_target:9136 | VC_PARTICIPATION_VERIFY chat_id=-1003940064304 locally_tracked=False telegram=present
2026-09-26 01:54:05 | INFO    | mediagrab          | vc_verify_target:9155 | VC_VERIFY_MEMBER chat_id=-1003940064304 locally_tracked=False telegram=present — explicit verification state (v99.11 P1; never a leave)
2026-09-26 01:54:05 | INFO    | mediagrab          | vc_reconcile_participations:9645 | VC_REGISTRY_UPDATE_CONFIRMED chat_id=-1003940064304 classification=PARTICIPATING_UNTRACKED
2026-09-26 01:54:05 | DEBUG   | mediagrab          | vc_verify_target:8855 | VC_RECONCILE_CLIENT chat_id=3940064304 account_id=acc_919006065076 source=account:acc_919006065076
2026-09-26 01:54:05 | INFO    | mediagrab          | resolve_vc_entity:11974 | VC_ENTITY_RESOLVE_START chat_ref=-1003940064304 chat_id=-1003940064304 access_hash=yes
2026-09-26 01:54:05 | WARNING | mediagrab          | resolve_vc_entity:12062 | VC_HASH_SCOPE_MISMATCH chat_id=-1003940064304 entry_scope=acc_918335829278 consumer_scope=acc_919006065076 — skipping cache hit, re-resolving for this client (v98.07 FIX-QQ)
2026-09-26 01:54:05 | INFO    | mediagrab          | _v9810_scope_route:11809 | ENTITY_RESOLVE_ACCOUNT_SWITCH chat_id=-1003940064304 from_scope=acc_919006065076 to_account=acc_918335829278 reason=known_good_scope verified_at=1s ago (v98.10 §15 Step 0c — targeted routing, not a blind rotation)
2026-09-26 01:54:05 | INFO    | mediagrab          | _v9810_scope_route:11837 | ENTITY_RESOLVE_CACHE_HIT chat_id=-1003940064304 scope=acc_918335829278 source=scope_state age=1s (v98.10 §15 Step 0c — fresh known-good object, 0 RPCs)
2026-09-26 01:54:05 | INFO    | mediagrab          | resolve_vc_entity:12431 | ENTITY_RESOLVE_RPC_COUNT chat_id=-1003940064304 scope=acc_919006065076 rpcs=0 failed_rpcs=0 outcome=RESOLVED_VIA_ROTATION duration_ms=0.2 (v98.10 §22)
2026-09-26 01:54:06 | DEBUG   | mediagrab          | cache_entity_scoped:2355 | ENTITY_CACHE_SCOPED account=acc_918335829278 entity_id=3940064304 source=vc_discovery scope=acc_918335829278 (v99 RC-C scope-annotated)
2026-09-26 01:54:06 | INFO    | mediagrab          | vc_detect_active_call:3098 | VC_ENTITY_DISCOVERED entity_id=3940064304 access_hash=<1744…> type=Channel
2026-09-26 01:54:06 | DEBUG   | mediagrab          | vc_verify_target:8965 | VC_PARTICIPATION_REDETECT_OK chat_id=3940064304 account_id=acc_919006065076 detect_scope=acc_918335829278 source=account_rotation:acc_918335829278 reresolved=0 (v98.07 FIX-QQ)
2026-09-26 01:54:06 | INFO    | mediagrab          | vc_check_telegram_participation:7356 | VC_PARTICIPATION_STALE_CALL chat_id=3940064304 call_id=-7699075288673564347 exc=GroupcallInvalidError — the queried (id, access_hash) pair is NOT a live call: STALE CALL IDENTITY, returning unknown (NOT absent; the pipeline re-detects the current pair and re-verifies) (v99.05 RC-F4)
2026-09-26 01:54:06 | INFO    | mediagrab          | vc_check_telegram_participation:7370 | VC_VERIFY_STALE_IDENTITY chat_id=3940064304 call_id=-7699075288673564347 — detect stale identity → re-resolve current pair → verify → atomically update cache; existing healthy transport PRESERVED (never a leave; v99.11 P1)
2026-09-26 01:54:06 | INFO    | mediagrab          | vc_verify_target:9136 | VC_PARTICIPATION_VERIFY chat_id=3940064304 locally_tracked=False telegram=unknown
2026-09-26 01:54:06 | INFO    | mediagrab          | vc_verify_target:9155 | VC_VERIFY_UNKNOWN chat_id=3940064304 locally_tracked=False telegram=unknown — explicit verification state (v99.11 P1; never a leave)
2026-09-26 01:54:06 | INFO    | mediagrab          | vc_reconcile_participations:9529 | VC_RECONCILE_DEFERRED_UNKNOWN chat_id=3940064304 — preserving joined state (backend evidence)
2026-09-26 01:54:06 | INFO    | mediagrab          | vc_reconcile_participations:9645 | VC_REGISTRY_UPDATE_CONFIRMED chat_id=3940064304 classification=LOCALLY_TRACKED_UNCONFIRMED
2026-09-26 01:54:06 | DEBUG   | mediagrab          | vc_verify_target:8855 | VC_RECONCILE_CLIENT chat_id=-1002887741724 account_id=global source=global_backend_bound
2026-09-26 01:54:06 | INFO    | mediagrab          | resolve_vc_entity:11974 | VC_ENTITY_RESOLVE_START chat_ref=-1002887741724 chat_id=-1002887741724 access_hash=yes
2026-09-26 01:54:06 | INFO    | mediagrab          | resolve_vc_entity:12075 | VC_ENTITY_RESOLVE_CACHE_HIT chat_id=-1002887741724
2026-09-26 01:54:06 | INFO    | mediagrab          | resolve_vc_entity:12076 | VC_ENTITY_RESOLVE_SUCCESS chat_id=-1002887741724 source=cache
2026-09-26 01:54:06 | INFO    | mediagrab          | resolve_vc_entity:12431 | ENTITY_RESOLVE_RPC_COUNT chat_id=-1002887741724 scope=acc_918335829278 rpcs=0 failed_rpcs=0 outcome=RESOLVED_FROM_CACHE duration_ms=0.7 (v98.10 §22)
2026-09-26 01:54:06 | DEBUG   | mediagrab          | cache_entity_scoped:2355 | ENTITY_CACHE_SCOPED account=acc_918335829278 entity_id=2887741724 source=vc_discovery scope=acc_918335829278 (v99 RC-C scope-annotated)
2026-09-26 01:54:06 | INFO    | mediagrab          | vc_detect_active_call:3098 | VC_ENTITY_DISCOVERED entity_id=2887741724 access_hash=<6524…> type=Channel
2026-09-26 01:54:06 | DEBUG   | mediagrab          | vc_verify_target:8965 | VC_PARTICIPATION_REDETECT_OK chat_id=-1002887741724 account_id=global detect_scope=acc_918335829278 source=cache reresolved=0 (v98.07 FIX-QQ)
2026-09-26 01:54:06 | INFO    | mediagrab          | vc_check_telegram_participation:7443 | VC_PARTICIPATION_PRESENT chat_id=-1002887741724 call_id=-3179384222730274919 my_id=8624009332 pages=1 inspected=1 complete=yes server_count=None participant=[peer=PeerUser(8624009332) flags=is_self,muted,video_joined source=1789396470]
2026-09-26 01:54:06 | INFO    | mediagrab          | vc_verify_target:9136 | VC_PARTICIPATION_VERIFY chat_id=-1002887741724 locally_tracked=False telegram=present
2026-09-26 01:54:06 | INFO    | mediagrab          | vc_verify_target:9155 | VC_VERIFY_MEMBER chat_id=-1002887741724 locally_tracked=False telegram=present — explicit verification state (v99.11 P1; never a leave)
2026-09-26 01:54:06 | INFO    | mediagrab          | vc_reconcile_participations:9645 | VC_REGISTRY_UPDATE_CONFIRMED chat_id=-1002887741724 classification=PARTICIPATING_UNTRACKED
2026-09-26 01:54:06 | DEBUG   | mediagrab          | vc_verify_target:8855 | VC_RECONCILE_CLIENT chat_id=2887741724 account_id=acc_919006065076 source=account:acc_919006065076
2026-09-26 01:54:06 | INFO    | mediagrab          | resolve_vc_entity:11974 | VC_ENTITY_RESOLVE_START chat_ref=-1002887741724 chat_id=-1002887741724 access_hash=yes
2026-09-26 01:54:06 | WARNING | mediagrab          | resolve_vc_entity:12062 | VC_HASH_SCOPE_MISMATCH chat_id=-1002887741724 entry_scope=acc_918335829278 consumer_scope=acc_919006065076 — skipping cache hit, re-resolving for this client (v98.07 FIX-QQ)
2026-09-26 01:54:06 | INFO    | mediagrab          | _v9810_scope_route:11809 | ENTITY_RESOLVE_ACCOUNT_SWITCH chat_id=-1002887741724 from_scope=acc_919006065076 to_account=acc_918335829278 reason=known_good_scope verified_at=0s ago (v98.10 §15 Step 0c — targeted routing, not a blind rotation)
2026-09-26 01:54:06 | INFO    | mediagrab          | _v9810_scope_route:11837 | ENTITY_RESOLVE_CACHE_HIT chat_id=-1002887741724 scope=acc_918335829278 source=scope_state age=0s (v98.10 §15 Step 0c — fresh known-good object, 0 RPCs)
2026-09-26 01:54:06 | INFO    | mediagrab          | resolve_vc_entity:12431 | ENTITY_RESOLVE_RPC_COUNT chat_id=-1002887741724 scope=acc_919006065076 rpcs=0 failed_rpcs=0 outcome=RESOLVED_VIA_ROTATION duration_ms=1.0 (v98.10 §22)
2026-09-26 01:54:07 | DEBUG   | mediagrab          | cache_entity_scoped:2355 | ENTITY_CACHE_SCOPED account=acc_918335829278 entity_id=2887741724 source=vc_discovery scope=acc_918335829278 (v99 RC-C scope-annotated)
2026-09-26 01:54:07 | INFO    | mediagrab          | vc_detect_active_call:3098 | VC_ENTITY_DISCOVERED entity_id=2887741724 access_hash=<6524…> type=Channel
2026-09-26 01:54:07 | DEBUG   | mediagrab          | vc_verify_target:8965 | VC_PARTICIPATION_REDETECT_OK chat_id=2887741724 account_id=acc_919006065076 detect_scope=acc_918335829278 source=account_rotation:acc_918335829278 reresolved=0 (v98.07 FIX-QQ)
2026-09-26 01:54:07 | INFO    | mediagrab          | vc_check_telegram_participation:7356 | VC_PARTICIPATION_STALE_CALL chat_id=2887741724 call_id=-3179384222730274919 exc=GroupcallInvalidError — the queried (id, access_hash) pair is NOT a live call: STALE CALL IDENTITY, returning unknown (NOT absent; the pipeline re-detects the current pair and re-verifies) (v99.05 RC-F4)
2026-09-26 01:54:07 | INFO    | mediagrab          | vc_check_telegram_participation:7370 | VC_VERIFY_STALE_IDENTITY chat_id=2887741724 call_id=-3179384222730274919 — detect stale identity → re-resolve current pair → verify → atomically update cache; existing healthy transport PRESERVED (never a leave; v99.11 P1)
2026-09-26 01:54:07 | INFO    | mediagrab          | vc_verify_target:9136 | VC_PARTICIPATION_VERIFY chat_id=2887741724 locally_tracked=False telegram=unknown
2026-09-26 01:54:07 | INFO    | mediagrab          | vc_verify_target:9155 | VC_VERIFY_UNKNOWN chat_id=2887741724 locally_tracked=False telegram=unknown — explicit verification state (v99.11 P1; never a leave)
2026-09-26 01:54:07 | INFO    | mediagrab          | vc_reconcile_participations:9529 | VC_RECONCILE_DEFERRED_UNKNOWN chat_id=2887741724 — preserving joined state (backend evidence)
2026-09-26 01:54:07 | INFO    | mediagrab          | vc_reconcile_participations:9645 | VC_REGISTRY_UPDATE_CONFIRMED chat_id=2887741724 classification=LOCALLY_TRACKED_UNCONFIRMED
2026-09-26 01:54:07 | INFO    | mediagrab          | vc_reconcile_participations:9660 | VC_RECONCILE_RESULT total=34 confirmed=5 participating_untracked=11 locally_tracked_unconfirmed=7 unknown=5 cleanup_required=0 left=6 failed=0
2026-09-26 01:54:07 | DEBUG   | mediagrab          | _vc_prune_caches:10026 | VC_CACHE_PRUNE target_cooldowns removed=2 remaining=0
2026-09-26 01:54:26 | INFO    | mediagrab          | run_wal_checkpoint:769 | WAL_CHECKPOINT_OK busy=0 log_frames=0 checkpointed=0 attempt=1 (v99.11 dedicated-connection checkpoint)
2026-09-26 01:54:32 | DEBUG   | mediagrab          | _mtproto_health_loop:5800 | MTProto health check: OK
2026-09-26 01:54:32 | INFO    | mediagrab          | _mtproto_health_loop:5864 | MTPROTO_GENERATION_STATE active=0 retiring=0 retired=0 poisoned=0 generation_sessions=0 live_clients=3
2026-09-26 01:54:32 | INFO    | mediagrab          | _reconcile_cycle:917 | VC_COVERAGE_RECONCILE_START active=40 joined=28 missing=12 retry_ready=0 persistent_retry_queue_total=0 persistent_retry_queue_ready=0
2026-09-26 01:54:32 | INFO    | mediagrab          | _reconcile_cycle:946 | VC_RECONCILE_FOUND_MISSING chat_id=1949746242 title=
2026-09-26 01:54:32 | INFO    | mediagrab          | _reconcile_cycle:946 | VC_RECONCILE_FOUND_MISSING chat_id=3717806820 title=
2026-09-26 01:54:32 | INFO    | mediagrab          | _reconcile_cycle:946 | VC_RECONCILE_FOUND_MISSING chat_id=3961210499 title=
2026-09-26 01:54:32 | INFO    | mediagrab          | _reconcile_cycle:946 | VC_RECONCILE_FOUND_MISSING chat_id=2144563093 title=
2026-09-26 01:54:32 | INFO    | mediagrab          | _reconcile_cycle:946 | VC_RECONCILE_FOUND_MISSING chat_id=2333937461 title=
2026-09-26 01:54:32 | INFO    | mediagrab          | _reconcile_cycle:946 | VC_RECONCILE_FOUND_MISSING chat_id=1993596337 title=Трейд чатик Vespiol
2026-09-26 01:54:32 | DEBUG   | mediagrab          | _watchdog_loop:1740 | WATCHDOG: talkative handler not registered but effective_disabled source=dashboard_db — not retrying (admin disabled; v99.07 FIX-5)
2026-09-26 01:54:40 | INFO    | mediagrab          | _bot_heartbeat_loop:2840 | BOT_HEARTBEAT pid=7 uptime=18015s rss_mb=166 threads=50 fd=340/1024 joined_transports=20 join_queue=0 active_joins=0 memory_limit_mb=4506 resource_headroom_mb=4340 FD_CENSUS total=340 soft=1024 sockets=322 pipes=2 files=13 anon=2 other=1 MEM_CENSUS rss_mb=166 threads=50 fd=340/1024 joined_transports=20 joins=_global:J=13/F=0 acc_918335829278:J=6/F=0 acc_919006065076:J=1/F=0 (v98.05 FIX-FF liveness; v98.06 FIX-OO uptime epoch domain; v99.02 FIX-3 FD_CENSUS; v99.10 FIX-D MEM_CENSUS; v99.11 P0-1 single-%s safe emission + resource fields)
2026-09-26 01:55:01 | INFO    | mediagrab          | _vc_handle_vc_command:28929 | COMMAND_RECEIVED path=telethon cmd=claim@newsviewslavebot sender=1311713688 chat=-1003922758336
2026-09-26 01:55:02 | DEBUG   | mediagrab          | _mtproto_health_loop:5800 | MTProto health check: OK
2026-09-26 01:55:02 | INFO    | mediagrab          | _mtproto_health_loop:5864 | MTPROTO_GENERATION_STATE active=0 retiring=0 retired=0 poisoned=0 generation_sessions=0 live_clients=3
2026-09-26 01:55:09 | INFO    | mediagrab          | _vc_handle_vc_command:28929 | COMMAND_RECEIVED path=telethon cmd=claim@newsviewslavebot sender=1311713688 chat=-1003922758336
2026-09-26 01:55:09 | INFO    | mediagrab          | _vc_handle_vc_command:28929 | COMMAND_RECEIVED path=telethon cmd=claim@newsviewslavebot sender=1311713688 chat=-1003922758336
2026-09-26 01:55:09 | INFO    | mediagrab          | _vc_handle_vc_command:28929 | COMMAND_RECEIVED path=telethon cmd=duel@newsviewslavebot sender=6463618928 chat=-1003922758336
2026-09-26 01:55:24 | INFO    | mediagrab          | _vc_handle_vc_command:28929 | COMMAND_RECEIVED path=telethon cmd=balance@newsviewslavebot sender=6463618928 chat=-1003922758336
2026-09-26 01:55:32 | DEBUG   | mediagrab          | _mtproto_health_loop:5800 | MTProto health check: OK
2026-09-26 01:55:32 | INFO    | mediagrab          | _mtproto_health_loop:5864 | MTPROTO_GENERATION_STATE active=0 retiring=0 retired=0 poisoned=0 generation_sessions=0 live_clients=3
2026-09-26 01:55:32 | INFO    | mediagrab          | _reconcile_cycle:917 | VC_COVERAGE_RECONCILE_START active=40 joined=28 missing=12 retry_ready=0 persistent_retry_queue_total=0 persistent_retry_queue_ready=0
2026-09-26 01:55:32 | INFO    | mediagrab          | _reconcile_cycle:946 | VC_RECONCILE_FOUND_MISSING chat_id=1949746242 title=
2026-09-26 01:55:32 | INFO    | mediagrab          | _reconcile_cycle:946 | VC_RECONCILE_FOUND_MISSING chat_id=3717806820 title=
2026-09-26 01:55:32 | INFO    | mediagrab          | _reconcile_cycle:946 | VC_RECONCILE_FOUND_MISSING chat_id=3961210499 title=
2026-09-26 01:55:32 | INFO    | mediagrab          | _reconcile_cycle:946 | VC_RECONCILE_FOUND_MISSING chat_id=2144563093 title=
2026-09-26 01:55:32 | INFO    | mediagrab          | _reconcile_cycle:946 | VC_RECONCILE_FOUND_MISSING chat_id=2333937461 title=
2026-09-26 01:55:32 | INFO    | mediagrab          | _reconcile_cycle:946 | VC_RECONCILE_FOUND_MISSING chat_id=1993596337 title=Трейд чатик Vespiol
2026-09-26 01:55:32 | INFO    | mediagrab_bot.vc_arch | emit_budgets_heartbeat:1204 | VC_ARCH_BUDGETS_HEARTBEAT max_classification_in_flight=4 max_discovery_in_flight=4 max_dispatch_queue_depth=200 max_entity_resolution_in_flight=8 max_join_in_flight=3 max_reconcile_in_flight=4 negcache_max_entries=10000 retry_budget_per_window=25 retry_window_seconds=60 task_population_bound=5000
2026-09-26 01:55:32 | DEBUG   | mediagrab          | _watchdog_loop:1740 | WATCHDOG: talkative handler not registered but effective_disabled source=dashboard_db — not retrying (admin disabled; v99.07 FIX-5)
2026-09-26 01:55:40 | INFO    | mediagrab          | _bot_heartbeat_loop:2840 | BOT_HEARTBEAT pid=7 uptime=18075s rss_mb=166 threads=50 fd=340/1024 joined_transports=20 join_queue=0 active_joins=0 memory_limit_mb=4506 resource_headroom_mb=4340 FD_CENSUS total=340 soft=1024 sockets=322 pipes=2 files=13 anon=2 other=1 MEM_CENSUS rss_mb=166 threads=50 fd=340/1024 joined_transports=20 joins=_global:J=13/F=0 acc_918335829278:J=6/F=0 acc_919006065076:J=1/F=0 (v98.05 FIX-FF liveness; v98.06 FIX-OO uptime epoch domain; v99.02 FIX-3 FD_CENSUS; v99.10 FIX-D MEM_CENSUS; v99.11 P0-1 single-%s safe emission + resource fields)
2026-09-26 01:55:48 | INFO    | mediagrab          | _vc_handle_vc_command:28929 | COMMAND_RECEIVED path=telethon cmd=duel@newsviewslavebot sender=6463618928 chat=-1003922758336
2026-09-26 01:56:02 | DEBUG   | mediagrab          | _mtproto_health_loop:5800 | MTProto health check: OK
2026-09-26 01:56:02 | INFO    | mediagrab          | _mtproto_health_loop:5864 | MTPROTO_GENERATION_STATE active=0 retiring=0 retired=0 poisoned=0 generation_sessions=0 live_clients=3
2026-09-26 01:56:32 | DEBUG   | mediagrab          | _mtproto_health_loop:5800 | MTProto health check: OK
2026-09-26 01:56:32 | INFO    | mediagrab          | _mtproto_health_loop:5864 | MTPROTO_GENERATION_STATE active=0 retiring=0 retired=0 poisoned=0 generation_sessions=0 live_clients=3
2026-09-26 01:56:32 | INFO    | mediagrab          | _reconcile_cycle:917 | VC_COVERAGE_RECONCILE_START active=40 joined=28 missing=12 retry_ready=0 persistent_retry_queue_total=0 persistent_retry_queue_ready=0
2026-09-26 01:56:32 | INFO    | mediagrab          | _reconcile_cycle:946 | VC_RECONCILE_FOUND_MISSING chat_id=1949746242 title=
2026-09-26 01:56:32 | INFO    | mediagrab          | _reconcile_cycle:946 | VC_RECONCILE_FOUND_MISSING chat_id=3717806820 title=
2026-09-26 01:56:32 | INFO    | mediagrab          | _reconcile_cycle:946 | VC_RECONCILE_FOUND_MISSING chat_id=3961210499 title=
2026-09-26 01:56:32 | INFO    | mediagrab          | _reconcile_cycle:946 | VC_RECONCILE_FOUND_MISSING chat_id=2144563093 title=
2026-09-26 01:56:32 | INFO    | mediagrab          | _reconcile_cycle:946 | VC_RECONCILE_FOUND_MISSING chat_id=2333937461 title=
2026-09-26 01:56:32 | INFO    | mediagrab          | _reconcile_cycle:946 | VC_RECONCILE_FOUND_MISSING chat_id=1993596337 title=Трейд чатик Vespiol
2026-09-26 01:56:32 | DEBUG   | mediagrab          | _watchdog_loop:1740 | WATCHDOG: talkative handler not registered but effective_disabled source=dashboard_db — not retrying (admin disabled; v99.07 FIX-5)
2026-09-26 01:56:40 | INFO    | mediagrab          | _bot_heartbeat_loop:2840 | BOT_HEARTBEAT pid=7 uptime=18135s rss_mb=166 threads=50 fd=339/1024 joined_transports=20 join_queue=0 active_joins=0 memory_limit_mb=4506 resource_headroom_mb=4340 FD_CENSUS total=339 soft=1024 sockets=321 pipes=2 files=13 anon=2 other=1 MEM_CENSUS rss_mb=166 threads=50 fd=339/1024 joined_transports=20 joins=_global:J=13/F=0 acc_918335829278:J=6/F=0 acc_919006065076:J=1/F=0 (v98.05 FIX-FF liveness; v98.06 FIX-OO uptime epoch domain; v99.02 FIX-3 FD_CENSUS; v99.10 FIX-D MEM_CENSUS; v99.11 P0-1 single-%s safe emission + resource fields)
2026-09-26 01:57:02 | DEBUG   | mediagrab          | _mtproto_health_loop:5800 | MTProto health check: OK
2026-09-26 01:57:02 | INFO    | mediagrab          | _mtproto_health_loop:5864 | MTPROTO_GENERATION_STATE active=0 retiring=0 retired=0 poisoned=0 generation_sessions=0 live_clients=3
2026-09-26 01:57:32 | DEBUG   | mediagrab          | _mtproto_health_loop:5800 | MTProto health check: OK
2026-09-26 01:57:32 | INFO    | mediagrab          | _mtproto_health_loop:5864 | MTPROTO_GENERATION_STATE active=0 retiring=0 retired=0 poisoned=0 generation_sessions=0 live_clients=3
2026-09-26 01:57:32 | INFO    | mediagrab          | _reconcile_cycle:917 | VC_COVERAGE_RECONCILE_START active=40 joined=28 missing=12 retry_ready=0 persistent_retry_queue_total=0 persistent_retry_queue_ready=0
2026-09-26 01:57:32 | INFO    | mediagrab          | _reconcile_cycle:946 | VC_RECONCILE_FOUND_MISSING chat_id=1949746242 title=
2026-09-26 01:57:32 | INFO    | mediagrab          | _reconcile_cycle:946 | VC_RECONCILE_FOUND_MISSING chat_id=3717806820 title=
2026-09-26 01:57:32 | INFO    | mediagrab          | _reconcile_cycle:946 | VC_RECONCILE_FOUND_MISSING chat_id=3961210499 title=
2026-09-26 01:57:32 | INFO    | mediagrab          | _reconcile_cycle:946 | VC_RECONCILE_FOUND_MISSING chat_id=2144563093 title=
2026-09-26 01:57:32 | INFO    | mediagrab          | _reconcile_cycle:946 | VC_RECONCILE_FOUND_MISSING chat_id=2333937461 title=
2026-09-26 01:57:32 | INFO    | mediagrab          | _reconcile_cycle:946 | VC_RECONCILE_FOUND_MISSING chat_id=1993596337 title=Трейд чатик Vespiol
2026-09-26 01:57:32 | DEBUG   | mediagrab          | _watchdog_loop:1740 | WATCHDOG: talkative handler not registered but effective_disabled source=dashboard_db — not retrying (admin disabled; v99.07 FIX-5)
2026-09-26 01:57:40 | INFO    | mediagrab          | _bot_heartbeat_loop:2840 | BOT_HEARTBEAT pid=7 uptime=18195s rss_mb=166 threads=50 fd=341/1024 joined_transports=20 join_queue=0 active_joins=0 memory_limit_mb=4506 resource_headroom_mb=4340 FD_CENSUS total=341 soft=1024 sockets=324 pipes=2 files=12 anon=2 other=1 MEM_CENSUS rss_mb=166 threads=50 fd=341/1024 joined_transports=20 joins=_global:J=13/F=0 acc_918335829278:J=6/F=0 acc_919006065076:J=1/F=0 (v98.05 FIX-FF liveness; v98.06 FIX-OO uptime epoch domain; v99.02 FIX-3 FD_CENSUS; v99.10 FIX-D MEM_CENSUS; v99.11 P0-1 single-%s safe emission + resource fields)
2026-09-26 01:58:02 | DEBUG   | mediagrab          | _mtproto_health_loop:5800 | MTProto health check: OK
2026-09-26 01:58:02 | INFO    | mediagrab          | _mtproto_health_loop:5864 | MTPROTO_GENERATION_STATE active=0 retiring=0 retired=0 poisoned=0 generation_sessions=0 live_clients=3
2026-09-26 01:58:26 | INFO    | mediagrab          | _vc_handle_vc_command:28929 | COMMAND_RECEIVED path=telethon cmd=claim@newsviewslavebot sender=6824848993 chat=-1003922758336
2026-09-26 01:58:32 | DEBUG   | mediagrab          | _mtproto_health_loop:5800 | MTProto health check: OK
2026-09-26 01:58:32 | INFO    | mediagrab          | _mtproto_health_loop:5864 | MTPROTO_GENERATION_STATE active=0 retiring=0 retired=0 poisoned=0 generation_sessions=0 live_clients=3
2026-09-26 01:58:32 | INFO    | mediagrab          | _reconcile_cycle:917 | VC_COVERAGE_RECONCILE_START active=40 joined=28 missing=12 retry_ready=0 persistent_retry_queue_total=0 persistent_retry_queue_ready=0
2026-09-26 01:58:32 | INFO    | mediagrab          | _reconcile_cycle:946 | VC_RECONCILE_FOUND_MISSING chat_id=1949746242 title=
2026-09-26 01:58:32 | INFO    | mediagrab          | _reconcile_cycle:946 | VC_RECONCILE_FOUND_MISSING chat_id=3717806820 title=
2026-09-26 01:58:32 | INFO    | mediagrab          | _reconcile_cycle:946 | VC_RECONCILE_FOUND_MISSING chat_id=3961210499 title=
2026-09-26 01:58:32 | INFO    | mediagrab          | _reconcile_cycle:946 | VC_RECONCILE_FOUND_MISSING chat_id=2144563093 title=
2026-09-26 01:58:32 | INFO    | mediagrab          | _reconcile_cycle:946 | VC_RECONCILE_FOUND_MISSING chat_id=2333937461 title=
2026-09-26 01:58:32 | INFO    | mediagrab          | _reconcile_cycle:946 | VC_RECONCILE_FOUND_MISSING chat_id=1993596337 title=Трейд чатик Vespiol
2026-09-26 01:58:32 | DEBUG   | mediagrab          | _watchdog_loop:1740 | WATCHDOG: talkative handler not registered but effective_disabled source=dashboard_db — not retrying (admin disabled; v99.07 FIX-5)
2026-09-26 01:58:40 | INFO    | mediagrab          | _bot_heartbeat_loop:2756 | ACCOUNT_HEALTH live_clients=2 cluster_accounts=2 dead_sessions=0 unregistered=0 expected_cluster=2 total_files=2 — live_clients counts primary_global + registered cluster sessions; dead files need delete + re-login (SESSION_REMEDIATION); expected_cluster is accounts.json's registry size (v99.03 RC-10)
2026-09-26 01:58:40 | INFO    | mediagrab          | _bot_heartbeat_loop:2840 | BOT_HEARTBEAT pid=7 uptime=18255s rss_mb=166 threads=50 fd=341/1024 joined_transports=20 join_queue=0 active_joins=0 memory_limit_mb=4506 resource_headroom_mb=4340 FD_CENSUS total=341 soft=1024 sockets=324 pipes=2 files=12 anon=2 other=1 MEM_CENSUS rss_mb=166 threads=50 fd=341/1024 joined_transports=20 joins=_global:J=13/F=0 acc_918335829278:J=6/F=0 acc_919006065076:J=1/F=0 (v98.05 FIX-FF liveness; v98.06 FIX-OO uptime epoch domain; v99.02 FIX-3 FD_CENSUS; v99.10 FIX-D MEM_CENSUS; v99.11 P0-1 single-%s safe emission + resource fields)
2026-09-26 01:58:47 | INFO    | mediagrab          | _vc_handle_vc_command:28929 | COMMAND_RECEIVED path=telethon cmd=ban sender=7216271050 chat=-1001374492859
2026-09-26 01:59:01 | INFO    | mediagrab          | _vc_handle_vc_command:28929 | COMMAND_RECEIVED path=telethon cmd=tgid@kills_everybody sender=8828900551 chat=-1003794439741
2026-09-26 01:59:02 | DEBUG   | mediagrab          | _mtproto_health_loop:5800 | MTProto health check: OK
2026-09-26 01:59:02 | INFO    | mediagrab          | _mtproto_health_loop:5864 | MTPROTO_GENERATION_STATE active=0 retiring=0 retired=0 poisoned=0 generation_sessions=0 live_clients=3
2026-09-26 01:59:05 | INFO    | mediagrab          | _vc_handle_vc_command:28929 | COMMAND_RECEIVED path=telethon cmd=ban sender=7216271050 chat=-1001374492859
2026-09-26 01:59:07 | INFO    | mediagrab          | vc_collect_capability_evidence:8673 | VC_MULTI_CAPABILITY classification=MULTI_TRANSPORT resolved_count=13 tracked_targets=34 telegram_present=16 leave_target_specific=True confidence=high contradictions=0
2026-09-26 01:59:07 | DEBUG   | mediagrab          | vc_verify_target:8855 | VC_RECONCILE_CLIENT chat_id=-1001949746242 account_id=global source=global_backend_bound
2026-09-26 01:59:07 | INFO    | mediagrab          | resolve_vc_entity:11974 | VC_ENTITY_RESOLVE_START chat_ref=-1001949746242 chat_id=-1001949746242 access_hash=yes
2026-09-26 01:59:07 | INFO    | mediagrab          | resolve_vc_entity:12075 | VC_ENTITY_RESOLVE_CACHE_HIT chat_id=-1001949746242
2026-09-26 01:59:07 | INFO    | mediagrab          | resolve_vc_entity:12076 | VC_ENTITY_RESOLVE_SUCCESS chat_id=-1001949746242 source=cache
2026-09-26 01:59:07 | INFO    | mediagrab          | resolve_vc_entity:12431 | ENTITY_RESOLVE_RPC_COUNT chat_id=-1001949746242 scope=acc_918335829278 rpcs=0 failed_rpcs=0 outcome=RESOLVED_FROM_CACHE duration_ms=0.8 (v98.10 §22)
2026-09-26 01:59:07 | DEBUG   | mediagrab          | cache_entity_scoped:2355 | ENTITY_CACHE_SCOPED account=acc_918335829278 entity_id=1949746242 source=vc_discovery scope=acc_918335829278 (v99 RC-C scope-annotated)
2026-09-26 01:59:07 | INFO    | mediagrab          | vc_detect_active_call:3098 | VC_ENTITY_DISCOVERED entity_id=1949746242 access_hash=<2432…> type=Channel
2026-09-26 01:59:07 | DEBUG   | mediagrab          | vc_verify_target:8965 | VC_PARTICIPATION_REDETECT_OK chat_id=-1001949746242 account_id=global detect_scope=acc_918335829278 source=cache reresolved=0 (v98.07 FIX-QQ)
2026-09-26 01:59:08 | WARNING | mediagrab          | vc_check_telegram_participation:7700 | VC_PARTICIPATION_TARGETED_EMPTY_STREAK chat_id=-1001949746242 call_id=-8374096343459726500 my_id=8624009332 streak=1/3 (v98.02 FIX-L: single/double targeted-empty is UNKNOWN — NOT destructive; awaiting 3 consecutive for absent) — broad scan truncated at 0/2000, targeted EMPTY
2026-09-26 01:59:08 | INFO    | mediagrab          | vc_verify_target:9136 | VC_PARTICIPATION_VERIFY chat_id=-1001949746242 locally_tracked=False telegram=unknown
2026-09-26 01:59:08 | INFO    | mediagrab          | vc_verify_target:9155 | VC_VERIFY_UNKNOWN chat_id=-1001949746242 locally_tracked=False telegram=unknown — explicit verification state (v99.11 P1; never a leave)
2026-09-26 01:59:08 | INFO    | mediagrab          | vc_reconcile_participations:9560 | VC_PARTICIPATION_UNKNOWN chat_id=-1001949746242 — preserving unknown state
2026-09-26 01:59:08 | INFO    | mediagrab          | vc_reconcile_participations:9645 | VC_REGISTRY_UPDATE_CONFIRMED chat_id=-1001949746242 classification=UNKNOWN
2026-09-26 01:59:08 | DEBUG   | mediagrab          | vc_verify_target:8855 | VC_RECONCILE_CLIENT chat_id=1949746242 account_id=acc_918335829278 source=account:acc_918335829278
2026-09-26 01:59:08 | INFO    | mediagrab          | resolve_vc_entity:11974 | VC_ENTITY_RESOLVE_START chat_ref=-1001949746242 chat_id=-1001949746242 access_hash=yes
2026-09-26 01:59:08 | INFO    | mediagrab          | resolve_vc_entity:12075 | VC_ENTITY_RESOLVE_CACHE_HIT chat_id=-1001949746242
2026-09-26 01:59:08 | INFO    | mediagrab          | resolve_vc_entity:12076 | VC_ENTITY_RESOLVE_SUCCESS chat_id=-1001949746242 source=cache
2026-09-26 01:59:08 | INFO    | mediagrab          | resolve_vc_entity:12431 | ENTITY_RESOLVE_RPC_COUNT chat_id=-1001949746242 scope=acc_918335829278 rpcs=0 failed_rpcs=0 outcome=RESOLVED_FROM_CACHE duration_ms=0.1 (v98.10 §22)
2026-09-26 01:59:08 | DEBUG   | mediagrab          | cache_entity_scoped:2355 | ENTITY_CACHE_SCOPED account=acc_918335829278 entity_id=1949746242 source=vc_discovery scope=acc_918335829278 (v99 RC-C scope-annotated)
2026-09-26 01:59:08 | INFO    | mediagrab          | vc_detect_active_call:3098 | VC_ENTITY_DISCOVERED entity_id=1949746242 access_hash=<2432…> type=Channel
2026-09-26 01:59:08 | DEBUG   | mediagrab          | vc_verify_target:8965 | VC_PARTICIPATION_REDETECT_OK chat_id=1949746242 account_id=acc_918335829278 detect_scope=acc_918335829278 source=cache reresolved=0 (v98.07 FIX-QQ)
2026-09-26 01:59:08 | WARNING | mediagrab          | vc_check_telegram_participation:7700 | VC_PARTICIPATION_TARGETED_EMPTY_STREAK chat_id=1949746242 call_id=-8374096343459726500 my_id=8624009332 streak=1/3 (v98.02 FIX-L: single/double targeted-empty is UNKNOWN — NOT destructive; awaiting 3 consecutive for absent) — broad scan truncated at 0/2000, targeted EMPTY
2026-09-26 01:59:08 | INFO    | mediagrab          | vc_verify_target:9136 | VC_PARTICIPATION_VERIFY chat_id=1949746242 locally_tracked=False telegram=unknown
2026-09-26 01:59:08 | INFO    | mediagrab          | vc_verify_target:9155 | VC_VERIFY_UNKNOWN chat_id=1949746242 locally_tracked=False telegram=unknown — explicit verification state (v99.11 P1; never a leave)
2026-09-26 01:59:08 | INFO    | mediagrab          | vc_reconcile_participations:9560 | VC_PARTICIPATION_UNKNOWN chat_id=1949746242 — preserving unknown state
2026-09-26 01:59:08 | INFO    | mediagrab          | vc_reconcile_participations:9645 | VC_REGISTRY_UPDATE_CONFIRMED chat_id=1949746242 classification=UNKNOWN
2026-09-26 01:59:08 | DEBUG   | mediagrab          | vc_verify_target:8855 | VC_RECONCILE_CLIENT chat_id=-1003717806820 account_id=global source=global_backend_bound
2026-09-26 01:59:08 | INFO    | mediagrab          | resolve_vc_entity:11974 | VC_ENTITY_RESOLVE_START chat_ref=-1003717806820 chat_id=-1003717806820 access_hash=yes
2026-09-26 01:59:08 | INFO    | mediagrab          | resolve_vc_entity:12075 | VC_ENTITY_RESOLVE_CACHE_HIT chat_id=-1003717806820
2026-09-26 01:59:08 | INFO    | mediagrab          | resolve_vc_entity:12076 | VC_ENTITY_RESOLVE_SUCCESS chat_id=-1003717806820 source=cache
2026-09-26 01:59:08 | INFO    | mediagrab          | resolve_vc_entity:12431 | ENTITY_RESOLVE_RPC_COUNT chat_id=-1003717806820 scope=acc_918335829278 rpcs=0 failed_rpcs=0 outcome=RESOLVED_FROM_CACHE duration_ms=0.3 (v98.10 §22)
2026-09-26 01:59:09 | INFO    | mediagrab          | vc_verify_target:9080 | VC_PARTICIPATION_CALL_ENDED chat_id=-1003717806820 call_id=-6744486663601858671 — retiring stale call identity (v98.00 FIX-E Case C: vc_detect_active_call returned None — genuine absence)
2026-09-26 01:59:09 | INFO    | mediagrab          | vc_verify_target:9136 | VC_PARTICIPATION_VERIFY chat_id=-1003717806820 locally_tracked=False telegram=absent
2026-09-26 01:59:09 | INFO    | mediagrab          | vc_verify_target:9155 | VC_VERIFY_NOT_MEMBER chat_id=-1003717806820 locally_tracked=False telegram=absent — explicit verification state (v99.11 P1; never a leave)
2026-09-26 01:59:09 | INFO    | mediagrab          | vc_reconcile_participations:9542 | VC_PARTICIPATION_CONFIRMED_ABSENT chat_id=-1003717806820
2026-09-26 01:59:09 | INFO    | mediagrab          | _vc_cleanup_stale_backend_call:8029 | VC_BACKEND_STALE_CALL_CLEANUP_OWNER chat_id=-1003717806820 owner_account=(global) — using per-account backend for cleanup (v98.01 FIX-J: account-aware, prevents cross-account corruption)
2026-09-26 01:59:09 | INFO    | mediagrab          | vc_reconcile_participations:9645 | VC_REGISTRY_UPDATE_CONFIRMED chat_id=-1003717806820 classification=LEFT
2026-09-26 01:59:09 | DEBUG   | mediagrab          | vc_verify_target:8855 | VC_RECONCILE_CLIENT chat_id=3717806820 account_id=(none) source=primary_legacy
2026-09-26 01:59:09 | INFO    | mediagrab          | resolve_vc_entity:11974 | VC_ENTITY_RESOLVE_START chat_ref=-1003717806820 chat_id=-1003717806820 access_hash=yes
2026-09-26 01:59:09 | INFO    | mediagrab          | resolve_vc_entity:12075 | VC_ENTITY_RESOLVE_CACHE_HIT chat_id=-1003717806820
2026-09-26 01:59:09 | INFO    | mediagrab          | resolve_vc_entity:12076 | VC_ENTITY_RESOLVE_SUCCESS chat_id=-1003717806820 source=cache
2026-09-26 01:59:09 | INFO    | mediagrab          | resolve_vc_entity:12431 | ENTITY_RESOLVE_RPC_COUNT chat_id=-1003717806820 scope=acc_918335829278 rpcs=0 failed_rpcs=0 outcome=RESOLVED_FROM_CACHE duration_ms=0.5 (v98.10 §22)
2026-09-26 01:59:09 | INFO    | mediagrab          | vc_verify_target:9080 | VC_PARTICIPATION_CALL_ENDED chat_id=3717806820 call_id=-6744486663601858671 — retiring stale call identity (v98.00 FIX-E Case C: vc_detect_active_call returned None — genuine absence)
2026-09-26 01:59:09 | INFO    | mediagrab          | vc_verify_target:9136 | VC_PARTICIPATION_VERIFY chat_id=3717806820 locally_tracked=False telegram=absent
2026-09-26 01:59:09 | INFO    | mediagrab          | vc_verify_target:9155 | VC_VERIFY_NOT_MEMBER chat_id=3717806820 locally_tracked=False telegram=absent — explicit verification state (v99.11 P1; never a leave)
2026-09-26 01:59:09 | INFO    | mediagrab          | vc_reconcile_participations:9542 | VC_PARTICIPATION_CONFIRMED_ABSENT chat_id=3717806820
2026-09-26 01:59:09 | INFO    | mediagrab          | _vc_cleanup_stale_backend_call:8029 | VC_BACKEND_STALE_CALL_CLEANUP_OWNER chat_id=3717806820 owner_account=(global) — using per-account backend for cleanup (v98.01 FIX-J: account-aware, prevents cross-account corruption)
2026-09-26 01:59:09 | INFO    | mediagrab          | vc_reconcile_participations:9645 | VC_REGISTRY_UPDATE_CONFIRMED chat_id=3717806820 classification=LEFT
2026-09-26 01:59:09 | DEBUG   | mediagrab          | vc_verify_target:8855 | VC_RECONCILE_CLIENT chat_id=-1004493954490 account_id=global source=global_backend_bound
2026-09-26 01:59:09 | INFO    | mediagrab          | resolve_vc_entity:11974 | VC_ENTITY_RESOLVE_START chat_ref=-1004493954490 chat_id=-1004493954490 access_hash=yes
2026-09-26 01:59:09 | INFO    | mediagrab          | resolve_vc_entity:12075 | VC_ENTITY_RESOLVE_CACHE_HIT chat_id=-1004493954490
2026-09-26 01:59:09 | INFO    | mediagrab          | resolve_vc_entity:12076 | VC_ENTITY_RESOLVE_SUCCESS chat_id=-1004493954490 source=cache
2026-09-26 01:59:09 | INFO    | mediagrab          | resolve_vc_entity:12431 | ENTITY_RESOLVE_RPC_COUNT chat_id=-1004493954490 scope=acc_918335829278 rpcs=0 failed_rpcs=0 outcome=RESOLVED_FROM_CACHE duration_ms=0.1 (v98.10 §22)
2026-09-26 01:59:09 | DEBUG   | mediagrab          | cache_entity_scoped:2355 | ENTITY_CACHE_SCOPED account=acc_918335829278 entity_id=4493954490 source=vc_discovery scope=acc_918335829278 (v99 RC-C scope-annotated)
2026-09-26 01:59:09 | INFO    | mediagrab          | vc_detect_active_call:3098 | VC_ENTITY_DISCOVERED entity_id=4493954490 access_hash=<1521…> type=Channel
2026-09-26 01:59:09 | DEBUG   | mediagrab          | vc_verify_target:8965 | VC_PARTICIPATION_REDETECT_OK chat_id=-1004493954490 account_id=global detect_scope=acc_918335829278 source=cache reresolved=0 (v98.07 FIX-QQ)
2026-09-26 01:59:09 | INFO    | mediagrab          | vc_check_telegram_participation:7443 | VC_PARTICIPATION_PRESENT chat_id=-1004493954490 call_id=-854643486267583587 my_id=8624009332 pages=1 inspected=1 complete=yes server_count=None participant=[peer=PeerUser(8624009332) flags=is_self,muted,video_joined source=1809589421]
2026-09-26 01:59:09 | INFO    | mediagrab          | vc_verify_target:9136 | VC_PARTICIPATION_VERIFY chat_id=-1004493954490 locally_tracked=False telegram=present
2026-09-26 01:59:09 | INFO    | mediagrab          | vc_verify_target:9155 | VC_VERIFY_MEMBER chat_id=-1004493954490 locally_tracked=False telegram=present — explicit verification state (v99.11 P1; never a leave)
2026-09-26 01:59:09 | INFO    | mediagrab          | vc_reconcile_participations:9645 | VC_REGISTRY_UPDATE_CONFIRMED chat_id=-1004493954490 classification=PARTICIPATING_UNTRACKED
2026-09-26 01:59:09 | DEBUG   | mediagrab          | vc_verify_target:8855 | VC_RECONCILE_CLIENT chat_id=4493954490 account_id=(none) source=primary_legacy
2026-09-26 01:59:09 | INFO    | mediagrab          | resolve_vc_entity:11974 | VC_ENTITY_RESOLVE_START chat_ref=-1004493954490 chat_id=-1004493954490 access_hash=yes
2026-09-26 01:59:09 | INFO    | mediagrab          | resolve_vc_entity:12075 | VC_ENTITY_RESOLVE_CACHE_HIT chat_id=-1004493954490
2026-09-26 01:59:09 | INFO    | mediagrab          | resolve_vc_entity:12076 | VC_ENTITY_RESOLVE_SUCCESS chat_id=-1004493954490 source=cache
2026-09-26 01:59:09 | INFO    | mediagrab          | resolve_vc_entity:12431 | ENTITY_RESOLVE_RPC_COUNT chat_id=-1004493954490 scope=acc_918335829278 rpcs=0 failed_rpcs=0 outcome=RESOLVED_FROM_CACHE duration_ms=0.1 (v98.10 §22)
2026-09-26 01:59:10 | DEBUG   | mediagrab          | cache_entity_scoped:2355 | ENTITY_CACHE_SCOPED account=acc_918335829278 entity_id=4493954490 source=vc_discovery scope=acc_918335829278 (v99 RC-C scope-annotated)
2026-09-26 01:59:10 | INFO    | mediagrab          | vc_detect_active_call:3098 | VC_ENTITY_DISCOVERED entity_id=4493954490 access_hash=<1521…> type=Channel
2026-09-26 01:59:10 | DEBUG   | mediagrab          | vc_verify_target:8965 | VC_PARTICIPATION_REDETECT_OK chat_id=4493954490 account_id=(none) detect_scope=acc_918335829278 source=cache reresolved=0 (v98.07 FIX-QQ)
2026-09-26 01:59:10 | INFO    | mediagrab          | vc_check_telegram_participation:7443 | VC_PARTICIPATION_PRESENT chat_id=4493954490 call_id=-854643486267583587 my_id=8624009332 pages=1 inspected=1 complete=yes server_count=None participant=[peer=PeerUser(8624009332) flags=is_self,muted,video_joined source=1809589421]
2026-09-26 01:59:10 | INFO    | mediagrab          | vc_verify_target:9136 | VC_PARTICIPATION_VERIFY chat_id=4493954490 locally_tracked=False telegram=present
2026-09-26 01:59:10 | INFO    | mediagrab          | vc_verify_target:9155 | VC_VERIFY_MEMBER chat_id=4493954490 locally_tracked=False telegram=present — explicit verification state (v99.11 P1; never a leave)
2026-09-26 01:59:10 | INFO    | mediagrab          | vc_reconcile_participations:9645 | VC_REGISTRY_UPDATE_CONFIRMED chat_id=4493954490 classification=PARTICIPATING_UNTRACKED
2026-09-26 01:59:10 | DEBUG   | mediagrab          | vc_verify_target:8855 | VC_RECONCILE_CLIENT chat_id=-1001741660162 account_id=global source=global_backend_bound
2026-09-26 01:59:10 | INFO    | mediagrab          | resolve_vc_entity:11974 | VC_ENTITY_RESOLVE_START chat_ref=-1001741660162 chat_id=-1001741660162 access_hash=yes
2026-09-26 01:59:10 | INFO    | mediagrab          | resolve_vc_entity:12075 | VC_ENTITY_RESOLVE_CACHE_HIT chat_id=-1001741660162
2026-09-26 01:59:10 | INFO    | mediagrab          | resolve_vc_entity:12076 | VC_ENTITY_RESOLVE_SUCCESS chat_id=-1001741660162 source=cache
2026-09-26 01:59:10 | INFO    | mediagrab          | resolve_vc_entity:12431 | ENTITY_RESOLVE_RPC_COUNT chat_id=-1001741660162 scope=acc_918335829278 rpcs=0 failed_rpcs=0 outcome=RESOLVED_FROM_CACHE duration_ms=0.2 (v98.10 §22)
2026-09-26 01:59:10 | DEBUG   | mediagrab          | cache_entity_scoped:2355 | ENTITY_CACHE_SCOPED account=acc_918335829278 entity_id=1741660162 source=vc_discovery scope=acc_918335829278 (v99 RC-C scope-annotated)
2026-09-26 01:59:10 | INFO    | mediagrab          | vc_detect_active_call:3098 | VC_ENTITY_DISCOVERED entity_id=1741660162 access_hash=<-409…> type=Channel
2026-09-26 01:59:10 | DEBUG   | mediagrab          | vc_verify_target:8965 | VC_PARTICIPATION_REDETECT_OK chat_id=-1001741660162 account_id=global detect_scope=acc_918335829278 source=cache reresolved=0 (v98.07 FIX-QQ)
2026-09-26 01:59:10 | INFO    | mediagrab          | vc_check_telegram_participation:7443 | VC_PARTICIPATION_PRESENT chat_id=-1001741660162 call_id=-7480373434596124204 my_id=8624009332 pages=1 inspected=1 complete=yes server_count=None participant=[peer=PeerUser(8624009332) flags=is_self,muted,video_joined source=1709522862]
2026-09-26 01:59:10 | INFO    | mediagrab          | vc_verify_target:9136 | VC_PARTICIPATION_VERIFY chat_id=-1001741660162 locally_tracked=False telegram=present
2026-09-26 01:59:10 | INFO    | mediagrab          | vc_verify_target:9155 | VC_VERIFY_MEMBER chat_id=-1001741660162 locally_tracked=False telegram=present — explicit verification state (v99.11 P1; never a leave)
2026-09-26 01:59:10 | INFO    | mediagrab          | vc_reconcile_participations:9645 | VC_REGISTRY_UPDATE_CONFIRMED chat_id=-1001741660162 classification=PARTICIPATING_UNTRACKED
2026-09-26 01:59:10 | DEBUG   | mediagrab          | vc_verify_target:8855 | VC_RECONCILE_CLIENT chat_id=1741660162 account_id=(none) source=primary_legacy
2026-09-26 01:59:10 | INFO    | mediagrab          | resolve_vc_entity:11974 | VC_ENTITY_RESOLVE_START chat_ref=-1001741660162 chat_id=-1001741660162 access_hash=yes
2026-09-26 01:59:10 | INFO    | mediagrab          | resolve_vc_entity:12075 | VC_ENTITY_RESOLVE_CACHE_HIT chat_id=-1001741660162
2026-09-26 01:59:10 | INFO    | mediagrab          | resolve_vc_entity:12076 | VC_ENTITY_RESOLVE_SUCCESS chat_id=-1001741660162 source=cache
2026-09-26 01:59:10 | INFO    | mediagrab          | resolve_vc_entity:12431 | ENTITY_RESOLVE_RPC_COUNT chat_id=-1001741660162 scope=acc_918335829278 rpcs=0 failed_rpcs=0 outcome=RESOLVED_FROM_CACHE duration_ms=0.1 (v98.10 §22)
2026-09-26 01:59:11 | DEBUG   | mediagrab          | cache_entity_scoped:2355 | ENTITY_CACHE_SCOPED account=acc_918335829278 entity_id=1741660162 source=vc_discovery scope=acc_918335829278 (v99 RC-C scope-annotated)
2026-09-26 01:59:11 | INFO    | mediagrab          | vc_detect_active_call:3098 | VC_ENTITY_DISCOVERED entity_id=1741660162 access_hash=<-409…> type=Channel
2026-09-26 01:59:11 | DEBUG   | mediagrab          | vc_verify_target:8965 | VC_PARTICIPATION_REDETECT_OK chat_id=1741660162 account_id=(none) detect_scope=acc_918335829278 source=cache reresolved=0 (v98.07 FIX-QQ)
2026-09-26 01:59:11 | INFO    | mediagrab          | vc_check_telegram_participation:7443 | VC_PARTICIPATION_PRESENT chat_id=1741660162 call_id=-7480373434596124204 my_id=8624009332 pages=1 inspected=1 complete=yes server_count=None participant=[peer=PeerUser(8624009332) flags=is_self,muted,video_joined source=1709522862]
2026-09-26 01:59:11 | INFO    | mediagrab          | vc_verify_target:9136 | VC_PARTICIPATION_VERIFY chat_id=1741660162 locally_tracked=False telegram=present
2026-09-26 01:59:11 | INFO    | mediagrab          | vc_verify_target:9155 | VC_VERIFY_MEMBER chat_id=1741660162 locally_tracked=False telegram=present — explicit verification state (v99.11 P1; never a leave)
2026-09-26 01:59:11 | INFO    | mediagrab          | vc_reconcile_participations:9645 | VC_REGISTRY_UPDATE_CONFIRMED chat_id=1741660162 classification=PARTICIPATING_UNTRACKED
2026-09-26 01:59:11 | DEBUG   | mediagrab          | vc_verify_target:8855 | VC_RECONCILE_CLIENT chat_id=-1003957856246 account_id=global source=global_backend_bound
2026-09-26 01:59:11 | INFO    | mediagrab          | resolve_vc_entity:11974 | VC_ENTITY_RESOLVE_START chat_ref=-1003957856246 chat_id=-1003957856246 access_hash=yes
2026-09-26 01:59:11 | INFO    | mediagrab          | resolve_vc_entity:12075 | VC_ENTITY_RESOLVE_CACHE_HIT chat_id=-1003957856246
2026-09-26 01:59:11 | INFO    | mediagrab          | resolve_vc_entity:12076 | VC_ENTITY_RESOLVE_SUCCESS chat_id=-1003957856246 source=cache
2026-09-26 01:59:11 | INFO    | mediagrab          | resolve_vc_entity:12431 | ENTITY_RESOLVE_RPC_COUNT chat_id=-1003957856246 scope=acc_918335829278 rpcs=0 failed_rpcs=0 outcome=RESOLVED_FROM_CACHE duration_ms=0.1 (v98.10 §22)
2026-09-26 01:59:11 | DEBUG   | mediagrab          | cache_entity_scoped:2355 | ENTITY_CACHE_SCOPED account=acc_918335829278 entity_id=3957856246 source=vc_discovery scope=acc_918335829278 (v99 RC-C scope-annotated)
2026-09-26 01:59:11 | INFO    | mediagrab          | vc_detect_active_call:3098 | VC_ENTITY_DISCOVERED entity_id=3957856246 access_hash=<-733…> type=Channel
2026-09-26 01:59:11 | DEBUG   | mediagrab          | vc_verify_target:8965 | VC_PARTICIPATION_REDETECT_OK chat_id=-1003957856246 account_id=global detect_scope=acc_918335829278 source=cache reresolved=0 (v98.07 FIX-QQ)
2026-09-26 01:59:11 | INFO    | mediagrab          | vc_check_telegram_participation:7443 | VC_PARTICIPATION_PRESENT chat_id=-1003957856246 call_id=-7775491097696072747 my_id=8624009332 pages=1 inspected=1 complete=yes server_count=None participant=[peer=PeerUser(8624009332) flags=is_self,muted,video_joined source=1207408936]
2026-09-26 01:59:11 | INFO    | mediagrab          | vc_verify_target:9136 | VC_PARTICIPATION_VERIFY chat_id=-1003957856246 locally_tracked=False telegram=present
2026-09-26 01:59:11 | INFO    | mediagrab          | vc_verify_target:9155 | VC_VERIFY_MEMBER chat_id=-1003957856246 locally_tracked=False telegram=present — explicit verification state (v99.11 P1; never a leave)
2026-09-26 01:59:11 | INFO    | mediagrab          | vc_reconcile_participations:9645 | VC_REGISTRY_UPDATE_CONFIRMED chat_id=-1003957856246 classification=PARTICIPATING_UNTRACKED
2026-09-26 01:59:11 | DEBUG   | mediagrab          | vc_verify_target:8855 | VC_RECONCILE_CLIENT chat_id=3957856246 account_id=(none) source=primary_legacy
2026-09-26 01:59:11 | INFO    | mediagrab          | resolve_vc_entity:11974 | VC_ENTITY_RESOLVE_START chat_ref=-1003957856246 chat_id=-1003957856246 access_hash=yes
2026-09-26 01:59:11 | INFO    | mediagrab          | resolve_vc_entity:12075 | VC_ENTITY_RESOLVE_CACHE_HIT chat_id=-1003957856246
2026-09-26 01:59:11 | INFO    | mediagrab          | resolve_vc_entity:12076 | VC_ENTITY_RESOLVE_SUCCESS chat_id=-1003957856246 source=cache
2026-09-26 01:59:11 | INFO    | mediagrab          | resolve_vc_entity:12431 | ENTITY_RESOLVE_RPC_COUNT chat_id=-1003957856246 scope=acc_918335829278 rpcs=0 failed_rpcs=0 outcome=RESOLVED_FROM_CACHE duration_ms=0.7 (v98.10 §22)
2026-09-26 01:59:12 | DEBUG   | mediagrab          | cache_entity_scoped:2355 | ENTITY_CACHE_SCOPED account=acc_918335829278 entity_id=3957856246 source=vc_discovery scope=acc_918335829278 (v99 RC-C scope-annotated)
2026-09-26 01:59:12 | INFO    | mediagrab          | vc_detect_active_call:3098 | VC_ENTITY_DISCOVERED entity_id=3957856246 access_hash=<-733…> type=Channel
2026-09-26 01:59:12 | DEBUG   | mediagrab          | vc_verify_target:8965 | VC_PARTICIPATION_REDETECT_OK chat_id=3957856246 account_id=(none) detect_scope=acc_918335829278 source=cache reresolved=0 (v98.07 FIX-QQ)
2026-09-26 01:59:12 | INFO    | mediagrab          | vc_check_telegram_participation:7443 | VC_PARTICIPATION_PRESENT chat_id=3957856246 call_id=-7775491097696072747 my_id=8624009332 pages=1 inspected=1 complete=yes server_count=None participant=[peer=PeerUser(8624009332) flags=is_self,muted,video_joined source=1207408936]
2026-09-26 01:59:12 | INFO    | mediagrab          | vc_verify_target:9136 | VC_PARTICIPATION_VERIFY chat_id=3957856246 locally_tracked=False telegram=present
2026-09-26 01:59:12 | INFO    | mediagrab          | vc_verify_target:9155 | VC_VERIFY_MEMBER chat_id=3957856246 locally_tracked=False telegram=present — explicit verification state (v99.11 P1; never a leave)
2026-09-26 01:59:12 | INFO    | mediagrab          | vc_reconcile_participations:9645 | VC_REGISTRY_UPDATE_CONFIRMED chat_id=3957856246 classification=PARTICIPATING_UNTRACKED
2026-09-26 01:59:12 | DEBUG   | mediagrab          | vc_verify_target:8730 | VC_RECONCILE_SKIP_COOLDOWN chat_id=-1003961210499 remaining=1162s — recently confirmed dead
2026-09-26 01:59:12 | INFO    | mediagrab          | vc_reconcile_participations:9645 | VC_REGISTRY_UPDATE_CONFIRMED chat_id=-1003961210499 classification=UNKNOWN
2026-09-26 01:59:12 | DEBUG   | mediagrab          | vc_verify_target:8730 | VC_RECONCILE_SKIP_COOLDOWN chat_id=3961210499 remaining=1163s — recently confirmed dead
2026-09-26 01:59:12 | INFO    | mediagrab          | vc_reconcile_participations:9645 | VC_REGISTRY_UPDATE_CONFIRMED chat_id=3961210499 classification=UNKNOWN
2026-09-26 01:59:12 | DEBUG   | mediagrab          | vc_verify_target:8855 | VC_RECONCILE_CLIENT chat_id=-1002144563093 account_id=acc_919006065076 source=account:acc_919006065076
2026-09-26 01:59:12 | INFO    | mediagrab          | resolve_vc_entity:11974 | VC_ENTITY_RESOLVE_START chat_ref=-1002144563093 chat_id=-1002144563093 access_hash=yes
2026-09-26 01:59:12 | INFO    | mediagrab          | resolve_vc_entity:12075 | VC_ENTITY_RESOLVE_CACHE_HIT chat_id=-1002144563093
2026-09-26 01:59:12 | INFO    | mediagrab          | resolve_vc_entity:12076 | VC_ENTITY_RESOLVE_SUCCESS chat_id=-1002144563093 source=cache
2026-09-26 01:59:12 | INFO    | mediagrab          | resolve_vc_entity:12431 | ENTITY_RESOLVE_RPC_COUNT chat_id=-1002144563093 scope=acc_919006065076 rpcs=0 failed_rpcs=0 outcome=RESOLVED_FROM_CACHE duration_ms=0.1 (v98.10 §22)
2026-09-26 01:59:12 | DEBUG   | mediagrab          | cache_entity_scoped:2355 | ENTITY_CACHE_SCOPED account=acc_919006065076 entity_id=2144563093 source=vc_discovery scope=acc_919006065076 (v99 RC-C scope-annotated)
2026-09-26 01:59:12 | INFO    | mediagrab          | vc_detect_active_call:3098 | VC_ENTITY_DISCOVERED entity_id=2144563093 access_hash=<-106…> type=Channel
2026-09-26 01:59:12 | DEBUG   | mediagrab          | vc_verify_target:8965 | VC_PARTICIPATION_REDETECT_OK chat_id=-1002144563093 account_id=acc_919006065076 detect_scope=acc_919006065076 source=cache reresolved=0 (v98.07 FIX-QQ)
2026-09-26 01:59:13 | WARNING | mediagrab          | vc_check_telegram_participation:7700 | VC_PARTICIPATION_TARGETED_EMPTY_STREAK chat_id=-1002144563093 call_id=-9210828346574712743 my_id=8699582859 streak=1/3 (v98.02 FIX-L: single/double targeted-empty is UNKNOWN — NOT destructive; awaiting 3 consecutive for absent) — broad scan truncated at 0/2000, targeted EMPTY
2026-09-26 01:59:13 | INFO    | mediagrab          | vc_verify_target:9136 | VC_PARTICIPATION_VERIFY chat_id=-1002144563093 locally_tracked=False telegram=unknown
2026-09-26 01:59:13 | INFO    | mediagrab          | vc_verify_target:9155 | VC_VERIFY_UNKNOWN chat_id=-1002144563093 locally_tracked=False telegram=unknown — explicit verification state (v99.11 P1; never a leave)
2026-09-26 01:59:13 | INFO    | mediagrab          | vc_reconcile_participations:9560 | VC_PARTICIPATION_UNKNOWN chat_id=-1002144563093 — preserving unknown state
2026-09-26 01:59:13 | INFO    | mediagrab          | vc_reconcile_participations:9645 | VC_REGISTRY_UPDATE_CONFIRMED chat_id=-1002144563093 classification=UNKNOWN
2026-09-26 01:59:13 | DEBUG   | mediagrab          | vc_verify_target:8855 | VC_RECONCILE_CLIENT chat_id=2144563093 account_id=acc_919006065076 source=account:acc_919006065076
2026-09-26 01:59:13 | INFO    | mediagrab          | resolve_vc_entity:11974 | VC_ENTITY_RESOLVE_START chat_ref=-1002144563093 chat_id=-1002144563093 access_hash=yes
2026-09-26 01:59:13 | INFO    | mediagrab          | resolve_vc_entity:12075 | VC_ENTITY_RESOLVE_CACHE_HIT chat_id=-1002144563093
2026-09-26 01:59:13 | INFO    | mediagrab          | resolve_vc_entity:12076 | VC_ENTITY_RESOLVE_SUCCESS chat_id=-1002144563093 source=cache
2026-09-26 01:59:13 | INFO    | mediagrab          | resolve_vc_entity:12431 | ENTITY_RESOLVE_RPC_COUNT chat_id=-1002144563093 scope=acc_919006065076 rpcs=0 failed_rpcs=0 outcome=RESOLVED_FROM_CACHE duration_ms=0.2 (v98.10 §22)
2026-09-26 01:59:13 | DEBUG   | mediagrab          | cache_entity_scoped:2355 | ENTITY_CACHE_SCOPED account=acc_919006065076 entity_id=2144563093 source=vc_discovery scope=acc_919006065076 (v99 RC-C scope-annotated)
2026-09-26 01:59:13 | INFO    | mediagrab          | vc_detect_active_call:3098 | VC_ENTITY_DISCOVERED entity_id=2144563093 access_hash=<-106…> type=Channel
2026-09-26 01:59:13 | DEBUG   | mediagrab          | vc_verify_target:8965 | VC_PARTICIPATION_REDETECT_OK chat_id=2144563093 account_id=acc_919006065076 detect_scope=acc_919006065076 source=cache reresolved=0 (v98.07 FIX-QQ)
2026-09-26 01:59:13 | WARNING | mediagrab          | vc_check_telegram_participation:7700 | VC_PARTICIPATION_TARGETED_EMPTY_STREAK chat_id=2144563093 call_id=-9210828346574712743 my_id=8699582859 streak=1/3 (v98.02 FIX-L: single/double targeted-empty is UNKNOWN — NOT destructive; awaiting 3 consecutive for absent) — broad scan truncated at 0/2000, targeted EMPTY
2026-09-26 01:59:13 | INFO    | mediagrab          | vc_verify_target:9136 | VC_PARTICIPATION_VERIFY chat_id=2144563093 locally_tracked=False telegram=unknown
2026-09-26 01:59:13 | INFO    | mediagrab          | vc_verify_target:9155 | VC_VERIFY_UNKNOWN chat_id=2144563093 locally_tracked=False telegram=unknown — explicit verification state (v99.11 P1; never a leave)
2026-09-26 01:59:13 | INFO    | mediagrab          | vc_reconcile_participations:9560 | VC_PARTICIPATION_UNKNOWN chat_id=2144563093 — preserving unknown state
2026-09-26 01:59:13 | INFO    | mediagrab          | vc_reconcile_participations:9645 | VC_REGISTRY_UPDATE_CONFIRMED chat_id=2144563093 classification=UNKNOWN
2026-09-26 01:59:13 | DEBUG   | mediagrab          | vc_verify_target:8855 | VC_RECONCILE_CLIENT chat_id=-1003875970076 account_id=global source=global_backend_bound
2026-09-26 01:59:13 | INFO    | mediagrab          | resolve_vc_entity:11974 | VC_ENTITY_RESOLVE_START chat_ref=-1003875970076 chat_id=-1003875970076 access_hash=yes
2026-09-26 01:59:13 | INFO    | mediagrab          | resolve_vc_entity:12075 | VC_ENTITY_RESOLVE_CACHE_HIT chat_id=-1003875970076
2026-09-26 01:59:13 | INFO    | mediagrab          | resolve_vc_entity:12076 | VC_ENTITY_RESOLVE_SUCCESS chat_id=-1003875970076 source=cache
2026-09-26 01:59:13 | INFO    | mediagrab          | resolve_vc_entity:12431 | ENTITY_RESOLVE_RPC_COUNT chat_id=-1003875970076 scope=acc_918335829278 rpcs=0 failed_rpcs=0 outcome=RESOLVED_FROM_CACHE duration_ms=0.2 (v98.10 §22)
2026-09-26 01:59:14 | DEBUG   | mediagrab          | cache_entity_scoped:2355 | ENTITY_CACHE_SCOPED account=acc_918335829278 entity_id=3875970076 source=vc_discovery scope=acc_918335829278 (v99 RC-C scope-annotated)
2026-09-26 01:59:14 | INFO    | mediagrab          | vc_detect_active_call:3098 | VC_ENTITY_DISCOVERED entity_id=3875970076 access_hash=<-994…> type=Channel
2026-09-26 01:59:14 | DEBUG   | mediagrab          | vc_verify_target:8965 | VC_PARTICIPATION_REDETECT_OK chat_id=-1003875970076 account_id=global detect_scope=acc_918335829278 source=cache reresolved=0 (v98.07 FIX-QQ)
2026-09-26 01:59:14 | INFO    | mediagrab          | vc_check_telegram_participation:7443 | VC_PARTICIPATION_PRESENT chat_id=-1003875970076 call_id=-7423792675553208312 my_id=8624009332 pages=1 inspected=1 complete=yes server_count=None participant=[peer=PeerUser(8624009332) flags=is_self,muted,video_joined source=380782009]
2026-09-26 01:59:14 | INFO    | mediagrab          | vc_verify_target:9136 | VC_PARTICIPATION_VERIFY chat_id=-1003875970076 locally_tracked=False telegram=present
2026-09-26 01:59:14 | INFO    | mediagrab          | vc_verify_target:9155 | VC_VERIFY_MEMBER chat_id=-1003875970076 locally_tracked=False telegram=present — explicit verification state (v99.11 P1; never a leave)
2026-09-26 01:59:14 | INFO    | mediagrab          | vc_reconcile_participations:9645 | VC_REGISTRY_UPDATE_CONFIRMED chat_id=-1003875970076 classification=PARTICIPATING_UNTRACKED
2026-09-26 01:59:14 | DEBUG   | mediagrab          | vc_verify_target:8855 | VC_RECONCILE_CLIENT chat_id=3875970076 account_id=acc_919006065076 source=account:acc_919006065076
2026-09-26 01:59:14 | INFO    | mediagrab          | resolve_vc_entity:11974 | VC_ENTITY_RESOLVE_START chat_ref=-1003875970076 chat_id=-1003875970076 access_hash=yes
2026-09-26 01:59:14 | WARNING | mediagrab          | resolve_vc_entity:12062 | VC_HASH_SCOPE_MISMATCH chat_id=-1003875970076 entry_scope=acc_918335829278 consumer_scope=acc_919006065076 — skipping cache hit, re-resolving for this client (v98.07 FIX-QQ)
2026-09-26 01:59:14 | INFO    | mediagrab          | _v9810_scope_route:11809 | ENTITY_RESOLVE_ACCOUNT_SWITCH chat_id=-1003875970076 from_scope=acc_919006065076 to_account=acc_918335829278 reason=known_good_scope verified_at=1s ago (v98.10 §15 Step 0c — targeted routing, not a blind rotation)
2026-09-26 01:59:14 | INFO    | mediagrab          | _v9810_scope_route:11837 | ENTITY_RESOLVE_CACHE_HIT chat_id=-1003875970076 scope=acc_918335829278 source=scope_state age=1s (v98.10 §15 Step 0c — fresh known-good object, 0 RPCs)
2026-09-26 01:59:14 | INFO    | mediagrab          | resolve_vc_entity:12431 | ENTITY_RESOLVE_RPC_COUNT chat_id=-1003875970076 scope=acc_919006065076 rpcs=0 failed_rpcs=0 outcome=RESOLVED_VIA_ROTATION duration_ms=0.2 (v98.10 §22)
2026-09-26 01:59:14 | DEBUG   | mediagrab          | cache_entity_scoped:2355 | ENTITY_CACHE_SCOPED account=acc_918335829278 entity_id=3875970076 source=vc_discovery scope=acc_918335829278 (v99 RC-C scope-annotated)
2026-09-26 01:59:14 | INFO    | mediagrab          | vc_detect_active_call:3098 | VC_ENTITY_DISCOVERED entity_id=3875970076 access_hash=<-994…> type=Channel
2026-09-26 01:59:14 | DEBUG   | mediagrab          | vc_verify_target:8965 | VC_PARTICIPATION_REDETECT_OK chat_id=3875970076 account_id=acc_919006065076 detect_scope=acc_918335829278 source=account_rotation:acc_918335829278 reresolved=0 (v98.07 FIX-QQ)
2026-09-26 01:59:14 | INFO    | mediagrab          | vc_check_telegram_participation:7356 | VC_PARTICIPATION_STALE_CALL chat_id=3875970076 call_id=-7423792675553208312 exc=GroupcallInvalidError — the queried (id, access_hash) pair is NOT a live call: STALE CALL IDENTITY, returning unknown (NOT absent; the pipeline re-detects the current pair and re-verifies) (v99.05 RC-F4)
2026-09-26 01:59:14 | INFO    | mediagrab          | vc_check_telegram_participation:7370 | VC_VERIFY_STALE_IDENTITY chat_id=3875970076 call_id=-7423792675553208312 — detect stale identity → re-resolve current pair → verify → atomically update cache; existing healthy transport PRESERVED (never a leave; v99.11 P1)
2026-09-26 01:59:14 | INFO    | mediagrab          | vc_verify_target:9136 | VC_PARTICIPATION_VERIFY chat_id=3875970076 locally_tracked=False telegram=unknown
2026-09-26 01:59:14 | INFO    | mediagrab          | vc_verify_target:9155 | VC_VERIFY_UNKNOWN chat_id=3875970076 locally_tracked=False telegram=unknown — explicit verification state (v99.11 P1; never a leave)
2026-09-26 01:59:14 | INFO    | mediagrab          | vc_reconcile_participations:9560 | VC_PARTICIPATION_UNKNOWN chat_id=3875970076 — preserving unknown state
2026-09-26 01:59:14 | INFO    | mediagrab          | vc_reconcile_participations:9645 | VC_REGISTRY_UPDATE_CONFIRMED chat_id=3875970076 classification=UNKNOWN
2026-09-26 01:59:14 | DEBUG   | mediagrab          | vc_verify_target:8855 | VC_RECONCILE_CLIENT chat_id=-1004366077086 account_id=global source=global_backend_bound
2026-09-26 01:59:14 | INFO    | mediagrab          | resolve_vc_entity:11974 | VC_ENTITY_RESOLVE_START chat_ref=-1004366077086 chat_id=-1004366077086 access_hash=yes
2026-09-26 01:59:14 | INFO    | mediagrab          | resolve_vc_entity:12075 | VC_ENTITY_RESOLVE_CACHE_HIT chat_id=-1004366077086
2026-09-26 01:59:14 | INFO    | mediagrab          | resolve_vc_entity:12076 | VC_ENTITY_RESOLVE_SUCCESS chat_id=-1004366077086 source=cache
2026-09-26 01:59:14 | INFO    | mediagrab          | resolve_vc_entity:12431 | ENTITY_RESOLVE_RPC_COUNT chat_id=-1004366077086 scope=acc_918335829278 rpcs=0 failed_rpcs=0 outcome=RESOLVED_FROM_CACHE duration_ms=0.1 (v98.10 §22)
2026-09-26 01:59:15 | DEBUG   | mediagrab          | cache_entity_scoped:2355 | ENTITY_CACHE_SCOPED account=acc_918335829278 entity_id=4366077086 source=vc_discovery scope=acc_918335829278 (v99 RC-C scope-annotated)
2026-09-26 01:59:15 | INFO    | mediagrab          | vc_detect_active_call:3098 | VC_ENTITY_DISCOVERED entity_id=4366077086 access_hash=<-334…> type=Channel
2026-09-26 01:59:15 | DEBUG   | mediagrab          | vc_verify_target:8965 | VC_PARTICIPATION_REDETECT_OK chat_id=-1004366077086 account_id=global detect_scope=acc_918335829278 source=cache reresolved=0 (v98.07 FIX-QQ)
2026-09-26 01:59:15 | WARNING | mediagrab          | vc_check_telegram_participation:7700 | VC_PARTICIPATION_TARGETED_EMPTY_STREAK chat_id=-1004366077086 call_id=-305414218191178015 my_id=8624009332 streak=1/3 (v98.02 FIX-L: single/double targeted-empty is UNKNOWN — NOT destructive; awaiting 3 consecutive for absent) — broad scan truncated at 0/2000, targeted EMPTY
2026-09-26 01:59:15 | INFO    | mediagrab          | vc_verify_target:9136 | VC_PARTICIPATION_VERIFY chat_id=-1004366077086 locally_tracked=False telegram=unknown
2026-09-26 01:59:15 | INFO    | mediagrab          | vc_verify_target:9155 | VC_VERIFY_UNKNOWN chat_id=-1004366077086 locally_tracked=False telegram=unknown — explicit verification state (v99.11 P1; never a leave)
2026-09-26 01:59:15 | INFO    | mediagrab          | vc_reconcile_participations:9560 | VC_PARTICIPATION_UNKNOWN chat_id=-1004366077086 — preserving unknown state
2026-09-26 01:59:15 | INFO    | mediagrab          | vc_reconcile_participations:9645 | VC_REGISTRY_UPDATE_CONFIRMED chat_id=-1004366077086 classification=UNKNOWN
2026-09-26 01:59:15 | DEBUG   | mediagrab          | vc_verify_target:8855 | VC_RECONCILE_CLIENT chat_id=4366077086 account_id=acc_919006065076 source=account:acc_919006065076
2026-09-26 01:59:15 | INFO    | mediagrab          | resolve_vc_entity:11974 | VC_ENTITY_RESOLVE_START chat_ref=-1004366077086 chat_id=-1004366077086 access_hash=yes
2026-09-26 01:59:15 | WARNING | mediagrab          | resolve_vc_entity:12062 | VC_HASH_SCOPE_MISMATCH chat_id=-1004366077086 entry_scope=acc_918335829278 consumer_scope=acc_919006065076 — skipping cache hit, re-resolving for this client (v98.07 FIX-QQ)
2026-09-26 01:59:15 | INFO    | mediagrab          | _v9810_scope_route:11809 | ENTITY_RESOLVE_ACCOUNT_SWITCH chat_id=-1004366077086 from_scope=acc_919006065076 to_account=acc_918335829278 reason=known_good_scope verified_at=1s ago (v98.10 §15 Step 0c — targeted routing, not a blind rotation)
2026-09-26 01:59:15 | INFO    | mediagrab          | _v9810_scope_route:11837 | ENTITY_RESOLVE_CACHE_HIT chat_id=-1004366077086 scope=acc_918335829278 source=scope_state age=1s (v98.10 §15 Step 0c — fresh known-good object, 0 RPCs)
2026-09-26 01:59:15 | INFO    | mediagrab          | resolve_vc_entity:12431 | ENTITY_RESOLVE_RPC_COUNT chat_id=-1004366077086 scope=acc_919006065076 rpcs=0 failed_rpcs=0 outcome=RESOLVED_VIA_ROTATION duration_ms=0.2 (v98.10 §22)
2026-09-26 01:59:15 | DEBUG   | mediagrab          | cache_entity_scoped:2355 | ENTITY_CACHE_SCOPED account=acc_918335829278 entity_id=4366077086 source=vc_discovery scope=acc_918335829278 (v99 RC-C scope-annotated)
2026-09-26 01:59:15 | INFO    | mediagrab          | vc_detect_active_call:3098 | VC_ENTITY_DISCOVERED entity_id=4366077086 access_hash=<-334…> type=Channel
2026-09-26 01:59:15 | DEBUG   | mediagrab          | vc_verify_target:8965 | VC_PARTICIPATION_REDETECT_OK chat_id=4366077086 account_id=acc_919006065076 detect_scope=acc_918335829278 source=account_rotation:acc_918335829278 reresolved=0 (v98.07 FIX-QQ)
2026-09-26 01:59:16 | INFO    | mediagrab          | vc_check_telegram_participation:7356 | VC_PARTICIPATION_STALE_CALL chat_id=4366077086 call_id=-305414218191178015 exc=GroupcallInvalidError — the queried (id, access_hash) pair is NOT a live call: STALE CALL IDENTITY, returning unknown (NOT absent; the pipeline re-detects the current pair and re-verifies) (v99.05 RC-F4)
2026-09-26 01:59:16 | INFO    | mediagrab          | vc_check_telegram_participation:7370 | VC_VERIFY_STALE_IDENTITY chat_id=4366077086 call_id=-305414218191178015 — detect stale identity → re-resolve current pair → verify → atomically update cache; existing healthy transport PRESERVED (never a leave; v99.11 P1)
2026-09-26 01:59:16 | INFO    | mediagrab          | vc_verify_target:9136 | VC_PARTICIPATION_VERIFY chat_id=4366077086 locally_tracked=False telegram=unknown
2026-09-26 01:59:16 | INFO    | mediagrab          | vc_verify_target:9155 | VC_VERIFY_UNKNOWN chat_id=4366077086 locally_tracked=False telegram=unknown — explicit verification state (v99.11 P1; never a leave)
2026-09-26 01:59:16 | INFO    | mediagrab          | vc_reconcile_participations:9529 | VC_RECONCILE_DEFERRED_UNKNOWN chat_id=4366077086 — preserving joined state (backend evidence)
2026-09-26 01:59:16 | INFO    | mediagrab          | vc_reconcile_participations:9645 | VC_REGISTRY_UPDATE_CONFIRMED chat_id=4366077086 classification=LOCALLY_TRACKED_UNCONFIRMED
2026-09-26 01:59:16 | DEBUG   | mediagrab          | vc_verify_target:8855 | VC_RECONCILE_CLIENT chat_id=-1002592942176 account_id=global source=global_backend_bound
2026-09-26 01:59:16 | INFO    | mediagrab          | resolve_vc_entity:11974 | VC_ENTITY_RESOLVE_START chat_ref=-1002592942176 chat_id=-1002592942176 access_hash=yes
2026-09-26 01:59:16 | INFO    | mediagrab          | resolve_vc_entity:12075 | VC_ENTITY_RESOLVE_CACHE_HIT chat_id=-1002592942176
2026-09-26 01:59:16 | INFO    | mediagrab          | resolve_vc_entity:12076 | VC_ENTITY_RESOLVE_SUCCESS chat_id=-1002592942176 source=cache
2026-09-26 01:59:16 | INFO    | mediagrab          | resolve_vc_entity:12431 | ENTITY_RESOLVE_RPC_COUNT chat_id=-1002592942176 scope=acc_918335829278 rpcs=0 failed_rpcs=0 outcome=RESOLVED_FROM_CACHE duration_ms=0.1 (v98.10 §22)
2026-09-26 01:59:16 | DEBUG   | mediagrab          | cache_entity_scoped:2355 | ENTITY_CACHE_SCOPED account=acc_918335829278 entity_id=2592942176 source=vc_discovery scope=acc_918335829278 (v99 RC-C scope-annotated)
2026-09-26 01:59:16 | INFO    | mediagrab          | vc_detect_active_call:3098 | VC_ENTITY_DISCOVERED entity_id=2592942176 access_hash=<-832…> type=Channel
2026-09-26 01:59:16 | DEBUG   | mediagrab          | vc_verify_target:8965 | VC_PARTICIPATION_REDETECT_OK chat_id=-1002592942176 account_id=global detect_scope=acc_918335829278 source=cache reresolved=0 (v98.07 FIX-QQ)
2026-09-26 01:59:16 | INFO    | mediagrab          | vc_check_telegram_participation:7443 | VC_PARTICIPATION_PRESENT chat_id=-1002592942176 call_id=-1913229805195004447 my_id=8624009332 pages=1 inspected=1 complete=yes server_count=None participant=[peer=PeerUser(8624009332) flags=is_self,muted,video_joined source=247928894]
2026-09-26 01:59:16 | INFO    | mediagrab          | vc_verify_target:9136 | VC_PARTICIPATION_VERIFY chat_id=-1002592942176 locally_tracked=False telegram=present
2026-09-26 01:59:16 | INFO    | mediagrab          | vc_verify_target:9155 | VC_VERIFY_MEMBER chat_id=-1002592942176 locally_tracked=False telegram=present — explicit verification state (v99.11 P1; never a leave)
2026-09-26 01:59:16 | INFO    | mediagrab          | vc_reconcile_participations:9645 | VC_REGISTRY_UPDATE_CONFIRMED chat_id=-1002592942176 classification=PARTICIPATING_UNTRACKED
2026-09-26 01:59:16 | DEBUG   | mediagrab          | vc_verify_target:8855 | VC_RECONCILE_CLIENT chat_id=2592942176 account_id=acc_919006065076 source=account:acc_919006065076
2026-09-26 01:59:16 | INFO    | mediagrab          | resolve_vc_entity:11974 | VC_ENTITY_RESOLVE_START chat_ref=-1002592942176 chat_id=-1002592942176 access_hash=yes
2026-09-26 01:59:16 | WARNING | mediagrab          | resolve_vc_entity:12062 | VC_HASH_SCOPE_MISMATCH chat_id=-1002592942176 entry_scope=acc_918335829278 consumer_scope=acc_919006065076 — skipping cache hit, re-resolving for this client (v98.07 FIX-QQ)
2026-09-26 01:59:16 | INFO    | mediagrab          | _v9810_scope_route:11809 | ENTITY_RESOLVE_ACCOUNT_SWITCH chat_id=-1002592942176 from_scope=acc_919006065076 to_account=acc_918335829278 reason=known_good_scope verified_at=1s ago (v98.10 §15 Step 0c — targeted routing, not a blind rotation)
2026-09-26 01:59:16 | INFO    | mediagrab          | _v9810_scope_route:11837 | ENTITY_RESOLVE_CACHE_HIT chat_id=-1002592942176 scope=acc_918335829278 source=scope_state age=1s (v98.10 §15 Step 0c — fresh known-good object, 0 RPCs)
2026-09-26 01:59:16 | INFO    | mediagrab          | resolve_vc_entity:12431 | ENTITY_RESOLVE_RPC_COUNT chat_id=-1002592942176 scope=acc_919006065076 rpcs=0 failed_rpcs=0 outcome=RESOLVED_VIA_ROTATION duration_ms=0.3 (v98.10 §22)
2026-09-26 01:59:16 | DEBUG   | mediagrab          | cache_entity_scoped:2355 | ENTITY_CACHE_SCOPED account=acc_918335829278 entity_id=2592942176 source=vc_discovery scope=acc_918335829278 (v99 RC-C scope-annotated)
2026-09-26 01:59:16 | INFO    | mediagrab          | vc_detect_active_call:3098 | VC_ENTITY_DISCOVERED entity_id=2592942176 access_hash=<-832…> type=Channel
2026-09-26 01:59:16 | DEBUG   | mediagrab          | vc_verify_target:8965 | VC_PARTICIPATION_REDETECT_OK chat_id=2592942176 account_id=acc_919006065076 detect_scope=acc_918335829278 source=account_rotation:acc_918335829278 reresolved=0 (v98.07 FIX-QQ)
2026-09-26 01:59:17 | INFO    | mediagrab          | vc_check_telegram_participation:7356 | VC_PARTICIPATION_STALE_CALL chat_id=2592942176 call_id=-1913229805195004447 exc=GroupcallInvalidError — the queried (id, access_hash) pair is NOT a live call: STALE CALL IDENTITY, returning unknown (NOT absent; the pipeline re-detects the current pair and re-verifies) (v99.05 RC-F4)
2026-09-26 01:59:17 | INFO    | mediagrab          | vc_check_telegram_participation:7370 | VC_VERIFY_STALE_IDENTITY chat_id=2592942176 call_id=-1913229805195004447 — detect stale identity → re-resolve current pair → verify → atomically update cache; existing healthy transport PRESERVED (never a leave; v99.11 P1)
2026-09-26 01:59:17 | INFO    | mediagrab          | vc_verify_target:9136 | VC_PARTICIPATION_VERIFY chat_id=2592942176 locally_tracked=False telegram=unknown
2026-09-26 01:59:17 | INFO    | mediagrab          | vc_verify_target:9155 | VC_VERIFY_UNKNOWN chat_id=2592942176 locally_tracked=False telegram=unknown — explicit verification state (v99.11 P1; never a leave)
2026-09-26 01:59:17 | INFO    | mediagrab          | vc_reconcile_participations:9529 | VC_RECONCILE_DEFERRED_UNKNOWN chat_id=2592942176 — preserving joined state (backend evidence)
2026-09-26 01:59:17 | INFO    | mediagrab          | vc_reconcile_participations:9645 | VC_REGISTRY_UPDATE_CONFIRMED chat_id=2592942176 classification=LOCALLY_TRACKED_UNCONFIRMED
2026-09-26 01:59:17 | DEBUG   | mediagrab          | vc_verify_target:8855 | VC_RECONCILE_CLIENT chat_id=-1003067839538 account_id=acc_918335829278 source=account:acc_918335829278
2026-09-26 01:59:17 | INFO    | mediagrab          | resolve_vc_entity:11974 | VC_ENTITY_RESOLVE_START chat_ref=-1003067839538 chat_id=-1003067839538 access_hash=yes
2026-09-26 01:59:17 | INFO    | mediagrab          | resolve_vc_entity:12075 | VC_ENTITY_RESOLVE_CACHE_HIT chat_id=-1003067839538
2026-09-26 01:59:17 | INFO    | mediagrab          | resolve_vc_entity:12076 | VC_ENTITY_RESOLVE_SUCCESS chat_id=-1003067839538 source=cache
2026-09-26 01:59:17 | INFO    | mediagrab          | resolve_vc_entity:12431 | ENTITY_RESOLVE_RPC_COUNT chat_id=-1003067839538 scope=acc_918335829278 rpcs=0 failed_rpcs=0 outcome=RESOLVED_FROM_CACHE duration_ms=1.0 (v98.10 §22)
2026-09-26 01:59:17 | DEBUG   | mediagrab          | cache_entity_scoped:2355 | ENTITY_CACHE_SCOPED account=acc_918335829278 entity_id=3067839538 source=vc_discovery scope=acc_918335829278 (v99 RC-C scope-annotated)
2026-09-26 01:59:17 | INFO    | mediagrab          | vc_detect_active_call:3098 | VC_ENTITY_DISCOVERED entity_id=3067839538 access_hash=<5015…> type=Channel
2026-09-26 01:59:17 | DEBUG   | mediagrab          | vc_verify_target:8965 | VC_PARTICIPATION_REDETECT_OK chat_id=-1003067839538 account_id=acc_918335829278 detect_scope=acc_918335829278 source=cache reresolved=0 (v98.07 FIX-QQ)
2026-09-26 01:59:17 | INFO    | mediagrab          | vc_check_telegram_participation:7443 | VC_PARTICIPATION_PRESENT chat_id=-1003067839538 call_id=-3952898443944147318 my_id=8624009332 pages=1 inspected=1 complete=yes server_count=None participant=[peer=PeerUser(8624009332) flags=is_self,muted,video_joined source=1042776898]
2026-09-26 01:59:17 | INFO    | mediagrab          | vc_verify_target:9136 | VC_PARTICIPATION_VERIFY chat_id=-1003067839538 locally_tracked=True telegram=present
2026-09-26 01:59:17 | INFO    | mediagrab          | vc_verify_target:9155 | VC_VERIFY_MEMBER chat_id=-1003067839538 locally_tracked=True telegram=present — explicit verification state (v99.11 P1; never a leave)
2026-09-26 01:59:17 | INFO    | mediagrab          | vc_reconcile_participations:9520 | VC_PARTICIPATION_CONFIRMED_PRESENT chat_id=-1003067839538
2026-09-26 01:59:17 | INFO    | mediagrab          | vc_reconcile_participations:9645 | VC_REGISTRY_UPDATE_CONFIRMED chat_id=-1003067839538 classification=CONFIRMED
2026-09-26 01:59:17 | DEBUG   | mediagrab          | vc_verify_target:8855 | VC_RECONCILE_CLIENT chat_id=-1002333937461 account_id=acc_919006065076 source=account:acc_919006065076
2026-09-26 01:59:17 | INFO    | mediagrab          | resolve_vc_entity:11974 | VC_ENTITY_RESOLVE_START chat_ref=-1002333937461 chat_id=-1002333937461 access_hash=yes
2026-09-26 01:59:17 | INFO    | mediagrab          | resolve_vc_entity:12075 | VC_ENTITY_RESOLVE_CACHE_HIT chat_id=-1002333937461
2026-09-26 01:59:17 | INFO    | mediagrab          | resolve_vc_entity:12076 | VC_ENTITY_RESOLVE_SUCCESS chat_id=-1002333937461 source=cache
2026-09-26 01:59:17 | INFO    | mediagrab          | resolve_vc_entity:12431 | ENTITY_RESOLVE_RPC_COUNT chat_id=-1002333937461 scope=acc_919006065076 rpcs=0 failed_rpcs=0 outcome=RESOLVED_FROM_CACHE duration_ms=0.1 (v98.10 §22)
2026-09-26 01:59:17 | DEBUG   | mediagrab          | cache_entity_scoped:2355 | ENTITY_CACHE_SCOPED account=acc_919006065076 entity_id=2333937461 source=vc_discovery scope=acc_919006065076 (v99 RC-C scope-annotated)
2026-09-26 01:59:17 | INFO    | mediagrab          | vc_detect_active_call:3098 | VC_ENTITY_DISCOVERED entity_id=2333937461 access_hash=<-806…> type=Channel
2026-09-26 01:59:17 | DEBUG   | mediagrab          | vc_verify_target:8965 | VC_PARTICIPATION_REDETECT_OK chat_id=-1002333937461 account_id=acc_919006065076 detect_scope=acc_919006065076 source=cache reresolved=0 (v98.07 FIX-QQ)
2026-09-26 01:59:18 | INFO    | mediagrab          | vc_check_telegram_participation:7443 | VC_PARTICIPATION_PRESENT chat_id=-1002333937461 call_id=-800813024760383190 my_id=8699582859 pages=1 inspected=1 complete=yes server_count=None participant=[peer=PeerUser(8699582859) flags=is_self,muted,video_joined source=2096643760]
2026-09-26 01:59:18 | INFO    | mediagrab          | vc_verify_target:9136 | VC_PARTICIPATION_VERIFY chat_id=-1002333937461 locally_tracked=True telegram=present
2026-09-26 01:59:18 | INFO    | mediagrab          | vc_verify_target:9155 | VC_VERIFY_MEMBER chat_id=-1002333937461 locally_tracked=True telegram=present — explicit verification state (v99.11 P1; never a leave)
2026-09-26 01:59:18 | INFO    | mediagrab          | vc_reconcile_participations:9520 | VC_PARTICIPATION_CONFIRMED_PRESENT chat_id=-1002333937461
2026-09-26 01:59:18 | INFO    | mediagrab          | vc_reconcile_participations:9645 | VC_REGISTRY_UPDATE_CONFIRMED chat_id=-1002333937461 classification=CONFIRMED
2026-09-26 01:59:18 | DEBUG   | mediagrab          | vc_verify_target:8855 | VC_RECONCILE_CLIENT chat_id=-1003811965375 account_id=acc_918335829278 source=account:acc_918335829278
2026-09-26 01:59:18 | INFO    | mediagrab          | resolve_vc_entity:11974 | VC_ENTITY_RESOLVE_START chat_ref=-1003811965375 chat_id=-1003811965375 access_hash=yes
2026-09-26 01:59:18 | INFO    | mediagrab          | resolve_vc_entity:12075 | VC_ENTITY_RESOLVE_CACHE_HIT chat_id=-1003811965375
2026-09-26 01:59:18 | INFO    | mediagrab          | resolve_vc_entity:12076 | VC_ENTITY_RESOLVE_SUCCESS chat_id=-1003811965375 source=cache
2026-09-26 01:59:18 | INFO    | mediagrab          | resolve_vc_entity:12431 | ENTITY_RESOLVE_RPC_COUNT chat_id=-1003811965375 scope=acc_918335829278 rpcs=0 failed_rpcs=0 outcome=RESOLVED_FROM_CACHE duration_ms=0.1 (v98.10 §22)
2026-09-26 01:59:18 | DEBUG   | mediagrab          | cache_entity_scoped:2355 | ENTITY_CACHE_SCOPED account=acc_918335829278 entity_id=3811965375 source=vc_discovery scope=acc_918335829278 (v99 RC-C scope-annotated)
2026-09-26 01:59:18 | INFO    | mediagrab          | vc_detect_active_call:3098 | VC_ENTITY_DISCOVERED entity_id=3811965375 access_hash=<7432…> type=Channel
2026-09-26 01:59:18 | DEBUG   | mediagrab          | vc_verify_target:8965 | VC_PARTICIPATION_REDETECT_OK chat_id=-1003811965375 account_id=acc_918335829278 detect_scope=acc_918335829278 source=cache reresolved=0 (v98.07 FIX-QQ)
2026-09-26 01:59:18 | WARNING | mediagrab          | vc_check_telegram_participation:7700 | VC_PARTICIPATION_TARGETED_EMPTY_STREAK chat_id=-1003811965375 call_id=-1824073576988881784 my_id=8624009332 streak=1/3 (v98.02 FIX-L: single/double targeted-empty is UNKNOWN — NOT destructive; awaiting 3 consecutive for absent) — broad scan truncated at 0/2000, targeted EMPTY
2026-09-26 01:59:18 | INFO    | mediagrab          | vc_verify_target:9136 | VC_PARTICIPATION_VERIFY chat_id=-1003811965375 locally_tracked=True telegram=unknown
2026-09-26 01:59:18 | INFO    | mediagrab          | vc_verify_target:9155 | VC_VERIFY_UNKNOWN chat_id=-1003811965375 locally_tracked=True telegram=unknown — explicit verification state (v99.11 P1; never a leave)
2026-09-26 01:59:18 | INFO    | mediagrab          | vc_reconcile_participations:9645 | VC_REGISTRY_UPDATE_CONFIRMED chat_id=-1003811965375 classification=LOCALLY_TRACKED_UNCONFIRMED
2026-09-26 01:59:18 | DEBUG   | mediagrab          | vc_verify_target:8855 | VC_RECONCILE_CLIENT chat_id=-1004427666393 account_id=acc_918335829278 source=account:acc_918335829278
2026-09-26 01:59:18 | INFO    | mediagrab          | resolve_vc_entity:11974 | VC_ENTITY_RESOLVE_START chat_ref=-1004427666393 chat_id=-1004427666393 access_hash=yes
2026-09-26 01:59:18 | INFO    | mediagrab          | resolve_vc_entity:12075 | VC_ENTITY_RESOLVE_CACHE_HIT chat_id=-1004427666393
2026-09-26 01:59:18 | INFO    | mediagrab          | resolve_vc_entity:12076 | VC_ENTITY_RESOLVE_SUCCESS chat_id=-1004427666393 source=cache
2026-09-26 01:59:18 | INFO    | mediagrab          | resolve_vc_entity:12431 | ENTITY_RESOLVE_RPC_COUNT chat_id=-1004427666393 scope=acc_918335829278 rpcs=0 failed_rpcs=0 outcome=RESOLVED_FROM_CACHE duration_ms=0.2 (v98.10 §22)
2026-09-26 01:59:19 | DEBUG   | mediagrab          | cache_entity_scoped:2355 | ENTITY_CACHE_SCOPED account=acc_918335829278 entity_id=4427666393 source=vc_discovery scope=acc_918335829278 (v99 RC-C scope-annotated)
2026-09-26 01:59:19 | INFO    | mediagrab          | vc_detect_active_call:3098 | VC_ENTITY_DISCOVERED entity_id=4427666393 access_hash=<6046…> type=Channel
2026-09-26 01:59:19 | DEBUG   | mediagrab          | vc_verify_target:8965 | VC_PARTICIPATION_REDETECT_OK chat_id=-1004427666393 account_id=acc_918335829278 detect_scope=acc_918335829278 source=cache reresolved=0 (v98.07 FIX-QQ)
2026-09-26 01:59:19 | INFO    | mediagrab          | vc_check_telegram_participation:7443 | VC_PARTICIPATION_PRESENT chat_id=-1004427666393 call_id=-569938277538256374 my_id=8624009332 pages=1 inspected=1 complete=yes server_count=None participant=[peer=PeerUser(8624009332) flags=is_self,muted,video_joined source=2029513331]
2026-09-26 01:59:19 | INFO    | mediagrab          | vc_verify_target:9136 | VC_PARTICIPATION_VERIFY chat_id=-1004427666393 locally_tracked=True telegram=present
2026-09-26 01:59:19 | INFO    | mediagrab          | vc_verify_target:9155 | VC_VERIFY_MEMBER chat_id=-1004427666393 locally_tracked=True telegram=present — explicit verification state (v99.11 P1; never a leave)
2026-09-26 01:59:19 | INFO    | mediagrab          | vc_reconcile_participations:9520 | VC_PARTICIPATION_CONFIRMED_PRESENT chat_id=-1004427666393
2026-09-26 01:59:19 | INFO    | mediagrab          | vc_reconcile_participations:9645 | VC_REGISTRY_UPDATE_CONFIRMED chat_id=-1004427666393 classification=CONFIRMED
2026-09-26 01:59:19 | DEBUG   | mediagrab          | vc_verify_target:8855 | VC_RECONCILE_CLIENT chat_id=-1001993596337 account_id=acc_918335829278 source=account:acc_918335829278
2026-09-26 01:59:19 | INFO    | mediagrab          | resolve_vc_entity:11974 | VC_ENTITY_RESOLVE_START chat_ref=-1001993596337 chat_id=-1001993596337 access_hash=yes
2026-09-26 01:59:19 | INFO    | mediagrab          | resolve_vc_entity:12075 | VC_ENTITY_RESOLVE_CACHE_HIT chat_id=-1001993596337
2026-09-26 01:59:19 | INFO    | mediagrab          | resolve_vc_entity:12076 | VC_ENTITY_RESOLVE_SUCCESS chat_id=-1001993596337 source=cache
2026-09-26 01:59:19 | INFO    | mediagrab          | resolve_vc_entity:12431 | ENTITY_RESOLVE_RPC_COUNT chat_id=-1001993596337 scope=acc_918335829278 rpcs=0 failed_rpcs=0 outcome=RESOLVED_FROM_CACHE duration_ms=0.1 (v98.10 §22)
2026-09-26 01:59:19 | DEBUG   | mediagrab          | cache_entity_scoped:2355 | ENTITY_CACHE_SCOPED account=acc_918335829278 entity_id=1993596337 source=vc_discovery scope=acc_918335829278 (v99 RC-C scope-annotated)
2026-09-26 01:59:19 | INFO    | mediagrab          | vc_detect_active_call:3098 | VC_ENTITY_DISCOVERED entity_id=1993596337 access_hash=<7768…> type=Channel
2026-09-26 01:59:19 | DEBUG   | mediagrab          | vc_verify_target:8965 | VC_PARTICIPATION_REDETECT_OK chat_id=-1001993596337 account_id=acc_918335829278 detect_scope=acc_918335829278 source=cache reresolved=0 (v98.07 FIX-QQ)
2026-09-26 01:59:20 | WARNING | mediagrab          | vc_check_telegram_participation:7700 | VC_PARTICIPATION_TARGETED_EMPTY_STREAK chat_id=-1001993596337 call_id=-8562431068729240560 my_id=8624009332 streak=1/3 (v98.02 FIX-L: single/double targeted-empty is UNKNOWN — NOT destructive; awaiting 3 consecutive for absent) — broad scan truncated at 0/2000, targeted EMPTY
2026-09-26 01:59:20 | INFO    | mediagrab          | vc_verify_target:9136 | VC_PARTICIPATION_VERIFY chat_id=-1001993596337 locally_tracked=False telegram=unknown
2026-09-26 01:59:20 | INFO    | mediagrab          | vc_verify_target:9155 | VC_VERIFY_UNKNOWN chat_id=-1001993596337 locally_tracked=False telegram=unknown — explicit verification state (v99.11 P1; never a leave)
2026-09-26 01:59:20 | INFO    | mediagrab          | vc_reconcile_participations:9560 | VC_PARTICIPATION_UNKNOWN chat_id=-1001993596337 — preserving unknown state
2026-09-26 01:59:20 | INFO    | mediagrab          | vc_reconcile_participations:9645 | VC_REGISTRY_UPDATE_CONFIRMED chat_id=-1001993596337 classification=UNKNOWN
2026-09-26 01:59:20 | DEBUG   | mediagrab          | vc_verify_target:8855 | VC_RECONCILE_CLIENT chat_id=-1001070871253 account_id=acc_918335829278 source=account:acc_918335829278
2026-09-26 01:59:20 | INFO    | mediagrab          | resolve_vc_entity:11974 | VC_ENTITY_RESOLVE_START chat_ref=-1001070871253 chat_id=-1001070871253 access_hash=yes
2026-09-26 01:59:20 | INFO    | mediagrab          | resolve_vc_entity:12075 | VC_ENTITY_RESOLVE_CACHE_HIT chat_id=-1001070871253
2026-09-26 01:59:20 | INFO    | mediagrab          | resolve_vc_entity:12076 | VC_ENTITY_RESOLVE_SUCCESS chat_id=-1001070871253 source=cache
2026-09-26 01:59:20 | INFO    | mediagrab          | resolve_vc_entity:12431 | ENTITY_RESOLVE_RPC_COUNT chat_id=-1001070871253 scope=acc_918335829278 rpcs=0 failed_rpcs=0 outcome=RESOLVED_FROM_CACHE duration_ms=0.7 (v98.10 §22)
2026-09-26 01:59:20 | DEBUG   | mediagrab          | cache_entity_scoped:2355 | ENTITY_CACHE_SCOPED account=acc_918335829278 entity_id=1070871253 source=vc_discovery scope=acc_918335829278 (v99 RC-C scope-annotated)
2026-09-26 01:59:20 | INFO    | mediagrab          | vc_detect_active_call:3098 | VC_ENTITY_DISCOVERED entity_id=1070871253 access_hash=<2700…> type=Channel
2026-09-26 01:59:20 | DEBUG   | mediagrab          | vc_verify_target:8965 | VC_PARTICIPATION_REDETECT_OK chat_id=-1001070871253 account_id=acc_918335829278 detect_scope=acc_918335829278 source=cache reresolved=0 (v98.07 FIX-QQ)
2026-09-26 01:59:20 | INFO    | mediagrab          | vc_check_telegram_participation:7443 | VC_PARTICIPATION_PRESENT chat_id=-1001070871253 call_id=-4599357008817247755 my_id=8624009332 pages=1 inspected=1 complete=yes server_count=None participant=[peer=PeerUser(8624009332) flags=is_self,muted,video_joined source=2135969937]
2026-09-26 01:59:20 | INFO    | mediagrab          | vc_verify_target:9136 | VC_PARTICIPATION_VERIFY chat_id=-1001070871253 locally_tracked=True telegram=present
2026-09-26 01:59:20 | INFO    | mediagrab          | vc_verify_target:9155 | VC_VERIFY_MEMBER chat_id=-1001070871253 locally_tracked=True telegram=present — explicit verification state (v99.11 P1; never a leave)
2026-09-26 01:59:20 | INFO    | mediagrab          | vc_reconcile_participations:9520 | VC_PARTICIPATION_CONFIRMED_PRESENT chat_id=-1001070871253
2026-09-26 01:59:20 | INFO    | mediagrab          | vc_reconcile_participations:9645 | VC_REGISTRY_UPDATE_CONFIRMED chat_id=-1001070871253 classification=CONFIRMED
2026-09-26 01:59:20 | DEBUG   | mediagrab          | vc_verify_target:8855 | VC_RECONCILE_CLIENT chat_id=-1001922822605 account_id=acc_918335829278 source=account:acc_918335829278
2026-09-26 01:59:20 | INFO    | mediagrab          | resolve_vc_entity:11974 | VC_ENTITY_RESOLVE_START chat_ref=-1001922822605 chat_id=-1001922822605 access_hash=yes
2026-09-26 01:59:20 | INFO    | mediagrab          | resolve_vc_entity:12075 | VC_ENTITY_RESOLVE_CACHE_HIT chat_id=-1001922822605
2026-09-26 01:59:20 | INFO    | mediagrab          | resolve_vc_entity:12076 | VC_ENTITY_RESOLVE_SUCCESS chat_id=-1001922822605 source=cache
2026-09-26 01:59:20 | INFO    | mediagrab          | resolve_vc_entity:12431 | ENTITY_RESOLVE_RPC_COUNT chat_id=-1001922822605 scope=acc_918335829278 rpcs=0 failed_rpcs=0 outcome=RESOLVED_FROM_CACHE duration_ms=0.1 (v98.10 §22)
2026-09-26 01:59:20 | DEBUG   | mediagrab          | cache_entity_scoped:2355 | ENTITY_CACHE_SCOPED account=acc_918335829278 entity_id=1922822605 source=vc_discovery scope=acc_918335829278 (v99 RC-C scope-annotated)
2026-09-26 01:59:20 | INFO    | mediagrab          | vc_detect_active_call:3098 | VC_ENTITY_DISCOVERED entity_id=1922822605 access_hash=<-620…> type=Channel
2026-09-26 01:59:20 | DEBUG   | mediagrab          | vc_verify_target:8965 | VC_PARTICIPATION_REDETECT_OK chat_id=-1001922822605 account_id=acc_918335829278 detect_scope=acc_918335829278 source=cache reresolved=0 (v98.07 FIX-QQ)
2026-09-26 01:59:20 | INFO    | mediagrab          | vc_check_telegram_participation:7443 | VC_PARTICIPATION_PRESENT chat_id=-1001922822605 call_id=-8258460203529507355 my_id=8624009332 pages=1 inspected=1 complete=yes server_count=None participant=[peer=PeerUser(8624009332) flags=is_self,muted,video_joined source=1159064395]
2026-09-26 01:59:20 | INFO    | mediagrab          | vc_verify_target:9136 | VC_PARTICIPATION_VERIFY chat_id=-1001922822605 locally_tracked=True telegram=present
2026-09-26 01:59:20 | INFO    | mediagrab          | vc_verify_target:9155 | VC_VERIFY_MEMBER chat_id=-1001922822605 locally_tracked=True telegram=present — explicit verification state (v99.11 P1; never a leave)
2026-09-26 01:59:20 | INFO    | mediagrab          | vc_reconcile_participations:9520 | VC_PARTICIPATION_CONFIRMED_PRESENT chat_id=-1001922822605
2026-09-26 01:59:20 | INFO    | mediagrab          | vc_reconcile_participations:9645 | VC_REGISTRY_UPDATE_CONFIRMED chat_id=-1001922822605 classification=CONFIRMED
2026-09-26 01:59:20 | DEBUG   | mediagrab          | vc_verify_target:8855 | VC_RECONCILE_CLIENT chat_id=-1004460369026 account_id=global source=global_backend_bound
2026-09-26 01:59:20 | INFO    | mediagrab          | resolve_vc_entity:11974 | VC_ENTITY_RESOLVE_START chat_ref=-1004460369026 chat_id=-1004460369026 access_hash=yes
2026-09-26 01:59:20 | WARNING | mediagrab          | resolve_vc_entity:12062 | VC_HASH_SCOPE_MISMATCH chat_id=-1004460369026 entry_scope=acc_919006065076 consumer_scope=acc_918335829278 — skipping cache hit, re-resolving for this client (v98.07 FIX-QQ)
2026-09-26 01:59:20 | INFO    | mediagrab          | _v9810_scope_route:11711 | ENTITY_RESOLVE_CACHE_HIT chat_id=-1004460369026 scope=acc_918335829278 source=scope_state age=11129s (v98.10 §15 Step 0a — 0 RPCs)
2026-09-26 01:59:20 | INFO    | mediagrab          | resolve_vc_entity:12431 | ENTITY_RESOLVE_RPC_COUNT chat_id=-1004460369026 scope=acc_918335829278 rpcs=0 failed_rpcs=0 outcome=RESOLVED_FROM_SCOPE_STATE duration_ms=0.1 (v98.10 §22)
2026-09-26 01:59:21 | DEBUG   | mediagrab          | cache_entity_scoped:2355 | ENTITY_CACHE_SCOPED account=acc_918335829278 entity_id=4460369026 source=vc_discovery scope=acc_918335829278 (v99 RC-C scope-annotated)
2026-09-26 01:59:21 | INFO    | mediagrab          | vc_detect_active_call:3098 | VC_ENTITY_DISCOVERED entity_id=4460369026 access_hash=<2476…> type=Channel
2026-09-26 01:59:21 | DEBUG   | mediagrab          | vc_verify_target:8965 | VC_PARTICIPATION_REDETECT_OK chat_id=-1004460369026 account_id=global detect_scope=acc_918335829278 source=scope_state reresolved=0 (v98.07 FIX-QQ)
2026-09-26 01:59:21 | INFO    | mediagrab          | vc_check_telegram_participation:7443 | VC_PARTICIPATION_PRESENT chat_id=-1004460369026 call_id=-710395016767153533 my_id=8624009332 pages=1 inspected=1 complete=yes server_count=None participant=[peer=PeerUser(8624009332) flags=is_self,muted,video_joined source=1163550688]
2026-09-26 01:59:21 | INFO    | mediagrab          | vc_verify_target:9136 | VC_PARTICIPATION_VERIFY chat_id=-1004460369026 locally_tracked=False telegram=present
2026-09-26 01:59:21 | INFO    | mediagrab          | vc_verify_target:9155 | VC_VERIFY_MEMBER chat_id=-1004460369026 locally_tracked=False telegram=present — explicit verification state (v99.11 P1; never a leave)
2026-09-26 01:59:21 | INFO    | mediagrab          | vc_reconcile_participations:9645 | VC_REGISTRY_UPDATE_CONFIRMED chat_id=-1004460369026 classification=PARTICIPATING_UNTRACKED
2026-09-26 01:59:21 | DEBUG   | mediagrab          | vc_verify_target:8855 | VC_RECONCILE_CLIENT chat_id=4460369026 account_id=acc_919006065076 source=account:acc_919006065076
2026-09-26 01:59:21 | INFO    | mediagrab          | resolve_vc_entity:11974 | VC_ENTITY_RESOLVE_START chat_ref=-1004460369026 chat_id=-1004460369026 access_hash=yes
2026-09-26 01:59:21 | WARNING | mediagrab          | resolve_vc_entity:12062 | VC_HASH_SCOPE_MISMATCH chat_id=-1004460369026 entry_scope=acc_918335829278 consumer_scope=acc_919006065076 — skipping cache hit, re-resolving for this client (v98.07 FIX-QQ)
2026-09-26 01:59:21 | INFO    | mediagrab          | _v9810_scope_route:11711 | ENTITY_RESOLVE_CACHE_HIT chat_id=-1004460369026 scope=acc_919006065076 source=scope_state age=11128s (v98.10 §15 Step 0a — 0 RPCs)
2026-09-26 01:59:21 | INFO    | mediagrab          | resolve_vc_entity:12431 | ENTITY_RESOLVE_RPC_COUNT chat_id=-1004460369026 scope=acc_919006065076 rpcs=0 failed_rpcs=0 outcome=RESOLVED_FROM_SCOPE_STATE duration_ms=0.2 (v98.10 §22)
2026-09-26 01:59:21 | DEBUG   | mediagrab          | cache_entity_scoped:2355 | ENTITY_CACHE_SCOPED account=acc_919006065076 entity_id=4460369026 source=vc_discovery scope=acc_919006065076 (v99 RC-C scope-annotated)
2026-09-26 01:59:21 | INFO    | mediagrab          | vc_detect_active_call:3098 | VC_ENTITY_DISCOVERED entity_id=4460369026 access_hash=<7729…> type=Channel
2026-09-26 01:59:21 | DEBUG   | mediagrab          | vc_verify_target:8965 | VC_PARTICIPATION_REDETECT_OK chat_id=4460369026 account_id=acc_919006065076 detect_scope=acc_919006065076 source=scope_state reresolved=0 (v98.07 FIX-QQ)
2026-09-26 01:59:22 | INFO    | mediagrab          | vc_check_telegram_participation:7751 | VC_PARTICIPATION_TARGETED_FOREIGN_RESULT chat_id=4460369026 call_id=-710395016767153533 my_id=8699582859 returned=1 — targeted query returned participants but NONE matched our identity (peer-based matching); a foreign-answer is NOT absence evidence → unknown (v99.05 RC-F2: the v99.02 no-match→absent escalation REMOVED — it destroyed 9 REAL joins on 2026-09-12)
2026-09-26 01:59:22 | INFO    | mediagrab          | vc_verify_target:9136 | VC_PARTICIPATION_VERIFY chat_id=4460369026 locally_tracked=False telegram=unknown
2026-09-26 01:59:22 | INFO    | mediagrab          | vc_verify_target:9155 | VC_VERIFY_UNKNOWN chat_id=4460369026 locally_tracked=False telegram=unknown — explicit verification state (v99.11 P1; never a leave)
2026-09-26 01:59:22 | INFO    | mediagrab          | vc_reconcile_participations:9529 | VC_RECONCILE_DEFERRED_UNKNOWN chat_id=4460369026 — preserving joined state (backend evidence)
2026-09-26 01:59:22 | INFO    | mediagrab          | vc_reconcile_participations:9645 | VC_REGISTRY_UPDATE_CONFIRMED chat_id=4460369026 classification=LOCALLY_TRACKED_UNCONFIRMED
2026-09-26 01:59:22 | DEBUG   | mediagrab          | vc_verify_target:8855 | VC_RECONCILE_CLIENT chat_id=4427666393 account_id=acc_919006065076 source=account:acc_919006065076
2026-09-26 01:59:22 | INFO    | mediagrab          | resolve_vc_entity:11974 | VC_ENTITY_RESOLVE_START chat_ref=-1004427666393 chat_id=-1004427666393 access_hash=yes
2026-09-26 01:59:22 | WARNING | mediagrab          | resolve_vc_entity:12062 | VC_HASH_SCOPE_MISMATCH chat_id=-1004427666393 entry_scope=acc_918335829278 consumer_scope=acc_919006065076 — skipping cache hit, re-resolving for this client (v98.07 FIX-QQ)
2026-09-26 01:59:22 | INFO    | mediagrab          | _v9810_scope_route:11809 | ENTITY_RESOLVE_ACCOUNT_SWITCH chat_id=-1004427666393 from_scope=acc_919006065076 to_account=acc_918335829278 reason=known_good_scope verified_at=3s ago (v98.10 §15 Step 0c — targeted routing, not a blind rotation)
2026-09-26 01:59:22 | INFO    | mediagrab          | _v9810_scope_route:11837 | ENTITY_RESOLVE_CACHE_HIT chat_id=-1004427666393 scope=acc_918335829278 source=scope_state age=3s (v98.10 §15 Step 0c — fresh known-good object, 0 RPCs)
2026-09-26 01:59:22 | INFO    | mediagrab          | resolve_vc_entity:12431 | ENTITY_RESOLVE_RPC_COUNT chat_id=-1004427666393 scope=acc_919006065076 rpcs=0 failed_rpcs=0 outcome=RESOLVED_VIA_ROTATION duration_ms=0.3 (v98.10 §22)
2026-09-26 01:59:22 | DEBUG   | mediagrab          | cache_entity_scoped:2355 | ENTITY_CACHE_SCOPED account=acc_918335829278 entity_id=4427666393 source=vc_discovery scope=acc_918335829278 (v99 RC-C scope-annotated)
2026-09-26 01:59:22 | INFO    | mediagrab          | vc_detect_active_call:3098 | VC_ENTITY_DISCOVERED entity_id=4427666393 access_hash=<6046…> type=Channel
2026-09-26 01:59:22 | DEBUG   | mediagrab          | vc_verify_target:8965 | VC_PARTICIPATION_REDETECT_OK chat_id=4427666393 account_id=acc_919006065076 detect_scope=acc_918335829278 source=account_rotation:acc_918335829278 reresolved=0 (v98.07 FIX-QQ)
2026-09-26 01:59:22 | INFO    | mediagrab          | vc_check_telegram_participation:7356 | VC_PARTICIPATION_STALE_CALL chat_id=4427666393 call_id=-569938277538256374 exc=GroupcallInvalidError — the queried (id, access_hash) pair is NOT a live call: STALE CALL IDENTITY, returning unknown (NOT absent; the pipeline re-detects the current pair and re-verifies) (v99.05 RC-F4)
2026-09-26 01:59:22 | INFO    | mediagrab          | vc_check_telegram_participation:7370 | VC_VERIFY_STALE_IDENTITY chat_id=4427666393 call_id=-569938277538256374 — detect stale identity → re-resolve current pair → verify → atomically update cache; existing healthy transport PRESERVED (never a leave; v99.11 P1)
2026-09-26 01:59:22 | INFO    | mediagrab          | vc_verify_target:9136 | VC_PARTICIPATION_VERIFY chat_id=4427666393 locally_tracked=False telegram=unknown
2026-09-26 01:59:22 | INFO    | mediagrab          | vc_verify_target:9155 | VC_VERIFY_UNKNOWN chat_id=4427666393 locally_tracked=False telegram=unknown — explicit verification state (v99.11 P1; never a leave)
2026-09-26 01:59:22 | INFO    | mediagrab          | vc_reconcile_participations:9529 | VC_RECONCILE_DEFERRED_UNKNOWN chat_id=4427666393 — preserving joined state (backend evidence)
2026-09-26 01:59:22 | INFO    | mediagrab          | vc_reconcile_participations:9645 | VC_REGISTRY_UPDATE_CONFIRMED chat_id=4427666393 classification=LOCALLY_TRACKED_UNCONFIRMED
2026-09-26 01:59:22 | DEBUG   | mediagrab          | vc_verify_target:8855 | VC_RECONCILE_CLIENT chat_id=-1003940064304 account_id=global source=global_backend_bound
2026-09-26 01:59:22 | INFO    | mediagrab          | resolve_vc_entity:11974 | VC_ENTITY_RESOLVE_START chat_ref=-1003940064304 chat_id=-1003940064304 access_hash=yes
2026-09-26 01:59:22 | INFO    | mediagrab          | resolve_vc_entity:12075 | VC_ENTITY_RESOLVE_CACHE_HIT chat_id=-1003940064304
2026-09-26 01:59:22 | INFO    | mediagrab          | resolve_vc_entity:12076 | VC_ENTITY_RESOLVE_SUCCESS chat_id=-1003940064304 source=cache
2026-09-26 01:59:22 | INFO    | mediagrab          | resolve_vc_entity:12431 | ENTITY_RESOLVE_RPC_COUNT chat_id=-1003940064304 scope=acc_918335829278 rpcs=0 failed_rpcs=0 outcome=RESOLVED_FROM_CACHE duration_ms=0.1 (v98.10 §22)
2026-09-26 01:59:22 | DEBUG   | mediagrab          | cache_entity_scoped:2355 | ENTITY_CACHE_SCOPED account=acc_918335829278 entity_id=3940064304 source=vc_discovery scope=acc_918335829278 (v99 RC-C scope-annotated)
2026-09-26 01:59:22 | INFO    | mediagrab          | vc_detect_active_call:3098 | VC_ENTITY_DISCOVERED entity_id=3940064304 access_hash=<1744…> type=Channel
2026-09-26 01:59:22 | DEBUG   | mediagrab          | vc_verify_target:8965 | VC_PARTICIPATION_REDETECT_OK chat_id=-1003940064304 account_id=global detect_scope=acc_918335829278 source=cache reresolved=0 (v98.07 FIX-QQ)
2026-09-26 01:59:23 | INFO    | mediagrab          | vc_check_telegram_participation:7443 | VC_PARTICIPATION_PRESENT chat_id=-1003940064304 call_id=-7699075288673564347 my_id=8624009332 pages=1 inspected=1 complete=yes server_count=None participant=[peer=PeerUser(8624009332) flags=is_self,muted,video_joined source=1194204182]
2026-09-26 01:59:23 | INFO    | mediagrab          | vc_verify_target:9136 | VC_PARTICIPATION_VERIFY chat_id=-1003940064304 locally_tracked=False telegram=present
2026-09-26 01:59:23 | INFO    | mediagrab          | vc_verify_target:9155 | VC_VERIFY_MEMBER chat_id=-1003940064304 locally_tracked=False telegram=present — explicit verification state (v99.11 P1; never a leave)
2026-09-26 01:59:23 | INFO    | mediagrab          | vc_reconcile_participations:9645 | VC_REGISTRY_UPDATE_CONFIRMED chat_id=-1003940064304 classification=PARTICIPATING_UNTRACKED
2026-09-26 01:59:23 | DEBUG   | mediagrab          | vc_verify_target:8855 | VC_RECONCILE_CLIENT chat_id=3940064304 account_id=acc_919006065076 source=account:acc_919006065076
2026-09-26 01:59:23 | INFO    | mediagrab          | resolve_vc_entity:11974 | VC_ENTITY_RESOLVE_START chat_ref=-1003940064304 chat_id=-1003940064304 access_hash=yes
2026-09-26 01:59:23 | WARNING | mediagrab          | resolve_vc_entity:12062 | VC_HASH_SCOPE_MISMATCH chat_id=-1003940064304 entry_scope=acc_918335829278 consumer_scope=acc_919006065076 — skipping cache hit, re-resolving for this client (v98.07 FIX-QQ)
2026-09-26 01:59:23 | INFO    | mediagrab          | _v9810_scope_route:11809 | ENTITY_RESOLVE_ACCOUNT_SWITCH chat_id=-1003940064304 from_scope=acc_919006065076 to_account=acc_918335829278 reason=known_good_scope verified_at=0s ago (v98.10 §15 Step 0c — targeted routing, not a blind rotation)
2026-09-26 01:59:23 | INFO    | mediagrab          | _v9810_scope_route:11837 | ENTITY_RESOLVE_CACHE_HIT chat_id=-1003940064304 scope=acc_918335829278 source=scope_state age=0s (v98.10 §15 Step 0c — fresh known-good object, 0 RPCs)
2026-09-26 01:59:23 | INFO    | mediagrab          | resolve_vc_entity:12431 | ENTITY_RESOLVE_RPC_COUNT chat_id=-1003940064304 scope=acc_919006065076 rpcs=0 failed_rpcs=0 outcome=RESOLVED_VIA_ROTATION duration_ms=1.5 (v98.10 §22)
2026-09-26 01:59:23 | DEBUG   | mediagrab          | cache_entity_scoped:2355 | ENTITY_CACHE_SCOPED account=acc_918335829278 entity_id=3940064304 source=vc_discovery scope=acc_918335829278 (v99 RC-C scope-annotated)
2026-09-26 01:59:23 | INFO    | mediagrab          | vc_detect_active_call:3098 | VC_ENTITY_DISCOVERED entity_id=3940064304 access_hash=<1744…> type=Channel
2026-09-26 01:59:23 | DEBUG   | mediagrab          | vc_verify_target:8965 | VC_PARTICIPATION_REDETECT_OK chat_id=3940064304 account_id=acc_919006065076 detect_scope=acc_918335829278 source=account_rotation:acc_918335829278 reresolved=0 (v98.07 FIX-QQ)
2026-09-26 01:59:23 | INFO    | mediagrab          | vc_check_telegram_participation:7356 | VC_PARTICIPATION_STALE_CALL chat_id=3940064304 call_id=-7699075288673564347 exc=GroupcallInvalidError — the queried (id, access_hash) pair is NOT a live call: STALE CALL IDENTITY, returning unknown (NOT absent; the pipeline re-detects the current pair and re-verifies) (v99.05 RC-F4)
2026-09-26 01:59:23 | INFO    | mediagrab          | vc_check_telegram_participation:7370 | VC_VERIFY_STALE_IDENTITY chat_id=3940064304 call_id=-7699075288673564347 — detect stale identity → re-resolve current pair → verify → atomically update cache; existing healthy transport PRESERVED (never a leave; v99.11 P1)
2026-09-26 01:59:23 | INFO    | mediagrab          | vc_verify_target:9136 | VC_PARTICIPATION_VERIFY chat_id=3940064304 locally_tracked=False telegram=unknown
2026-09-26 01:59:23 | INFO    | mediagrab          | vc_verify_target:9155 | VC_VERIFY_UNKNOWN chat_id=3940064304 locally_tracked=False telegram=unknown — explicit verification state (v99.11 P1; never a leave)
2026-09-26 01:59:23 | INFO    | mediagrab          | vc_reconcile_participations:9529 | VC_RECONCILE_DEFERRED_UNKNOWN chat_id=3940064304 — preserving joined state (backend evidence)
2026-09-26 01:59:23 | INFO    | mediagrab          | vc_reconcile_participations:9645 | VC_REGISTRY_UPDATE_CONFIRMED chat_id=3940064304 classification=LOCALLY_TRACKED_UNCONFIRMED
2026-09-26 01:59:23 | DEBUG   | mediagrab          | vc_verify_target:8855 | VC_RECONCILE_CLIENT chat_id=-1002887741724 account_id=global source=global_backend_bound
2026-09-26 01:59:23 | INFO    | mediagrab          | resolve_vc_entity:11974 | VC_ENTITY_RESOLVE_START chat_ref=-1002887741724 chat_id=-1002887741724 access_hash=yes
2026-09-26 01:59:23 | INFO    | mediagrab          | resolve_vc_entity:12075 | VC_ENTITY_RESOLVE_CACHE_HIT chat_id=-1002887741724
2026-09-26 01:59:23 | INFO    | mediagrab          | resolve_vc_entity:12076 | VC_ENTITY_RESOLVE_SUCCESS chat_id=-1002887741724 source=cache
2026-09-26 01:59:23 | INFO    | mediagrab          | resolve_vc_entity:12431 | ENTITY_RESOLVE_RPC_COUNT chat_id=-1002887741724 scope=acc_918335829278 rpcs=0 failed_rpcs=0 outcome=RESOLVED_FROM_CACHE duration_ms=0.1 (v98.10 §22)
2026-09-26 01:59:23 | DEBUG   | mediagrab          | cache_entity_scoped:2355 | ENTITY_CACHE_SCOPED account=acc_918335829278 entity_id=2887741724 source=vc_discovery scope=acc_918335829278 (v99 RC-C scope-annotated)
2026-09-26 01:59:23 | INFO    | mediagrab          | vc_detect_active_call:3098 | VC_ENTITY_DISCOVERED entity_id=2887741724 access_hash=<6524…> type=Channel
2026-09-26 01:59:23 | DEBUG   | mediagrab          | vc_verify_target:8965 | VC_PARTICIPATION_REDETECT_OK chat_id=-1002887741724 account_id=global detect_scope=acc_918335829278 source=cache reresolved=0 (v98.07 FIX-QQ)
2026-09-26 01:59:24 | INFO    | mediagrab          | vc_check_telegram_participation:7443 | VC_PARTICIPATION_PRESENT chat_id=-1002887741724 call_id=-3179384222730274919 my_id=8624009332 pages=1 inspected=1 complete=yes server_count=None participant=[peer=PeerUser(8624009332) flags=is_self,muted,video_joined source=1789396470]
2026-09-26 01:59:24 | INFO    | mediagrab          | vc_verify_target:9136 | VC_PARTICIPATION_VERIFY chat_id=-1002887741724 locally_tracked=False telegram=present
2026-09-26 01:59:24 | INFO    | mediagrab          | vc_verify_target:9155 | VC_VERIFY_MEMBER chat_id=-1002887741724 locally_tracked=False telegram=present — explicit verification state (v99.11 P1; never a leave)
2026-09-26 01:59:24 | INFO    | mediagrab          | vc_reconcile_participations:9645 | VC_REGISTRY_UPDATE_CONFIRMED chat_id=-1002887741724 classification=PARTICIPATING_UNTRACKED
2026-09-26 01:59:24 | DEBUG   | mediagrab          | vc_verify_target:8855 | VC_RECONCILE_CLIENT chat_id=2887741724 account_id=acc_919006065076 source=account:acc_919006065076
2026-09-26 01:59:24 | INFO    | mediagrab          | resolve_vc_entity:11974 | VC_ENTITY_RESOLVE_START chat_ref=-1002887741724 chat_id=-1002887741724 access_hash=yes
2026-09-26 01:59:24 | WARNING | mediagrab          | resolve_vc_entity:12062 | VC_HASH_SCOPE_MISMATCH chat_id=-1002887741724 entry_scope=acc_918335829278 consumer_scope=acc_919006065076 — skipping cache hit, re-resolving for this client (v98.07 FIX-QQ)
2026-09-26 01:59:24 | INFO    | mediagrab          | _v9810_scope_route:11809 | ENTITY_RESOLVE_ACCOUNT_SWITCH chat_id=-1002887741724 from_scope=acc_919006065076 to_account=acc_918335829278 reason=known_good_scope verified_at=0s ago (v98.10 §15 Step 0c — targeted routing, not a blind rotation)
2026-09-26 01:59:24 | INFO    | mediagrab          | _v9810_scope_route:11837 | ENTITY_RESOLVE_CACHE_HIT chat_id=-1002887741724 scope=acc_918335829278 source=scope_state age=0s (v98.10 §15 Step 0c — fresh known-good object, 0 RPCs)
2026-09-26 01:59:24 | INFO    | mediagrab          | resolve_vc_entity:12431 | ENTITY_RESOLVE_RPC_COUNT chat_id=-1002887741724 scope=acc_919006065076 rpcs=0 failed_rpcs=0 outcome=RESOLVED_VIA_ROTATION duration_ms=1.4 (v98.10 §22)
2026-09-26 01:59:24 | DEBUG   | mediagrab          | cache_entity_scoped:2355 | ENTITY_CACHE_SCOPED account=acc_918335829278 entity_id=2887741724 source=vc_discovery scope=acc_918335829278 (v99 RC-C scope-annotated)
2026-09-26 01:59:24 | INFO    | mediagrab          | vc_detect_active_call:3098 | VC_ENTITY_DISCOVERED entity_id=2887741724 access_hash=<6524…> type=Channel
2026-09-26 01:59:24 | DEBUG   | mediagrab          | vc_verify_target:8965 | VC_PARTICIPATION_REDETECT_OK chat_id=2887741724 account_id=acc_919006065076 detect_scope=acc_918335829278 source=account_rotation:acc_918335829278 reresolved=0 (v98.07 FIX-QQ)
2026-09-26 01:59:24 | INFO    | mediagrab          | vc_check_telegram_participation:7356 | VC_PARTICIPATION_STALE_CALL chat_id=2887741724 call_id=-3179384222730274919 exc=GroupcallInvalidError — the queried (id, access_hash) pair is NOT a live call: STALE CALL IDENTITY, returning unknown (NOT absent; the pipeline re-detects the current pair and re-verifies) (v99.05 RC-F4)
2026-09-26 01:59:24 | INFO    | mediagrab          | vc_check_telegram_participation:7370 | VC_VERIFY_STALE_IDENTITY chat_id=2887741724 call_id=-3179384222730274919 — detect stale identity → re-resolve current pair → verify → atomically update cache; existing healthy transport PRESERVED (never a leave; v99.11 P1)
2026-09-26 01:59:24 | INFO    | mediagrab          | vc_verify_target:9136 | VC_PARTICIPATION_VERIFY chat_id=2887741724 locally_tracked=False telegram=unknown
2026-09-26 01:59:24 | INFO    | mediagrab          | vc_verify_target:9155 | VC_VERIFY_UNKNOWN chat_id=2887741724 locally_tracked=False telegram=unknown — explicit verification state (v99.11 P1; never a leave)
2026-09-26 01:59:24 | INFO    | mediagrab          | vc_reconcile_participations:9529 | VC_RECONCILE_DEFERRED_UNKNOWN chat_id=2887741724 — preserving joined state (backend evidence)
2026-09-26 01:59:24 | INFO    | mediagrab          | vc_reconcile_participations:9645 | VC_REGISTRY_UPDATE_CONFIRMED chat_id=2887741724 classification=LOCALLY_TRACKED_UNCONFIRMED
2026-09-26 01:59:24 | INFO    | mediagrab          | vc_reconcile_participations:9660 | VC_RECONCILE_RESULT total=34 confirmed=5 participating_untracked=11 locally_tracked_unconfirmed=7 unknown=9 cleanup_required=0 left=2 failed=0
2026-09-26 01:59:30 | INFO    | mediagrab          | _vc_handle_vc_command:28929 | COMMAND_RECEIVED path=telethon cmd=duel@newsviewslavebot sender=6824848993 chat=-1003922758336
2026-09-26 01:59:32 | DEBUG   | mediagrab          | _mtproto_health_loop:5800 | MTProto health check: OK
2026-09-26 01:59:32 | INFO    | mediagrab          | _mtproto_health_loop:5864 | MTPROTO_GENERATION_STATE active=0 retiring=0 retired=0 poisoned=0 generation_sessions=0 live_clients=3
2026-09-26 01:59:32 | INFO    | mediagrab          | _reconcile_cycle:917 | VC_COVERAGE_RECONCILE_START active=40 joined=28 missing=12 retry_ready=0 persistent_retry_queue_total=0 persistent_retry_queue_ready=0
2026-09-26 01:59:32 | INFO    | mediagrab          | _reconcile_cycle:946 | VC_RECONCILE_FOUND_MISSING chat_id=1949746242 title=
2026-09-26 01:59:32 | INFO    | mediagrab          | _reconcile_cycle:946 | VC_RECONCILE_FOUND_MISSING chat_id=3717806820 title=
2026-09-26 01:59:32 | INFO    | mediagrab          | _reconcile_cycle:946 | VC_RECONCILE_FOUND_MISSING chat_id=3961210499 title=
2026-09-26 01:59:32 | INFO    | mediagrab          | _reconcile_cycle:946 | VC_RECONCILE_FOUND_MISSING chat_id=2144563093 title=
2026-09-26 01:59:32 | INFO    | mediagrab          | _reconcile_cycle:946 | VC_RECONCILE_FOUND_MISSING chat_id=2333937461 title=
2026-09-26 01:59:32 | INFO    | mediagrab          | _reconcile_cycle:946 | VC_RECONCILE_FOUND_MISSING chat_id=1993596337 title=Трейд чатик Vespiol
2026-09-26 01:59:32 | DEBUG   | mediagrab          | _watchdog_loop:1740 | WATCHDOG: talkative handler not registered but effective_disabled source=dashboard_db — not retrying (admin disabled; v99.07 FIX-5)
2026-09-26 01:59:40 | INFO    | mediagrab          | _bot_heartbeat_loop:2840 | BOT_HEARTBEAT pid=7 uptime=18315s rss_mb=166 threads=50 fd=344/1024 joined_transports=20 join_queue=0 active_joins=0 memory_limit_mb=4506 resource_headroom_mb=4339 FD_CENSUS total=344 soft=1024 sockets=327 pipes=2 files=12 anon=2 other=1 MEM_CENSUS rss_mb=166 threads=50 fd=344/1024 joined_transports=20 joins=_global:J=13/F=0 acc_918335829278:J=6/F=0 acc_919006065076:J=1/F=0 (v98.05 FIX-FF liveness; v98.06 FIX-OO uptime epoch domain; v99.02 FIX-3 FD_CENSUS; v99.10 FIX-D MEM_CENSUS; v99.11 P0-1 single-%s safe emission + resource fields)
2026-09-26 02:00:02 | DEBUG   | mediagrab          | _mtproto_health_loop:5800 | MTProto health check: OK
2026-09-26 02:00:02 | INFO    | mediagrab          | _mtproto_health_loop:5864 | MTPROTO_GENERATION_STATE active=0 retiring=0 retired=0 poisoned=0 generation_sessions=0 live_clients=3
2026-09-26 02:00:32 | DEBUG   | mediagrab          | _mtproto_health_loop:5800 | MTProto health check: OK
2026-09-26 02:00:32 | INFO    | mediagrab          | _mtproto_health_loop:5864 | MTPROTO_GENERATION_STATE active=0 retiring=0 retired=0 poisoned=0 generation_sessions=0 live_clients=3
2026-09-26 02:00:32 | INFO    | mediagrab_bot.vc_arch | emit_budgets_heartbeat:1204 | VC_ARCH_BUDGETS_HEARTBEAT max_classification_in_flight=4 max_discovery_in_flight=4 max_dispatch_queue_depth=200 max_entity_resolution_in_flight=8 max_join_in_flight=3 max_reconcile_in_flight=4 negcache_max_entries=10000 retry_budget_per_window=25 retry_window_seconds=60 task_population_bound=5000
2026-09-26 02:00:32 | INFO    | mediagrab          | _reconcile_cycle:917 | VC_COVERAGE_RECONCILE_START active=40 joined=28 missing=12 retry_ready=0 persistent_retry_queue_total=0 persistent_retry_queue_ready=0
2026-09-26 02:00:32 | INFO    | mediagrab          | _reconcile_cycle:946 | VC_RECONCILE_FOUND_MISSING chat_id=1949746242 title=
2026-09-26 02:00:32 | INFO    | mediagrab          | _reconcile_cycle:946 | VC_RECONCILE_FOUND_MISSING chat_id=3717806820 title=
2026-09-26 02:00:32 | INFO    | mediagrab          | _reconcile_cycle:946 | VC_RECONCILE_FOUND_MISSING chat_id=3961210499 title=
2026-09-26 02:00:32 | INFO    | mediagrab          | _reconcile_cycle:946 | VC_RECONCILE_FOUND_MISSING chat_id=2144563093 title=
2026-09-26 02:00:32 | INFO    | mediagrab          | _reconcile_cycle:946 | VC_RECONCILE_FOUND_MISSING chat_id=2333937461 title=
2026-09-26 02:00:32 | INFO    | mediagrab          | _reconcile_cycle:946 | VC_RECONCILE_FOUND_MISSING chat_id=1993596337 title=Трейд чатик Vespiol
2026-09-26 02:00:32 | DEBUG   | mediagrab          | _watchdog_loop:1740 | WATCHDOG: talkative handler not registered but effective_disabled source=dashboard_db — not retrying (admin disabled; v99.07 FIX-5)
2026-09-26 02:00:40 | INFO    | mediagrab          | _bot_heartbeat_loop:2840 | BOT_HEARTBEAT pid=7 uptime=18375s rss_mb=166 threads=50 fd=345/1024 joined_transports=20 join_queue=0 active_joins=0 memory_limit_mb=4506 resource_headroom_mb=4339 FD_CENSUS total=345 soft=1024 sockets=328 pipes=2 files=12 anon=2 other=1 MEM_CENSUS rss_mb=166 threads=50 fd=345/1024 joined_transports=20 joins=_global:J=13/F=0 acc_918335829278:J=6/F=0 acc_919006065076:J=1/F=0 (v98.05 FIX-FF liveness; v98.06 FIX-OO uptime epoch domain; v99.02 FIX-3 FD_CENSUS; v99.10 FIX-D MEM_CENSUS; v99.11 P0-1 single-%s safe emission + resource fields)
2026-09-26 02:00:50 | INFO    | mediagrab          | _vc_handle_vc_command:28929 | COMMAND_RECEIVED path=telethon cmd=report sender=7554823956 chat=-1003922758336
2026-09-26 02:01:02 | DEBUG   | mediagrab          | _mtproto_health_loop:5800 | MTProto health check: OK
2026-09-26 02:01:02 | INFO    | mediagrab          | _mtproto_health_loop:5864 | MTPROTO_GENERATION_STATE active=0 retiring=0 retired=0 poisoned=0 generation_sessions=0 live_clients=3
2026-09-26 02:01:32 | DEBUG   | mediagrab          | _mtproto_health_loop:5800 | MTProto health check: OK
2026-09-26 02:01:32 | INFO    | mediagrab          | _mtproto_health_loop:5864 | MTPROTO_GENERATION_STATE active=0 retiring=0 retired=0 poisoned=0 generation_sessions=0 live_clients=3
2026-09-26 02:01:32 | INFO    | mediagrab          | _reconcile_cycle:917 | VC_COVERAGE_RECONCILE_START active=40 joined=28 missing=12 retry_ready=0 persistent_retry_queue_total=0 persistent_retry_queue_ready=0
2026-09-26 02:01:32 | INFO    | mediagrab          | _reconcile_cycle:946 | VC_RECONCILE_FOUND_MISSING chat_id=1949746242 title=
2026-09-26 02:01:32 | INFO    | mediagrab          | _reconcile_cycle:946 | VC_RECONCILE_FOUND_MISSING chat_id=3717806820 title=
2026-09-26 02:01:32 | INFO    | mediagrab          | _reconcile_cycle:946 | VC_RECONCILE_FOUND_MISSING chat_id=3961210499 title=
2026-09-26 02:01:32 | INFO    | mediagrab          | _reconcile_cycle:946 | VC_RECONCILE_FOUND_MISSING chat_id=2144563093 title=
2026-09-26 02:01:32 | INFO    | mediagrab          | _reconcile_cycle:946 | VC_RECONCILE_FOUND_MISSING chat_id=2333937461 title=
2026-09-26 02:01:32 | INFO    | mediagrab          | _reconcile_cycle:946 | VC_RECONCILE_FOUND_MISSING chat_id=1993596337 title=Трейд чатик Vespiol
2026-09-26 02:01:32 | DEBUG   | mediagrab          | _watchdog_loop:1740 | WATCHDOG: talkative handler not registered but effective_disabled source=dashboard_db — not retrying (admin disabled; v99.07 FIX-5)
2026-09-26 02:01:40 | INFO    | mediagrab          | _bot_heartbeat_loop:2840 | BOT_HEARTBEAT pid=7 uptime=18435s rss_mb=166 threads=50 fd=347/1024 joined_transports=20 join_queue=0 active_joins=0 memory_limit_mb=4506 resource_headroom_mb=4339 FD_CENSUS total=347 soft=1024 sockets=330 pipes=2 files=12 anon=2 other=1 MEM_CENSUS rss_mb=166 threads=50 fd=347/1024 joined_transports=20 joins=_global:J=13/F=0 acc_918335829278:J=6/F=0 acc_919006065076:J=1/F=0 (v98.05 FIX-FF liveness; v98.06 FIX-OO uptime epoch domain; v99.02 FIX-3 FD_CENSUS; v99.10 FIX-D MEM_CENSUS; v99.11 P0-1 single-%s safe emission + resource fields)
2026-09-26 02:02:02 | DEBUG   | mediagrab          | _mtproto_health_loop:5800 | MTProto health check: OK
2026-09-26 02:02:02 | INFO    | mediagrab          | _mtproto_health_loop:5864 | MTPROTO_GENERATION_STATE active=0 retiring=0 retired=0 poisoned=0 generation_sessions=0 live_clients=3
2026-09-26 02:02:04 | INFO    | mediagrab          | _vc_handle_vc_command:28929 | COMMAND_RECEIVED path=telethon cmd=report sender=7554823956 chat=-1003922758336
2026-09-26 02:02:25 | INFO    | mediagrab          | _vc_handle_vc_command:28929 | COMMAND_RECEIVED path=telethon cmd=report sender=7554823956 chat=-1003922758336
2026-09-26 02:02:32 | DEBUG   | mediagrab          | _mtproto_health_loop:5800 | MTProto health check: OK
2026-09-26 02:02:32 | INFO    | mediagrab          | _mtproto_health_loop:5864 | MTPROTO_GENERATION_STATE active=0 retiring=0 retired=0 poisoned=0 generation_sessions=0 live_clients=3
2026-09-26 02:02:32 | INFO    | mediagrab          | _reconcile_cycle:917 | VC_COVERAGE_RECONCILE_START active=40 joined=28 missing=12 retry_ready=0 persistent_retry_queue_total=0 persistent_retry_queue_ready=0
2026-09-26 02:02:32 | INFO    | mediagrab          | _reconcile_cycle:946 | VC_RECONCILE_FOUND_MISSING chat_id=1949746242 title=
2026-09-26 02:02:32 | INFO    | mediagrab          | _reconcile_cycle:946 | VC_RECONCILE_FOUND_MISSING chat_id=3717806820 title=
2026-09-26 02:02:32 | INFO    | mediagrab          | _reconcile_cycle:946 | VC_RECONCILE_FOUND_MISSING chat_id=3961210499 title=
2026-09-26 02:02:32 | INFO    | mediagrab          | _reconcile_cycle:946 | VC_RECONCILE_FOUND_MISSING chat_id=2144563093 title=
2026-09-26 02:02:32 | INFO    | mediagrab          | _reconcile_cycle:946 | VC_RECONCILE_FOUND_MISSING chat_id=2333937461 title=
2026-09-26 02:02:32 | INFO    | mediagrab          | _reconcile_cycle:946 | VC_RECONCILE_FOUND_MISSING chat_id=1993596337 title=Трейд чатик Vespiol
2026-09-26 02:02:32 | DEBUG   | mediagrab          | _watchdog_loop:1740 | WATCHDOG: talkative handler not registered but effective_disabled source=dashboard_db — not retrying (admin disabled; v99.07 FIX-5)
2026-09-26 02:02:40 | INFO    | mediagrab          | _bot_heartbeat_loop:2840 | BOT_HEARTBEAT pid=7 uptime=18495s rss_mb=166 threads=50 fd=348/1024 joined_transports=20 join_queue=0 active_joins=0 memory_limit_mb=4506 resource_headroom_mb=4339 FD_CENSUS total=348 soft=1024 sockets=330 pipes=2 files=13 anon=2 other=1 MEM_CENSUS rss_mb=166 threads=50 fd=348/1024 joined_transports=20 joins=_global:J=13/F=0 acc_918335829278:J=6/F=0 acc_919006065076:J=1/F=0 (v98.05 FIX-FF liveness; v98.06 FIX-OO uptime epoch domain; v99.02 FIX-3 FD_CENSUS; v99.10 FIX-D MEM_CENSUS; v99.11 P0-1 single-%s safe emission + resource fields)
2026-09-26 02:02:52 | INFO    | mediagrab          | _vc_handle_vc_command:28929 | COMMAND_RECEIVED path=telethon cmd=report sender=7554823956 chat=-1003922758336
2026-09-26 02:03:02 | DEBUG   | mediagrab          | _mtproto_health_loop:5800 | MTProto health check: OK
2026-09-26 02:03:02 | INFO    | mediagrab          | _mtproto_health_loop:5864 | MTPROTO_GENERATION_STATE active=0 retiring=0 retired=0 poisoned=0 generation_sessions=0 live_clients=3
2026-09-26 02:03:12 | INFO    | mediagrab          | _vc_handle_vc_command:28929 | COMMAND_RECEIVED path=telethon cmd=report sender=7554823956 chat=-1003922758336
2026-09-26 02:03:22 | INFO    | mediagrab          | _vc_handle_vc_command:28929 | COMMAND_RECEIVED path=telethon cmd=report sender=7554823956 chat=-1003922758336
2026-09-26 02:03:32 | DEBUG   | mediagrab          | _mtproto_health_loop:5800 | MTProto health check: OK
2026-09-26 02:03:32 | INFO    | mediagrab          | _mtproto_health_loop:5864 | MTPROTO_GENERATION_STATE active=0 retiring=0 retired=0 poisoned=0 generation_sessions=0 live_clients=3
2026-09-26 02:03:32 | INFO    | mediagrab          | _reconcile_cycle:917 | VC_COVERAGE_RECONCILE_START active=40 joined=28 missing=12 retry_ready=0 persistent_retry_queue_total=0 persistent_retry_queue_ready=0
2026-09-26 02:03:32 | INFO    | mediagrab          | _reconcile_cycle:946 | VC_RECONCILE_FOUND_MISSING chat_id=1949746242 title=
2026-09-26 02:03:32 | INFO    | mediagrab          | _reconcile_cycle:946 | VC_RECONCILE_FOUND_MISSING chat_id=3717806820 title=
2026-09-26 02:03:32 | INFO    | mediagrab          | _reconcile_cycle:946 | VC_RECONCILE_FOUND_MISSING chat_id=3961210499 title=
2026-09-26 02:03:32 | INFO    | mediagrab          | _reconcile_cycle:946 | VC_RECONCILE_FOUND_MISSING chat_id=2144563093 title=
2026-09-26 02:03:32 | INFO    | mediagrab          | _reconcile_cycle:946 | VC_RECONCILE_FOUND_MISSING chat_id=2333937461 title=
2026-09-26 02:03:32 | INFO    | mediagrab          | _reconcile_cycle:946 | VC_RECONCILE_FOUND_MISSING chat_id=1993596337 title=Трейд чатик Vespiol
2026-09-26 02:03:32 | DEBUG   | mediagrab          | _watchdog_loop:1740 | WATCHDOG: talkative handler not registered but effective_disabled source=dashboard_db — not retrying (admin disabled; v99.07 FIX-5)
2026-09-26 02:03:40 | INFO    | mediagrab          | _bot_heartbeat_loop:2756 | ACCOUNT_HEALTH live_clients=2 cluster_accounts=2 dead_sessions=0 unregistered=0 expected_cluster=2 total_files=2 — live_clients counts primary_global + registered cluster sessions; dead files need delete + re-login (SESSION_REMEDIATION); expected_cluster is accounts.json's registry size (v99.03 RC-10)
2026-09-26 02:03:40 | INFO    | mediagrab          | _bot_heartbeat_loop:2840 | BOT_HEARTBEAT pid=7 uptime=18555s rss_mb=166 threads=50 fd=349/1024 joined_transports=20 join_queue=0 active_joins=0 memory_limit_mb=4506 resource_headroom_mb=4339 TASK_POPULATION total=38 FD_CENSUS total=349 soft=1024 sockets=332 pipes=2 files=12 anon=2 other=1 MEM_CENSUS rss_mb=166 threads=50 fd=349/1024 joined_transports=20 joins=_global:J=13/F=0 acc_918335829278:J=6/F=0 acc_919006065076:J=1/F=0 (v98.05 FIX-FF liveness; v98.06 FIX-OO uptime epoch domain; v99.02 FIX-3 FD_CENSUS; v99.10 FIX-D MEM_CENSUS; v99.11 P0-1 single-%s safe emission + resource fields)
2026-09-26 02:04:02 | DEBUG   | mediagrab          | _mtproto_health_loop:5800 | MTProto health check: OK
2026-09-26 02:04:02 | INFO    | mediagrab          | _mtproto_health_loop:5864 | MTPROTO_GENERATION_STATE active=0 retiring=0 retired=0 poisoned=0 generation_sessions=0 live_clients=3
2026-09-26 02:04:24 | INFO    | mediagrab          | vc_collect_capability_evidence:8673 | VC_MULTI_CAPABILITY classification=MULTI_TRANSPORT resolved_count=13 tracked_targets=34 telegram_present=16 leave_target_specific=True confidence=high contradictions=0
2026-09-26 02:04:24 | DEBUG   | mediagrab          | vc_verify_target:8855 | VC_RECONCILE_CLIENT chat_id=-1001949746242 account_id=global source=global_backend_bound
2026-09-26 02:04:24 | INFO    | mediagrab          | resolve_vc_entity:11974 | VC_ENTITY_RESOLVE_START chat_ref=-1001949746242 chat_id=-1001949746242 access_hash=yes
2026-09-26 02:04:24 | INFO    | mediagrab          | resolve_vc_entity:12075 | VC_ENTITY_RESOLVE_CACHE_HIT chat_id=-1001949746242
2026-09-26 02:04:24 | INFO    | mediagrab          | resolve_vc_entity:12076 | VC_ENTITY_RESOLVE_SUCCESS chat_id=-1001949746242 source=cache
2026-09-26 02:04:24 | INFO    | mediagrab          | resolve_vc_entity:12431 | ENTITY_RESOLVE_RPC_COUNT chat_id=-1001949746242 scope=acc_918335829278 rpcs=0 failed_rpcs=0 outcome=RESOLVED_FROM_CACHE duration_ms=0.2 (v98.10 §22)
2026-09-26 02:04:24 | DEBUG   | mediagrab          | cache_entity_scoped:2355 | ENTITY_CACHE_SCOPED account=acc_918335829278 entity_id=1949746242 source=vc_discovery scope=acc_918335829278 (v99 RC-C scope-annotated)
2026-09-26 02:04:24 | INFO    | mediagrab          | vc_detect_active_call:3098 | VC_ENTITY_DISCOVERED entity_id=1949746242 access_hash=<2432…> type=Channel
2026-09-26 02:04:24 | DEBUG   | mediagrab          | vc_verify_target:8965 | VC_PARTICIPATION_REDETECT_OK chat_id=-1001949746242 account_id=global detect_scope=acc_918335829278 source=cache reresolved=0 (v98.07 FIX-QQ)
2026-09-26 02:04:25 | WARNING | mediagrab          | vc_check_telegram_participation:7700 | VC_PARTICIPATION_TARGETED_EMPTY_STREAK chat_id=-1001949746242 call_id=-8374096343459726500 my_id=8624009332 streak=2/3 (v98.02 FIX-L: single/double targeted-empty is UNKNOWN — NOT destructive; awaiting 3 consecutive for absent) — broad scan truncated at 0/2000, targeted EMPTY
2026-09-26 02:04:25 | INFO    | mediagrab          | vc_verify_target:9136 | VC_PARTICIPATION_VERIFY chat_id=-1001949746242 locally_tracked=False telegram=unknown
2026-09-26 02:04:25 | INFO    | mediagrab          | vc_verify_target:9155 | VC_VERIFY_UNKNOWN chat_id=-1001949746242 locally_tracked=False telegram=unknown — explicit verification state (v99.11 P1; never a leave)
2026-09-26 02:04:25 | INFO    | mediagrab          | vc_reconcile_participations:9560 | VC_PARTICIPATION_UNKNOWN chat_id=-1001949746242 — preserving unknown state
2026-09-26 02:04:25 | INFO    | mediagrab          | vc_reconcile_participations:9645 | VC_REGISTRY_UPDATE_CONFIRMED chat_id=-1001949746242 classification=UNKNOWN
2026-09-26 02:04:25 | DEBUG   | mediagrab          | vc_verify_target:8855 | VC_RECONCILE_CLIENT chat_id=1949746242 account_id=acc_918335829278 source=account:acc_918335829278
2026-09-26 02:04:25 | INFO    | mediagrab          | resolve_vc_entity:11974 | VC_ENTITY_RESOLVE_START chat_ref=-1001949746242 chat_id=-1001949746242 access_hash=yes
2026-09-26 02:04:25 | INFO    | mediagrab          | resolve_vc_entity:12075 | VC_ENTITY_RESOLVE_CACHE_HIT chat_id=-1001949746242
2026-09-26 02:04:25 | INFO    | mediagrab          | resolve_vc_entity:12076 | VC_ENTITY_RESOLVE_SUCCESS chat_id=-1001949746242 source=cache
2026-09-26 02:04:25 | INFO    | mediagrab          | resolve_vc_entity:12431 | ENTITY_RESOLVE_RPC_COUNT chat_id=-1001949746242 scope=acc_918335829278 rpcs=0 failed_rpcs=0 outcome=RESOLVED_FROM_CACHE duration_ms=1.0 (v98.10 §22)
2026-09-26 02:04:25 | DEBUG   | mediagrab          | cache_entity_scoped:2355 | ENTITY_CACHE_SCOPED account=acc_918335829278 entity_id=1949746242 source=vc_discovery scope=acc_918335829278 (v99 RC-C scope-annotated)
2026-09-26 02:04:25 | INFO    | mediagrab          | vc_detect_active_call:3098 | VC_ENTITY_DISCOVERED entity_id=1949746242 access_hash=<2432…> type=Channel
2026-09-26 02:04:25 | DEBUG   | mediagrab          | vc_verify_target:8965 | VC_PARTICIPATION_REDETECT_OK chat_id=1949746242 account_id=acc_918335829278 detect_scope=acc_918335829278 source=cache reresolved=0 (v98.07 FIX-QQ)
2026-09-26 02:04:25 | WARNING | mediagrab          | vc_check_telegram_participation:7700 | VC_PARTICIPATION_TARGETED_EMPTY_STREAK chat_id=1949746242 call_id=-8374096343459726500 my_id=8624009332 streak=2/3 (v98.02 FIX-L: single/double targeted-empty is UNKNOWN — NOT destructive; awaiting 3 consecutive for absent) — broad scan truncated at 0/2000, targeted EMPTY
2026-09-26 02:04:25 | INFO    | mediagrab          | vc_verify_target:9136 | VC_PARTICIPATION_VERIFY chat_id=1949746242 locally_tracked=False telegram=unknown
2026-09-26 02:04:25 | INFO    | mediagrab          | vc_verify_target:9155 | VC_VERIFY_UNKNOWN chat_id=1949746242 locally_tracked=False telegram=unknown — explicit verification state (v99.11 P1; never a leave)
2026-09-26 02:04:25 | INFO    | mediagrab          | vc_reconcile_participations:9560 | VC_PARTICIPATION_UNKNOWN chat_id=1949746242 — preserving unknown state
2026-09-26 02:04:25 | INFO    | mediagrab          | vc_reconcile_participations:9645 | VC_REGISTRY_UPDATE_CONFIRMED chat_id=1949746242 classification=UNKNOWN
2026-09-26 02:04:25 | DEBUG   | mediagrab          | vc_verify_target:8730 | VC_RECONCILE_SKIP_COOLDOWN chat_id=-1003717806820 remaining=1483s — recently confirmed dead
2026-09-26 02:04:25 | INFO    | mediagrab          | vc_reconcile_participations:9645 | VC_REGISTRY_UPDATE_CONFIRMED chat_id=-1003717806820 classification=UNKNOWN
2026-09-26 02:04:25 | DEBUG   | mediagrab          | vc_verify_target:8730 | VC_RECONCILE_SKIP_COOLDOWN chat_id=3717806820 remaining=1483s — recently confirmed dead
2026-09-26 02:04:25 | INFO    | mediagrab          | vc_reconcile_participations:9645 | VC_REGISTRY_UPDATE_CONFIRMED chat_id=3717806820 classification=UNKNOWN
2026-09-26 02:04:25 | DEBUG   | mediagrab          | vc_verify_target:8855 | VC_RECONCILE_CLIENT chat_id=-1004493954490 account_id=global source=global_backend_bound
2026-09-26 02:04:25 | INFO    | mediagrab          | resolve_vc_entity:11974 | VC_ENTITY_RESOLVE_START chat_ref=-1004493954490 chat_id=-1004493954490 access_hash=yes
2026-09-26 02:04:25 | INFO    | mediagrab          | resolve_vc_entity:12075 | VC_ENTITY_RESOLVE_CACHE_HIT chat_id=-1004493954490
2026-09-26 02:04:25 | INFO    | mediagrab          | resolve_vc_entity:12076 | VC_ENTITY_RESOLVE_SUCCESS chat_id=-1004493954490 source=cache
2026-09-26 02:04:25 | INFO    | mediagrab          | resolve_vc_entity:12431 | ENTITY_RESOLVE_RPC_COUNT chat_id=-1004493954490 scope=acc_918335829278 rpcs=0 failed_rpcs=0 outcome=RESOLVED_FROM_CACHE duration_ms=0.1 (v98.10 §22)
2026-09-26 02:04:26 | DEBUG   | mediagrab          | cache_entity_scoped:2355 | ENTITY_CACHE_SCOPED account=acc_918335829278 entity_id=4493954490 source=vc_discovery scope=acc_918335829278 (v99 RC-C scope-annotated)
2026-09-26 02:04:26 | INFO    | mediagrab          | vc_detect_active_call:3098 | VC_ENTITY_DISCOVERED entity_id=4493954490 access_hash=<1521…> type=Channel
2026-09-26 02:04:26 | DEBUG   | mediagrab          | vc_verify_target:8965 | VC_PARTICIPATION_REDETECT_OK chat_id=-1004493954490 account_id=global detect_scope=acc_918335829278 source=cache reresolved=0 (v98.07 FIX-QQ)
2026-09-26 02:04:26 | INFO    | mediagrab          | run_wal_checkpoint:769 | WAL_CHECKPOINT_OK busy=0 log_frames=0 checkpointed=0 attempt=1 (v99.11 dedicated-connection checkpoint)
2026-09-26 02:04:26 | INFO    | mediagrab          | vc_check_telegram_participation:7443 | VC_PARTICIPATION_PRESENT chat_id=-1004493954490 call_id=-854643486267583587 my_id=8624009332 pages=1 inspected=1 complete=yes server_count=None participant=[peer=PeerUser(8624009332) flags=is_self,muted,video_joined source=1809589421]
2026-09-26 02:04:26 | INFO    | mediagrab          | vc_verify_target:9136 | VC_PARTICIPATION_VERIFY chat_id=-1004493954490 locally_tracked=False telegram=present
2026-09-26 02:04:26 | INFO    | mediagrab          | vc_verify_target:9155 | VC_VERIFY_MEMBER chat_id=-1004493954490 locally_tracked=False telegram=present — explicit verification state (v99.11 P1; never a leave)
2026-09-26 02:04:26 | INFO    | mediagrab          | vc_reconcile_participations:9645 | VC_REGISTRY_UPDATE_CONFIRMED chat_id=-1004493954490 classification=PARTICIPATING_UNTRACKED
2026-09-26 02:04:26 | DEBUG   | mediagrab          | vc_verify_target:8855 | VC_RECONCILE_CLIENT chat_id=4493954490 account_id=(none) source=primary_legacy
2026-09-26 02:04:26 | INFO    | mediagrab          | resolve_vc_entity:11974 | VC_ENTITY_RESOLVE_START chat_ref=-1004493954490 chat_id=-1004493954490 access_hash=yes
2026-09-26 02:04:26 | INFO    | mediagrab          | resolve_vc_entity:12075 | VC_ENTITY_RESOLVE_CACHE_HIT chat_id=-1004493954490
2026-09-26 02:04:26 | INFO    | mediagrab          | resolve_vc_entity:12076 | VC_ENTITY_RESOLVE_SUCCESS chat_id=-1004493954490 source=cache
2026-09-26 02:04:26 | INFO    | mediagrab          | resolve_vc_entity:12431 | ENTITY_RESOLVE_RPC_COUNT chat_id=-1004493954490 scope=acc_918335829278 rpcs=0 failed_rpcs=0 outcome=RESOLVED_FROM_CACHE duration_ms=0.2 (v98.10 §22)
2026-09-26 02:04:26 | DEBUG   | mediagrab          | cache_entity_scoped:2355 | ENTITY_CACHE_SCOPED account=acc_918335829278 entity_id=4493954490 source=vc_discovery scope=acc_918335829278 (v99 RC-C scope-annotated)
2026-09-26 02:04:26 | INFO    | mediagrab          | vc_detect_active_call:3098 | VC_ENTITY_DISCOVERED entity_id=4493954490 access_hash=<1521…> type=Channel
2026-09-26 02:04:26 | DEBUG   | mediagrab          | vc_verify_target:8965 | VC_PARTICIPATION_REDETECT_OK chat_id=4493954490 account_id=(none) detect_scope=acc_918335829278 source=cache reresolved=0 (v98.07 FIX-QQ)
2026-09-26 02:04:27 | INFO    | mediagrab          | vc_check_telegram_participation:7443 | VC_PARTICIPATION_PRESENT chat_id=4493954490 call_id=-854643486267583587 my_id=8624009332 pages=1 inspected=1 complete=yes server_count=None participant=[peer=PeerUser(8624009332) flags=is_self,muted,video_joined source=1809589421]
2026-09-26 02:04:27 | INFO    | mediagrab          | vc_verify_target:9136 | VC_PARTICIPATION_VERIFY chat_id=4493954490 locally_tracked=False telegram=present
2026-09-26 02:04:27 | INFO    | mediagrab          | vc_verify_target:9155 | VC_VERIFY_MEMBER chat_id=4493954490 locally_tracked=False telegram=present — explicit verification state (v99.11 P1; never a leave)
2026-09-26 02:04:27 | INFO    | mediagrab          | vc_reconcile_participations:9645 | VC_REGISTRY_UPDATE_CONFIRMED chat_id=4493954490 classification=PARTICIPATING_UNTRACKED
2026-09-26 02:04:27 | DEBUG   | mediagrab          | vc_verify_target:8855 | VC_RECONCILE_CLIENT chat_id=-1001741660162 account_id=global source=global_backend_bound
2026-09-26 02:04:27 | INFO    | mediagrab          | resolve_vc_entity:11974 | VC_ENTITY_RESOLVE_START chat_ref=-1001741660162 chat_id=-1001741660162 access_hash=yes
2026-09-26 02:04:27 | INFO    | mediagrab          | resolve_vc_entity:12075 | VC_ENTITY_RESOLVE_CACHE_HIT chat_id=-1001741660162
2026-09-26 02:04:27 | INFO    | mediagrab          | resolve_vc_entity:12076 | VC_ENTITY_RESOLVE_SUCCESS chat_id=-1001741660162 source=cache
2026-09-26 02:04:27 | INFO    | mediagrab          | resolve_vc_entity:12431 | ENTITY_RESOLVE_RPC_COUNT chat_id=-1001741660162 scope=acc_918335829278 rpcs=0 failed_rpcs=0 outcome=RESOLVED_FROM_CACHE duration_ms=0.6 (v98.10 §22)
2026-09-26 02:04:27 | DEBUG   | mediagrab          | cache_entity_scoped:2355 | ENTITY_CACHE_SCOPED account=acc_918335829278 entity_id=1741660162 source=vc_discovery scope=acc_918335829278 (v99 RC-C scope-annotated)
2026-09-26 02:04:27 | INFO    | mediagrab          | vc_detect_active_call:3098 | VC_ENTITY_DISCOVERED entity_id=1741660162 access_hash=<-409…> type=Channel
2026-09-26 02:04:27 | DEBUG   | mediagrab          | vc_verify_target:8965 | VC_PARTICIPATION_REDETECT_OK chat_id=-1001741660162 account_id=global detect_scope=acc_918335829278 source=cache reresolved=0 (v98.07 FIX-QQ)
2026-09-26 02:04:27 | INFO    | mediagrab          | vc_check_telegram_participation:7443 | VC_PARTICIPATION_PRESENT chat_id=-1001741660162 call_id=-7480373434596124204 my_id=8624009332 pages=1 inspected=1 complete=yes server_count=None participant=[peer=PeerUser(8624009332) flags=is_self,muted,video_joined source=1709522862]
2026-09-26 02:04:27 | INFO    | mediagrab          | vc_verify_target:9136 | VC_PARTICIPATION_VERIFY chat_id=-1001741660162 locally_tracked=False telegram=present
2026-09-26 02:04:27 | INFO    | mediagrab          | vc_verify_target:9155 | VC_VERIFY_MEMBER chat_id=-1001741660162 locally_tracked=False telegram=present — explicit verification state (v99.11 P1; never a leave)
2026-09-26 02:04:27 | INFO    | mediagrab          | vc_reconcile_participations:9645 | VC_REGISTRY_UPDATE_CONFIRMED chat_id=-1001741660162 classification=PARTICIPATING_UNTRACKED
2026-09-26 02:04:27 | DEBUG   | mediagrab          | vc_verify_target:8855 | VC_RECONCILE_CLIENT chat_id=1741660162 account_id=(none) source=primary_legacy
2026-09-26 02:04:27 | INFO    | mediagrab          | resolve_vc_entity:11974 | VC_ENTITY_RESOLVE_START chat_ref=-1001741660162 chat_id=-1001741660162 access_hash=yes
2026-09-26 02:04:27 | INFO    | mediagrab          | resolve_vc_entity:12075 | VC_ENTITY_RESOLVE_CACHE_HIT chat_id=-1001741660162
2026-09-26 02:04:27 | INFO    | mediagrab          | resolve_vc_entity:12076 | VC_ENTITY_RESOLVE_SUCCESS chat_id=-1001741660162 source=cache
2026-09-26 02:04:27 | INFO    | mediagrab          | resolve_vc_entity:12431 | ENTITY_RESOLVE_RPC_COUNT chat_id=-1001741660162 scope=acc_918335829278 rpcs=0 failed_rpcs=0 outcome=RESOLVED_FROM_CACHE duration_ms=0.1 (v98.10 §22)
2026-09-26 02:04:27 | INFO    | mediagrab          | _auto_discovery_loop:24664 | AUTO_DISCOVERY_CYCLE_STARTED cycle=6 global_cycle=6 (v98.07 FIX-TT: monotonic across restarts)
2026-09-26 02:04:27 | INFO    | mediagrab          | _auto_discovery_run_one_cycle:25149 | VC_DISCOVERY_PARALLEL_LAUNCHED accounts=1 primary=acc_918335829278 per_account_cap=90s pool=20 (v99.06 FIX-2 — concurrent per-account discovery; queries dedup globally via the claim registry)
2026-09-26 02:04:27 | INFO    | mediagrab_bot.vc_arch | enter:204 | VC_DISCOVERY_PHASE cycle=6 phase=start prev=idle held=0.0s cycle_entry
2026-09-26 02:04:27 | INFO    | mediagrab_bot.vc_arch | enter:204 | VC_DISCOVERY_PHASE cycle=6 phase=candidate_build prev=start held=0.0s merged=172
2026-09-26 02:04:27 | INFO    | mediagrab_bot.vc_arch | enter:204 | VC_DISCOVERY_PHASE cycle=6 phase=query_plan prev=candidate_build held=0.0s selected=20
2026-09-26 02:04:27 | INFO    | mediagrab_bot.vc_arch | record_query_plan:392 | VC_DISCOVERY_QUERY_PLAN cycle=6 scope=primary account=acc_918335829278 exploit=137 explore=35 selected=20 max_q=20 omitted=152 budget_class=item_bound invariant_ok=True
2026-09-26 02:04:27 | INFO    | mediagrab_bot.vc_arch | enter:204 | VC_DISCOVERY_PHASE cycle=6 phase=query_execution prev=query_plan held=0.0s 
2026-09-26 02:04:27 | INFO    | mediagrab          | _vc_discovery_account_pass:24897 | VC_DISCOVERY_ACCOUNT_START account=acc_919006065076 queries_planned=20 cap=90s start_idx=8 (v99.06 FIX-2)
2026-09-26 02:04:27 | INFO    | mediagrab          | v85_diag:3739 | V85_DIAG event=DISCOVERY_CACHE_MISS query=link
2026-09-26 02:04:27 | INFO    | mediagrab          | v85_diag:3739 | V85_DIAG event=DISCOVERY_SCAN query=link source=autonomous
2026-09-26 02:04:27 | INFO    | mediagrab          | v85_diag:3739 | V85_DIAG event=DISCOVERY_V2_SEARCH_START query=link normalized=link variants=1 expand=True
2026-09-26 02:04:27 | DEBUG   | mediagrab          | get_client_for_role:3568 | CLUSTER_ROUTER role=DISCOVERY → fallback persisted primary account=acc_918335829278
2026-09-26 02:04:27 | DEBUG   | mediagrab          | cache_entity_scoped:2355 | ENTITY_CACHE_SCOPED account=acc_918335829278 entity_id=1741660162 source=vc_discovery scope=acc_918335829278 (v99 RC-C scope-annotated)
2026-09-26 02:04:27 | INFO    | mediagrab          | vc_detect_active_call:3098 | VC_ENTITY_DISCOVERED entity_id=1741660162 access_hash=<-409…> type=Channel
2026-09-26 02:04:27 | DEBUG   | mediagrab          | vc_verify_target:8965 | VC_PARTICIPATION_REDETECT_OK chat_id=1741660162 account_id=(none) detect_scope=acc_918335829278 source=cache reresolved=0 (v98.07 FIX-QQ)
2026-09-26 02:04:27 | INFO    | mediagrab          | vc_check_telegram_participation:7443 | VC_PARTICIPATION_PRESENT chat_id=1741660162 call_id=-7480373434596124204 my_id=8624009332 pages=1 inspected=1 complete=yes server_count=None participant=[peer=PeerUser(8624009332) flags=is_self,muted,video_joined source=1709522862]
2026-09-26 02:04:27 | INFO    | mediagrab          | vc_verify_target:9136 | VC_PARTICIPATION_VERIFY chat_id=1741660162 locally_tracked=False telegram=present
2026-09-26 02:04:27 | INFO    | mediagrab          | vc_verify_target:9155 | VC_VERIFY_MEMBER chat_id=1741660162 locally_tracked=False telegram=present — explicit verification state (v99.11 P1; never a leave)
2026-09-26 02:04:27 | INFO    | mediagrab          | vc_reconcile_participations:9645 | VC_REGISTRY_UPDATE_CONFIRMED chat_id=1741660162 classification=PARTICIPATING_UNTRACKED
2026-09-26 02:04:27 | DEBUG   | mediagrab          | vc_verify_target:8855 | VC_RECONCILE_CLIENT chat_id=-1003957856246 account_id=global source=global_backend_bound
2026-09-26 02:04:27 | INFO    | mediagrab          | resolve_vc_entity:11974 | VC_ENTITY_RESOLVE_START chat_ref=-1003957856246 chat_id=-1003957856246 access_hash=yes
2026-09-26 02:04:27 | INFO    | mediagrab          | resolve_vc_entity:12075 | VC_ENTITY_RESOLVE_CACHE_HIT chat_id=-1003957856246
2026-09-26 02:04:27 | INFO    | mediagrab          | resolve_vc_entity:12076 | VC_ENTITY_RESOLVE_SUCCESS chat_id=-1003957856246 source=cache
2026-09-26 02:04:27 | INFO    | mediagrab          | resolve_vc_entity:12431 | ENTITY_RESOLVE_RPC_COUNT chat_id=-1003957856246 scope=acc_918335829278 rpcs=0 failed_rpcs=0 outcome=RESOLVED_FROM_CACHE duration_ms=0.1 (v98.10 §22)
2026-09-26 02:04:28 | INFO    | mediagrab          | v85_diag:3739 | V85_DIAG event=DISCOVERY_STAGE_SEARCH_PAGE source=exact keyword=link page=0 raw_chats=9 raw_users=14
2026-09-26 02:04:28 | DEBUG   | mediagrab          | cache_entity_scoped:2355 | ENTITY_CACHE_SCOPED account=acc_918335829278 entity_id=3957856246 source=vc_discovery scope=acc_918335829278 (v99 RC-C scope-annotated)
2026-09-26 02:04:28 | INFO    | mediagrab          | vc_detect_active_call:3098 | VC_ENTITY_DISCOVERED entity_id=3957856246 access_hash=<-733…> type=Channel
2026-09-26 02:04:28 | DEBUG   | mediagrab          | vc_verify_target:8965 | VC_PARTICIPATION_REDETECT_OK chat_id=-1003957856246 account_id=global detect_scope=acc_918335829278 source=cache reresolved=0 (v98.07 FIX-QQ)
2026-09-26 02:04:28 | INFO    | mediagrab          | v85_diag:3739 | V85_DIAG event=DISCOVERY_STAGE_SEARCH_PAGE source=expand:link chat keyword=link chat page=0 raw_chats=3 raw_users=12
2026-09-26 02:04:28 | INFO    | mediagrab          | v85_diag:3739 | V85_DIAG event=DISCOVERY_STAGE_SEARCH_PAGE source=expand:link group keyword=link group page=0 raw_chats=6 raw_users=15
2026-09-26 02:04:28 | INFO    | mediagrab          | v85_diag:3739 | V85_DIAG event=DISCOVERY_STAGE_SEARCH_PAGE source=expand:link vc keyword=link vc page=0 raw_chats=15 raw_users=19
2026-09-26 02:04:28 | INFO    | mediagrab          | vc_check_telegram_participation:7443 | VC_PARTICIPATION_PRESENT chat_id=-1003957856246 call_id=-7775491097696072747 my_id=8624009332 pages=1 inspected=1 complete=yes server_count=None participant=[peer=PeerUser(8624009332) flags=is_self,muted,video_joined source=1207408936]
2026-09-26 02:04:28 | INFO    | mediagrab          | vc_verify_target:9136 | VC_PARTICIPATION_VERIFY chat_id=-1003957856246 locally_tracked=False telegram=present
2026-09-26 02:04:28 | INFO    | mediagrab          | vc_verify_target:9155 | VC_VERIFY_MEMBER chat_id=-1003957856246 locally_tracked=False telegram=present — explicit verification state (v99.11 P1; never a leave)
2026-09-26 02:04:28 | INFO    | mediagrab          | vc_reconcile_participations:9645 | VC_REGISTRY_UPDATE_CONFIRMED chat_id=-1003957856246 classification=PARTICIPATING_UNTRACKED
2026-09-26 02:04:28 | DEBUG   | mediagrab          | vc_verify_target:8855 | VC_RECONCILE_CLIENT chat_id=3957856246 account_id=(none) source=primary_legacy
2026-09-26 02:04:28 | INFO    | mediagrab          | resolve_vc_entity:11974 | VC_ENTITY_RESOLVE_START chat_ref=-1003957856246 chat_id=-1003957856246 access_hash=yes
2026-09-26 02:04:28 | INFO    | mediagrab          | resolve_vc_entity:12075 | VC_ENTITY_RESOLVE_CACHE_HIT chat_id=-1003957856246
2026-09-26 02:04:28 | INFO    | mediagrab          | resolve_vc_entity:12076 | VC_ENTITY_RESOLVE_SUCCESS chat_id=-1003957856246 source=cache
2026-09-26 02:04:28 | INFO    | mediagrab          | resolve_vc_entity:12431 | ENTITY_RESOLVE_RPC_COUNT chat_id=-1003957856246 scope=acc_918335829278 rpcs=0 failed_rpcs=0 outcome=RESOLVED_FROM_CACHE duration_ms=0.3 (v98.10 §22)
2026-09-26 02:04:29 | INFO    | mediagrab          | v85_diag:3739 | V85_DIAG event=DISCOVERY_STAGE_SEARCH_PAGE source=expand:link community keyword=link community page=0 raw_chats=16 raw_users=30
2026-09-26 02:04:29 | INFO    | mediagrab          | v85_diag:3739 | V85_DIAG event=DISCOVERY_STAGE_SEARCH_PAGE source=expand:link discussion keyword=link discussion page=0 raw_chats=20 raw_users=34
2026-09-26 02:04:29 | DEBUG   | mediagrab          | cache_entity_scoped:2355 | ENTITY_CACHE_SCOPED account=acc_918335829278 entity_id=3957856246 source=vc_discovery scope=acc_918335829278 (v99 RC-C scope-annotated)
2026-09-26 02:04:29 | INFO    | mediagrab          | vc_detect_active_call:3098 | VC_ENTITY_DISCOVERED entity_id=3957856246 access_hash=<-733…> type=Channel
2026-09-26 02:04:29 | DEBUG   | mediagrab          | vc_verify_target:8965 | VC_PARTICIPATION_REDETECT_OK chat_id=3957856246 account_id=(none) detect_scope=acc_918335829278 source=cache reresolved=0 (v98.07 FIX-QQ)
2026-09-26 02:04:29 | INFO    | mediagrab          | vc_check_telegram_participation:7443 | VC_PARTICIPATION_PRESENT chat_id=3957856246 call_id=-7775491097696072747 my_id=8624009332 pages=1 inspected=1 complete=yes server_count=None participant=[peer=PeerUser(8624009332) flags=is_self,muted,video_joined source=1207408936]
2026-09-26 02:04:29 | INFO    | mediagrab          | vc_verify_target:9136 | VC_PARTICIPATION_VERIFY chat_id=3957856246 locally_tracked=False telegram=present
2026-09-26 02:04:29 | INFO    | mediagrab          | vc_verify_target:9155 | VC_VERIFY_MEMBER chat_id=3957856246 locally_tracked=False telegram=present — explicit verification state (v99.11 P1; never a leave)
2026-09-26 02:04:29 | INFO    | mediagrab          | vc_reconcile_participations:9645 | VC_REGISTRY_UPDATE_CONFIRMED chat_id=3957856246 classification=PARTICIPATING_UNTRACKED
2026-09-26 02:04:29 | DEBUG   | mediagrab          | vc_verify_target:8730 | VC_RECONCILE_SKIP_COOLDOWN chat_id=-1003961210499 remaining=845s — recently confirmed dead
2026-09-26 02:04:29 | INFO    | mediagrab          | vc_reconcile_participations:9645 | VC_REGISTRY_UPDATE_CONFIRMED chat_id=-1003961210499 classification=UNKNOWN
2026-09-26 02:04:29 | DEBUG   | mediagrab          | vc_verify_target:8730 | VC_RECONCILE_SKIP_COOLDOWN chat_id=3961210499 remaining=845s — recently confirmed dead
2026-09-26 02:04:29 | INFO    | mediagrab          | vc_reconcile_participations:9645 | VC_REGISTRY_UPDATE_CONFIRMED chat_id=3961210499 classification=UNKNOWN
2026-09-26 02:04:29 | DEBUG   | mediagrab          | vc_verify_target:8855 | VC_RECONCILE_CLIENT chat_id=-1002144563093 account_id=acc_919006065076 source=account:acc_919006065076
2026-09-26 02:04:29 | INFO    | mediagrab          | resolve_vc_entity:11974 | VC_ENTITY_RESOLVE_START chat_ref=-1002144563093 chat_id=-1002144563093 access_hash=yes
2026-09-26 02:04:29 | INFO    | mediagrab          | resolve_vc_entity:12075 | VC_ENTITY_RESOLVE_CACHE_HIT chat_id=-1002144563093
2026-09-26 02:04:29 | INFO    | mediagrab          | resolve_vc_entity:12076 | VC_ENTITY_RESOLVE_SUCCESS chat_id=-1002144563093 source=cache
2026-09-26 02:04:29 | INFO    | mediagrab          | resolve_vc_entity:12431 | ENTITY_RESOLVE_RPC_COUNT chat_id=-1002144563093 scope=acc_919006065076 rpcs=0 failed_rpcs=0 outcome=RESOLVED_FROM_CACHE duration_ms=0.3 (v98.10 §22)
2026-09-26 02:04:30 | DEBUG   | mediagrab          | cache_entity_scoped:2355 | ENTITY_CACHE_SCOPED account=acc_919006065076 entity_id=2144563093 source=vc_discovery scope=acc_919006065076 (v99 RC-C scope-annotated)
2026-09-26 02:04:30 | INFO    | mediagrab          | vc_detect_active_call:3098 | VC_ENTITY_DISCOVERED entity_id=2144563093 access_hash=<-106…> type=Channel
2026-09-26 02:04:30 | DEBUG   | mediagrab          | vc_verify_target:8965 | VC_PARTICIPATION_REDETECT_OK chat_id=-1002144563093 account_id=acc_919006065076 detect_scope=acc_919006065076 source=cache reresolved=0 (v98.07 FIX-QQ)
2026-09-26 02:04:31 | WARNING | mediagrab          | vc_check_telegram_participation:7700 | VC_PARTICIPATION_TARGETED_EMPTY_STREAK chat_id=-1002144563093 call_id=-9210828346574712743 my_id=8699582859 streak=2/3 (v98.02 FIX-L: single/double targeted-empty is UNKNOWN — NOT destructive; awaiting 3 consecutive for absent) — broad scan truncated at 0/2000, targeted EMPTY
2026-09-26 02:04:31 | INFO    | mediagrab          | vc_verify_target:9136 | VC_PARTICIPATION_VERIFY chat_id=-1002144563093 locally_tracked=False telegram=unknown
2026-09-26 02:04:31 | INFO    | mediagrab          | vc_verify_target:9155 | VC_VERIFY_UNKNOWN chat_id=-1002144563093 locally_tracked=False telegram=unknown — explicit verification state (v99.11 P1; never a leave)
2026-09-26 02:04:31 | INFO    | mediagrab          | vc_reconcile_participations:9560 | VC_PARTICIPATION_UNKNOWN chat_id=-1002144563093 — preserving unknown state
2026-09-26 02:04:31 | INFO    | mediagrab          | vc_reconcile_participations:9645 | VC_REGISTRY_UPDATE_CONFIRMED chat_id=-1002144563093 classification=UNKNOWN
2026-09-26 02:04:31 | DEBUG   | mediagrab          | vc_verify_target:8855 | VC_RECONCILE_CLIENT chat_id=2144563093 account_id=acc_919006065076 source=account:acc_919006065076
2026-09-26 02:04:31 | INFO    | mediagrab          | resolve_vc_entity:11974 | VC_ENTITY_RESOLVE_START chat_ref=-1002144563093 chat_id=-1002144563093 access_hash=yes
2026-09-26 02:04:31 | INFO    | mediagrab          | resolve_vc_entity:12075 | VC_ENTITY_RESOLVE_CACHE_HIT chat_id=-1002144563093
2026-09-26 02:04:31 | INFO    | mediagrab          | resolve_vc_entity:12076 | VC_ENTITY_RESOLVE_SUCCESS chat_id=-1002144563093 source=cache
2026-09-26 02:04:31 | INFO    | mediagrab          | resolve_vc_entity:12431 | ENTITY_RESOLVE_RPC_COUNT chat_id=-1002144563093 scope=acc_919006065076 rpcs=0 failed_rpcs=0 outcome=RESOLVED_FROM_CACHE duration_ms=0.1 (v98.10 §22)
2026-09-26 02:04:31 | DEBUG   | mediagrab          | cache_entity_scoped:2355 | ENTITY_CACHE_SCOPED account=acc_919006065076 entity_id=2144563093 source=vc_discovery scope=acc_919006065076 (v99 RC-C scope-annotated)
2026-09-26 02:04:31 | INFO    | mediagrab          | vc_detect_active_call:3098 | VC_ENTITY_DISCOVERED entity_id=2144563093 access_hash=<-106…> type=Channel
2026-09-26 02:04:31 | DEBUG   | mediagrab          | vc_verify_target:8965 | VC_PARTICIPATION_REDETECT_OK chat_id=2144563093 account_id=acc_919006065076 detect_scope=acc_919006065076 source=cache reresolved=0 (v98.07 FIX-QQ)
2026-09-26 02:04:32 | DEBUG   | mediagrab          | _mtproto_health_loop:5800 | MTProto health check: OK
2026-09-26 02:04:32 | INFO    | mediagrab          | _mtproto_health_loop:5864 | MTPROTO_GENERATION_STATE active=0 retiring=0 retired=0 poisoned=0 generation_sessions=0 live_clients=3
2026-09-26 02:04:32 | INFO    | mediagrab          | _reconcile_cycle:917 | VC_COVERAGE_RECONCILE_START active=40 joined=28 missing=12 retry_ready=0 persistent_retry_queue_total=0 persistent_retry_queue_ready=0
2026-09-26 02:04:32 | INFO    | mediagrab          | _reconcile_cycle:946 | VC_RECONCILE_FOUND_MISSING chat_id=1949746242 title=
2026-09-26 02:04:32 | INFO    | mediagrab          | _reconcile_cycle:946 | VC_RECONCILE_FOUND_MISSING chat_id=3717806820 title=
2026-09-26 02:04:32 | INFO    | mediagrab          | _reconcile_cycle:946 | VC_RECONCILE_FOUND_MISSING chat_id=3961210499 title=
2026-09-26 02:04:32 | INFO    | mediagrab          | _reconcile_cycle:946 | VC_RECONCILE_FOUND_MISSING chat_id=2144563093 title=
2026-09-26 02:04:32 | INFO    | mediagrab          | _reconcile_cycle:946 | VC_RECONCILE_FOUND_MISSING chat_id=2333937461 title=
2026-09-26 02:04:32 | INFO    | mediagrab          | _reconcile_cycle:946 | VC_RECONCILE_FOUND_MISSING chat_id=1993596337 title=Трейд чатик Vespiol
2026-09-26 02:04:32 | DEBUG   | mediagrab          | _watchdog_loop:1740 | WATCHDOG: talkative handler not registered but effective_disabled source=dashboard_db — not retrying (admin disabled; v99.07 FIX-5)
2026-09-26 02:04:40 | INFO    | mediagrab          | _bot_heartbeat_loop:2840 | BOT_HEARTBEAT pid=7 uptime=18615s rss_mb=166 threads=50 fd=349/1024 joined_transports=20 join_queue=0 active_joins=0 memory_limit_mb=4506 resource_headroom_mb=4339 FD_CENSUS total=349 soft=1024 sockets=331 pipes=2 files=13 anon=2 other=1 MEM_CENSUS rss_mb=166 threads=50 fd=349/1024 joined_transports=20 joins=_global:J=13/F=0 acc_918335829278:J=6/F=0 acc_919006065076:J=1/F=0 (v98.05 FIX-FF liveness; v98.06 FIX-OO uptime epoch domain; v99.02 FIX-3 FD_CENSUS; v99.10 FIX-D MEM_CENSUS; v99.11 P0-1 single-%s safe emission + resource fields)
2026-09-26 02:04:41 | WARNING | mediagrab          | vc_reconcile_participations:9483 | VC_RECONCILE_TIMEOUT chat_id=2144563093 — classified UNKNOWN cause=rpc_timeout_or_account_disconnect
2026-09-26 02:04:41 | DEBUG   | mediagrab          | vc_verify_target:8855 | VC_RECONCILE_CLIENT chat_id=-1003875970076 account_id=global source=global_backend_bound
2026-09-26 02:04:41 | INFO    | mediagrab          | resolve_vc_entity:11974 | VC_ENTITY_RESOLVE_START chat_ref=-1003875970076 chat_id=-1003875970076 access_hash=yes
2026-09-26 02:04:41 | INFO    | mediagrab          | resolve_vc_entity:12075 | VC_ENTITY_RESOLVE_CACHE_HIT chat_id=-1003875970076
2026-09-26 02:04:41 | INFO    | mediagrab          | resolve_vc_entity:12076 | VC_ENTITY_RESOLVE_SUCCESS chat_id=-1003875970076 source=cache
2026-09-26 02:04:41 | INFO    | mediagrab          | resolve_vc_entity:12431 | ENTITY_RESOLVE_RPC_COUNT chat_id=-1003875970076 scope=acc_918335829278 rpcs=0 failed_rpcs=0 outcome=RESOLVED_FROM_CACHE duration_ms=0.6 (v98.10 §22)
2026-09-26 02:04:41 | WARNING | mediagrab          | mtproto_call_with_retry:5563 | MTProto RPC timed out after 10s (attempt 1/3)
2026-09-26 02:04:42 | WARNING | mediagrab          | mtproto_call_with_retry:5563 | MTProto RPC timed out after 10s (attempt 1/3)
2026-09-26 02:04:42 | WARNING | mediagrab          | mtproto_call_with_retry:5563 | MTProto RPC timed out after 10s (attempt 1/3)
2026-09-26 02:04:51 | INFO    | mediagrab          | mark_unknown:374 | VC_COORDINATOR_MARK_UNKNOWN chat_id=-1003875970076 prev=idle reason=reconcile_timeout:rpc_timeout_or_account_disconnect
2026-09-26 02:04:51 | WARNING | mediagrab          | vc_reconcile_participations:9483 | VC_RECONCILE_TIMEOUT chat_id=-1003875970076 — classified UNKNOWN cause=rpc_timeout_or_account_disconnect
2026-09-26 02:04:51 | DEBUG   | mediagrab          | vc_verify_target:8855 | VC_RECONCILE_CLIENT chat_id=3875970076 account_id=acc_919006065076 source=account:acc_919006065076
2026-09-26 02:04:51 | INFO    | mediagrab          | resolve_vc_entity:11974 | VC_ENTITY_RESOLVE_START chat_ref=-1003875970076 chat_id=-1003875970076 access_hash=yes
2026-09-26 02:04:51 | WARNING | mediagrab          | resolve_vc_entity:12062 | VC_HASH_SCOPE_MISMATCH chat_id=-1003875970076 entry_scope=acc_918335829278 consumer_scope=acc_919006065076 — skipping cache hit, re-resolving for this client (v98.07 FIX-QQ)
2026-09-26 02:04:51 | INFO    | mediagrab          | _v9810_scope_route:11809 | ENTITY_RESOLVE_ACCOUNT_SWITCH chat_id=-1003875970076 from_scope=acc_919006065076 to_account=acc_918335829278 reason=known_good_scope verified_at=10s ago (v98.10 §15 Step 0c — targeted routing, not a blind rotation)
2026-09-26 02:04:51 | INFO    | mediagrab          | _v9810_scope_route:11837 | ENTITY_RESOLVE_CACHE_HIT chat_id=-1003875970076 scope=acc_918335829278 source=scope_state age=10s (v98.10 §15 Step 0c — fresh known-good object, 0 RPCs)
2026-09-26 02:04:51 | INFO    | mediagrab          | resolve_vc_entity:12431 | ENTITY_RESOLVE_RPC_COUNT chat_id=-1003875970076 scope=acc_919006065076 rpcs=0 failed_rpcs=0 outcome=RESOLVED_VIA_ROTATION duration_ms=0.2 (v98.10 §22)
2026-09-26 02:04:51 | WARNING | mediagrab          | mtproto_call_with_retry:5563 | MTProto RPC timed out after 10s (attempt 1/3)
2026-09-26 02:04:52 | WARNING | mediagrab          | mtproto_call_with_retry:5563 | MTProto RPC timed out after 10s (attempt 1/3)
2026-09-26 02:04:55 | DEBUG   | mediagrab          | cache_entity_scoped:2355 | ENTITY_CACHE_SCOPED account=acc_918335829278 entity_id=3875970076 source=vc_discovery scope=acc_918335829278 (v99 RC-C scope-annotated)
2026-09-26 02:04:55 | INFO    | mediagrab          | vc_detect_active_call:3098 | VC_ENTITY_DISCOVERED entity_id=3875970076 access_hash=<-994…> type=Channel
2026-09-26 02:04:55 | DEBUG   | mediagrab          | vc_verify_target:8965 | VC_PARTICIPATION_REDETECT_OK chat_id=3875970076 account_id=acc_919006065076 detect_scope=acc_918335829278 source=account_rotation:acc_918335829278 reresolved=0 (v98.07 FIX-QQ)
2026-09-26 02:04:56 | INFO    | mediagrab          | vc_check_telegram_participation:7356 | VC_PARTICIPATION_STALE_CALL chat_id=3875970076 call_id=-7423792675553208312 exc=GroupcallInvalidError — the queried (id, access_hash) pair is NOT a live call: STALE CALL IDENTITY, returning unknown (NOT absent; the pipeline re-detects the current pair and re-verifies) (v99.05 RC-F4)
2026-09-26 02:04:56 | INFO    | mediagrab          | vc_check_telegram_participation:7370 | VC_VERIFY_STALE_IDENTITY chat_id=3875970076 call_id=-7423792675553208312 — detect stale identity → re-resolve current pair → verify → atomically update cache; existing healthy transport PRESERVED (never a leave; v99.11 P1)
2026-09-26 02:04:56 | INFO    | mediagrab          | vc_verify_target:9136 | VC_PARTICIPATION_VERIFY chat_id=3875970076 locally_tracked=False telegram=unknown
2026-09-26 02:04:56 | INFO    | mediagrab          | vc_verify_target:9155 | VC_VERIFY_UNKNOWN chat_id=3875970076 locally_tracked=False telegram=unknown — explicit verification state (v99.11 P1; never a leave)
2026-09-26 02:04:56 | INFO    | mediagrab          | vc_reconcile_participations:9560 | VC_PARTICIPATION_UNKNOWN chat_id=3875970076 — preserving unknown state
2026-09-26 02:04:56 | INFO    | mediagrab          | vc_reconcile_participations:9645 | VC_REGISTRY_UPDATE_CONFIRMED chat_id=3875970076 classification=UNKNOWN
2026-09-26 02:04:56 | DEBUG   | mediagrab          | vc_verify_target:8855 | VC_RECONCILE_CLIENT chat_id=-1004366077086 account_id=global source=global_backend_bound
2026-09-26 02:04:56 | INFO    | mediagrab          | resolve_vc_entity:11974 | VC_ENTITY_RESOLVE_START chat_ref=-1004366077086 chat_id=-1004366077086 access_hash=yes
2026-09-26 02:04:56 | INFO    | mediagrab          | resolve_vc_entity:12075 | VC_ENTITY_RESOLVE_CACHE_HIT chat_id=-1004366077086
2026-09-26 02:04:56 | INFO    | mediagrab          | resolve_vc_entity:12076 | VC_ENTITY_RESOLVE_SUCCESS chat_id=-1004366077086 source=cache
2026-09-26 02:04:56 | INFO    | mediagrab          | resolve_vc_entity:12431 | ENTITY_RESOLVE_RPC_COUNT chat_id=-1004366077086 scope=acc_918335829278 rpcs=0 failed_rpcs=0 outcome=RESOLVED_FROM_CACHE duration_ms=0.1 (v98.10 §22)
2026-09-26 02:04:56 | DEBUG   | mediagrab          | cache_entity_scoped:2355 | ENTITY_CACHE_SCOPED account=acc_918335829278 entity_id=4366077086 source=vc_discovery scope=acc_918335829278 (v99 RC-C scope-annotated)
2026-09-26 02:04:56 | INFO    | mediagrab          | vc_detect_active_call:3098 | VC_ENTITY_DISCOVERED entity_id=4366077086 access_hash=<-334…> type=Channel
2026-09-26 02:04:56 | DEBUG   | mediagrab          | vc_verify_target:8965 | VC_PARTICIPATION_REDETECT_OK chat_id=-1004366077086 account_id=global detect_scope=acc_918335829278 source=cache reresolved=0 (v98.07 FIX-QQ)
2026-09-26 02:04:57 | INFO    | mediagrab          | v85_diag:3739 | V85_DIAG event=DISCOVERY_SEARCH_FULL_DONE query=link normalized=link ok=True entities=30 pages=6 queries=6 runtime_ms=29864
2026-09-26 02:04:57 | INFO    | mediagrab          | v85_diag:3739 | V85_DIAG event=FILTER_PUBLIC count=16
2026-09-26 02:04:57 | INFO    | mediagrab          | v85_diag:3739 | V85_DIAG event=FILTER_PRIVATE count=14
2026-09-26 02:04:57 | INFO    | mediagrab          | v85_diag:3739 | V85_DIAG event=DISCOVERY_V2_SEARCH_FINAL query=link normalized=link raw=30 groups=30 channels=0 reason= accounts=1 variants=1 runtime_ms=29864
2026-09-26 02:04:57 | INFO    | mediagrab          | _vc_join_quarantined:17160 | VC_JOIN_QUARANTINE_EXPIRED chat_id=1949746242 cycles=8 — target eligible again (v98.12-FINAL2 FIX-TQ)
2026-09-26 02:04:57 | INFO    | mediagrab          | _vc_capacity_aware_join:23529 | VC_DISCOVERY_DEFERRED group_id=1949746242 title=𝐃𝐎𝐂𝐓𝐎𝐑 𝐊𝐈 𝐃𝐔𝐍𝐈𝐘𝐀 QUIZ GROUP queue=20
2026-09-26 02:04:57 | INFO    | mediagrab          | v85_diag:3739 | V85_DIAG event=DISCOVERY_RESULT_SKIPPED group_id=2408721117 reason=duplicate_claim
2026-09-26 02:04:57 | INFO    | mediagrab          | _vc_join_quarantined:17160 | VC_JOIN_QUARANTINE_EXPIRED chat_id=2144563093 cycles=8 — target eligible again (v98.12-FINAL2 FIX-TQ)
2026-09-26 02:04:57 | INFO    | mediagrab          | _vc_capacity_aware_join:23529 | VC_DISCOVERY_DEFERRED group_id=2144563093 title=𝙂𝙇𝙊𝘽𝘼𝙇 𝘾𝙃𝘼𝙏𝙍𝙊𝙊𝙈 queue=21
2026-09-26 02:04:57 | INFO    | mediagrab          | _vc_capacity_aware_join:23529 | VC_DISCOVERY_DEFERRED group_id=3875970076 title=⚚𝙉𝙄𝙂𝙃𝙏𝙈𝘼𝙍𝞝𝐒𝐐𝐔𝐀𝐃𓂃𓃮×̷̷×̷ Noobs queue=22
2026-09-26 02:04:57 | WARNING | mediagrab          | vc_check_telegram_participation:7700 | VC_PARTICIPATION_TARGETED_EMPTY_STREAK chat_id=-1004366077086 call_id=-305414218191178015 my_id=8624009332 streak=2/3 (v98.02 FIX-L: single/double targeted-empty is UNKNOWN — NOT destructive; awaiting 3 consecutive for absent) — broad scan truncated at 0/2000, targeted EMPTY
2026-09-26 02:04:57 | INFO    | mediagrab          | vc_verify_target:9136 | VC_PARTICIPATION_VERIFY chat_id=-1004366077086 locally_tracked=False telegram=unknown
2026-09-26 02:04:57 | INFO    | mediagrab          | vc_verify_target:9155 | VC_VERIFY_UNKNOWN chat_id=-1004366077086 locally_tracked=False telegram=unknown — explicit verification state (v99.11 P1; never a leave)
2026-09-26 02:04:57 | INFO    | mediagrab          | vc_reconcile_participations:9560 | VC_PARTICIPATION_UNKNOWN chat_id=-1004366077086 — preserving unknown state
2026-09-26 02:04:57 | INFO    | mediagrab          | vc_reconcile_participations:9645 | VC_REGISTRY_UPDATE_CONFIRMED chat_id=-1004366077086 classification=UNKNOWN
2026-09-26 02:04:57 | DEBUG   | mediagrab          | vc_verify_target:8855 | VC_RECONCILE_CLIENT chat_id=4366077086 account_id=acc_919006065076 source=account:acc_919006065076
2026-09-26 02:04:57 | INFO    | mediagrab          | resolve_vc_entity:11974 | VC_ENTITY_RESOLVE_START chat_ref=-1004366077086 chat_id=-1004366077086 access_hash=yes
2026-09-26 02:04:57 | WARNING | mediagrab          | resolve_vc_entity:12062 | VC_HASH_SCOPE_MISMATCH chat_id=-1004366077086 entry_scope=acc_918335829278 consumer_scope=acc_919006065076 — skipping cache hit, re-resolving for this client (v98.07 FIX-QQ)
2026-09-26 02:04:57 | INFO    | mediagrab          | _v9810_scope_route:11809 | ENTITY_RESOLVE_ACCOUNT_SWITCH chat_id=-1004366077086 from_scope=acc_919006065076 to_account=acc_918335829278 reason=known_good_scope verified_at=1s ago (v98.10 §15 Step 0c — targeted routing, not a blind rotation)
2026-09-26 02:04:57 | INFO    | mediagrab          | _v9810_scope_route:11837 | ENTITY_RESOLVE_CACHE_HIT chat_id=-1004366077086 scope=acc_918335829278 source=scope_state age=1s (v98.10 §15 Step 0c — fresh known-good object, 0 RPCs)
2026-09-26 02:04:57 | INFO    | mediagrab          | resolve_vc_entity:12431 | ENTITY_RESOLVE_RPC_COUNT chat_id=-1004366077086 scope=acc_919006065076 rpcs=0 failed_rpcs=0 outcome=RESOLVED_VIA_ROTATION duration_ms=0.2 (v98.10 §22)
2026-09-26 02:04:57 | DEBUG   | mediagrab          | cache_entity_scoped:2355 | ENTITY_CACHE_SCOPED account=acc_918335829278 entity_id=4366077086 source=vc_discovery scope=acc_918335829278 (v99 RC-C scope-annotated)
2026-09-26 02:04:57 | INFO    | mediagrab          | vc_detect_active_call:3098 | VC_ENTITY_DISCOVERED entity_id=4366077086 access_hash=<-334…> type=Channel
2026-09-26 02:04:57 | DEBUG   | mediagrab          | vc_verify_target:8965 | VC_PARTICIPATION_REDETECT_OK chat_id=4366077086 account_id=acc_919006065076 detect_scope=acc_918335829278 source=account_rotation:acc_918335829278 reresolved=0 (v98.07 FIX-QQ)
2026-09-26 02:04:58 | INFO    | mediagrab          | vc_check_telegram_participation:7356 | VC_PARTICIPATION_STALE_CALL chat_id=4366077086 call_id=-305414218191178015 exc=GroupcallInvalidError — the queried (id, access_hash) pair is NOT a live call: STALE CALL IDENTITY, returning unknown (NOT absent; the pipeline re-detects the current pair and re-verifies) (v99.05 RC-F4)
2026-09-26 02:04:58 | INFO    | mediagrab          | vc_check_telegram_participation:7370 | VC_VERIFY_STALE_IDENTITY chat_id=4366077086 call_id=-305414218191178015 — detect stale identity → re-resolve current pair → verify → atomically update cache; existing healthy transport PRESERVED (never a leave; v99.11 P1)
2026-09-26 02:04:58 | INFO    | mediagrab          | vc_verify_target:9136 | VC_PARTICIPATION_VERIFY chat_id=4366077086 locally_tracked=False telegram=unknown
2026-09-26 02:04:58 | INFO    | mediagrab          | vc_verify_target:9155 | VC_VERIFY_UNKNOWN chat_id=4366077086 locally_tracked=False telegram=unknown — explicit verification state (v99.11 P1; never a leave)
2026-09-26 02:04:58 | INFO    | mediagrab          | vc_reconcile_participations:9529 | VC_RECONCILE_DEFERRED_UNKNOWN chat_id=4366077086 — preserving joined state (backend evidence)
2026-09-26 02:04:58 | INFO    | mediagrab          | vc_reconcile_participations:9645 | VC_REGISTRY_UPDATE_CONFIRMED chat_id=4366077086 classification=LOCALLY_TRACKED_UNCONFIRMED
2026-09-26 02:04:58 | DEBUG   | mediagrab          | vc_verify_target:8855 | VC_RECONCILE_CLIENT chat_id=-1002592942176 account_id=global source=global_backend_bound
2026-09-26 02:04:58 | INFO    | mediagrab          | resolve_vc_entity:11974 | VC_ENTITY_RESOLVE_START chat_ref=-1002592942176 chat_id=-1002592942176 access_hash=yes
2026-09-26 02:04:58 | INFO    | mediagrab          | resolve_vc_entity:12075 | VC_ENTITY_RESOLVE_CACHE_HIT chat_id=-1002592942176
2026-09-26 02:04:58 | INFO    | mediagrab          | resolve_vc_entity:12076 | VC_ENTITY_RESOLVE_SUCCESS chat_id=-1002592942176 source=cache
2026-09-26 02:04:58 | INFO    | mediagrab          | resolve_vc_entity:12431 | ENTITY_RESOLVE_RPC_COUNT chat_id=-1002592942176 scope=acc_918335829278 rpcs=0 failed_rpcs=0 outcome=RESOLVED_FROM_CACHE duration_ms=0.9 (v98.10 §22)
2026-09-26 02:04:58 | DEBUG   | mediagrab          | cache_entity_scoped:2355 | ENTITY_CACHE_SCOPED account=acc_918335829278 entity_id=2592942176 source=vc_discovery scope=acc_918335829278 (v99 RC-C scope-annotated)
2026-09-26 02:04:58 | INFO    | mediagrab          | vc_detect_active_call:3098 | VC_ENTITY_DISCOVERED entity_id=2592942176 access_hash=<-832…> type=Channel
2026-09-26 02:04:58 | DEBUG   | mediagrab          | vc_verify_target:8965 | VC_PARTICIPATION_REDETECT_OK chat_id=-1002592942176 account_id=global detect_scope=acc_918335829278 source=cache reresolved=0 (v98.07 FIX-QQ)
2026-09-26 02:04:58 | INFO    | mediagrab          | vc_check_telegram_participation:7443 | VC_PARTICIPATION_PRESENT chat_id=-1002592942176 call_id=-1913229805195004447 my_id=8624009332 pages=1 inspected=1 complete=yes server_count=None participant=[peer=PeerUser(8624009332) flags=is_self,muted,video_joined source=247928894]
2026-09-26 02:04:58 | INFO    | mediagrab          | vc_verify_target:9136 | VC_PARTICIPATION_VERIFY chat_id=-1002592942176 locally_tracked=False telegram=present
2026-09-26 02:04:58 | INFO    | mediagrab          | vc_verify_target:9155 | VC_VERIFY_MEMBER chat_id=-1002592942176 locally_tracked=False telegram=present — explicit verification state (v99.11 P1; never a leave)
2026-09-26 02:04:58 | INFO    | mediagrab          | vc_reconcile_participations:9645 | VC_REGISTRY_UPDATE_CONFIRMED chat_id=-1002592942176 classification=PARTICIPATING_UNTRACKED
2026-09-26 02:04:58 | DEBUG   | mediagrab          | vc_verify_target:8855 | VC_RECONCILE_CLIENT chat_id=2592942176 account_id=acc_919006065076 source=account:acc_919006065076
2026-09-26 02:04:58 | INFO    | mediagrab          | resolve_vc_entity:11974 | VC_ENTITY_RESOLVE_START chat_ref=-1002592942176 chat_id=-1002592942176 access_hash=yes
2026-09-26 02:04:58 | WARNING | mediagrab          | resolve_vc_entity:12062 | VC_HASH_SCOPE_MISMATCH chat_id=-1002592942176 entry_scope=acc_918335829278 consumer_scope=acc_919006065076 — skipping cache hit, re-resolving for this client (v98.07 FIX-QQ)
2026-09-26 02:04:58 | INFO    | mediagrab          | _v9810_scope_route:11809 | ENTITY_RESOLVE_ACCOUNT_SWITCH chat_id=-1002592942176 from_scope=acc_919006065076 to_account=acc_918335829278 reason=known_good_scope verified_at=1s ago (v98.10 §15 Step 0c — targeted routing, not a blind rotation)
2026-09-26 02:04:58 | INFO    | mediagrab          | _v9810_scope_route:11837 | ENTITY_RESOLVE_CACHE_HIT chat_id=-1002592942176 scope=acc_918335829278 source=scope_state age=1s (v98.10 §15 Step 0c — fresh known-good object, 0 RPCs)
2026-09-26 02:04:58 | INFO    | mediagrab          | resolve_vc_entity:12431 | ENTITY_RESOLVE_RPC_COUNT chat_id=-1002592942176 scope=acc_919006065076 rpcs=0 failed_rpcs=0 outcome=RESOLVED_VIA_ROTATION duration_ms=0.5 (v98.10 §22)
2026-09-26 02:04:58 | DEBUG   | mediagrab          | cache_entity_scoped:2355 | ENTITY_CACHE_SCOPED account=acc_918335829278 entity_id=2592942176 source=vc_discovery scope=acc_918335829278 (v99 RC-C scope-annotated)
2026-09-26 02:04:58 | INFO    | mediagrab          | vc_detect_active_call:3098 | VC_ENTITY_DISCOVERED entity_id=2592942176 access_hash=<-832…> type=Channel
2026-09-26 02:04:58 | DEBUG   | mediagrab          | vc_verify_target:8965 | VC_PARTICIPATION_REDETECT_OK chat_id=2592942176 account_id=acc_919006065076 detect_scope=acc_918335829278 source=account_rotation:acc_918335829278 reresolved=0 (v98.07 FIX-QQ)
2026-09-26 02:04:59 | INFO    | mediagrab          | vc_check_telegram_participation:7356 | VC_PARTICIPATION_STALE_CALL chat_id=2592942176 call_id=-1913229805195004447 exc=GroupcallInvalidError — the queried (id, access_hash) pair is NOT a live call: STALE CALL IDENTITY, returning unknown (NOT absent; the pipeline re-detects the current pair and re-verifies) (v99.05 RC-F4)
2026-09-26 02:04:59 | INFO    | mediagrab          | vc_check_telegram_participation:7370 | VC_VERIFY_STALE_IDENTITY chat_id=2592942176 call_id=-1913229805195004447 — detect stale identity → re-resolve current pair → verify → atomically update cache; existing healthy transport PRESERVED (never a leave; v99.11 P1)
2026-09-26 02:04:59 | INFO    | mediagrab          | vc_verify_target:9136 | VC_PARTICIPATION_VERIFY chat_id=2592942176 locally_tracked=False telegram=unknown
2026-09-26 02:04:59 | INFO    | mediagrab          | vc_verify_target:9155 | VC_VERIFY_UNKNOWN chat_id=2592942176 locally_tracked=False telegram=unknown — explicit verification state (v99.11 P1; never a leave)
2026-09-26 02:04:59 | INFO    | mediagrab          | vc_reconcile_participations:9529 | VC_RECONCILE_DEFERRED_UNKNOWN chat_id=2592942176 — preserving joined state (backend evidence)
2026-09-26 02:04:59 | INFO    | mediagrab          | vc_reconcile_participations:9645 | VC_REGISTRY_UPDATE_CONFIRMED chat_id=2592942176 classification=LOCALLY_TRACKED_UNCONFIRMED
2026-09-26 02:04:59 | DEBUG   | mediagrab          | vc_verify_target:8855 | VC_RECONCILE_CLIENT chat_id=-1003067839538 account_id=acc_918335829278 source=account:acc_918335829278
2026-09-26 02:04:59 | INFO    | mediagrab          | resolve_vc_entity:11974 | VC_ENTITY_RESOLVE_START chat_ref=-1003067839538 chat_id=-1003067839538 access_hash=yes
2026-09-26 02:04:59 | INFO    | mediagrab          | resolve_vc_entity:12075 | VC_ENTITY_RESOLVE_CACHE_HIT chat_id=-1003067839538
2026-09-26 02:04:59 | INFO    | mediagrab          | resolve_vc_entity:12076 | VC_ENTITY_RESOLVE_SUCCESS chat_id=-1003067839538 source=cache
2026-09-26 02:04:59 | INFO    | mediagrab          | resolve_vc_entity:12431 | ENTITY_RESOLVE_RPC_COUNT chat_id=-1003067839538 scope=acc_918335829278 rpcs=0 failed_rpcs=0 outcome=RESOLVED_FROM_CACHE duration_ms=0.2 (v98.10 §22)
2026-09-26 02:04:59 | DEBUG   | mediagrab          | cache_entity_scoped:2355 | ENTITY_CACHE_SCOPED account=acc_918335829278 entity_id=3067839538 source=vc_discovery scope=acc_918335829278 (v99 RC-C scope-annotated)
2026-09-26 02:04:59 | INFO    | mediagrab          | vc_detect_active_call:3098 | VC_ENTITY_DISCOVERED entity_id=3067839538 access_hash=<5015…> type=Channel
2026-09-26 02:04:59 | DEBUG   | mediagrab          | vc_verify_target:8965 | VC_PARTICIPATION_REDETECT_OK chat_id=-1003067839538 account_id=acc_918335829278 detect_scope=acc_918335829278 source=cache reresolved=0 (v98.07 FIX-QQ)
2026-09-26 02:04:59 | INFO    | mediagrab          | vc_check_telegram_participation:7443 | VC_PARTICIPATION_PRESENT chat_id=-1003067839538 call_id=-3952898443944147318 my_id=8624009332 pages=1 inspected=1 complete=yes server_count=None participant=[peer=PeerUser(8624009332) flags=is_self,muted,video_joined source=1042776898]
2026-09-26 02:04:59 | INFO    | mediagrab          | vc_verify_target:9136 | VC_PARTICIPATION_VERIFY chat_id=-1003067839538 locally_tracked=True telegram=present
2026-09-26 02:04:59 | INFO    | mediagrab          | vc_verify_target:9155 | VC_VERIFY_MEMBER chat_id=-1003067839538 locally_tracked=True telegram=present — explicit verification state (v99.11 P1; never a leave)
2026-09-26 02:04:59 | INFO    | mediagrab          | vc_reconcile_participations:9520 | VC_PARTICIPATION_CONFIRMED_PRESENT chat_id=-1003067839538
2026-09-26 02:04:59 | INFO    | mediagrab          | vc_reconcile_participations:9645 | VC_REGISTRY_UPDATE_CONFIRMED chat_id=-1003067839538 classification=CONFIRMED
2026-09-26 02:04:59 | DEBUG   | mediagrab          | vc_verify_target:8855 | VC_RECONCILE_CLIENT chat_id=-1002333937461 account_id=acc_919006065076 source=account:acc_919006065076
2026-09-26 02:04:59 | INFO    | mediagrab          | resolve_vc_entity:11974 | VC_ENTITY_RESOLVE_START chat_ref=-1002333937461 chat_id=-1002333937461 access_hash=yes
2026-09-26 02:04:59 | INFO    | mediagrab          | resolve_vc_entity:12075 | VC_ENTITY_RESOLVE_CACHE_HIT chat_id=-1002333937461
2026-09-26 02:04:59 | INFO    | mediagrab          | resolve_vc_entity:12076 | VC_ENTITY_RESOLVE_SUCCESS chat_id=-1002333937461 source=cache
2026-09-26 02:04:59 | INFO    | mediagrab          | resolve_vc_entity:12431 | ENTITY_RESOLVE_RPC_COUNT chat_id=-1002333937461 scope=acc_919006065076 rpcs=0 failed_rpcs=0 outcome=RESOLVED_FROM_CACHE duration_ms=0.3 (v98.10 §22)
2026-09-26 02:04:59 | DEBUG   | mediagrab          | cache_entity_scoped:2355 | ENTITY_CACHE_SCOPED account=acc_919006065076 entity_id=2333937461 source=vc_discovery scope=acc_919006065076 (v99 RC-C scope-annotated)
2026-09-26 02:04:59 | INFO    | mediagrab          | vc_detect_active_call:3098 | VC_ENTITY_DISCOVERED entity_id=2333937461 access_hash=<-806…> type=Channel
2026-09-26 02:04:59 | DEBUG   | mediagrab          | vc_verify_target:8965 | VC_PARTICIPATION_REDETECT_OK chat_id=-1002333937461 account_id=acc_919006065076 detect_scope=acc_919006065076 source=cache reresolved=0 (v98.07 FIX-QQ)
2026-09-26 02:05:00 | INFO    | mediagrab          | vc_check_telegram_participation:7443 | VC_PARTICIPATION_PRESENT chat_id=-1002333937461 call_id=-800813024760383190 my_id=8699582859 pages=1 inspected=1 complete=yes server_count=None participant=[peer=PeerUser(8699582859) flags=is_self,muted,video_joined source=2096643760]
2026-09-26 02:05:00 | INFO    | mediagrab          | vc_verify_target:9136 | VC_PARTICIPATION_VERIFY chat_id=-1002333937461 locally_tracked=True telegram=present
2026-09-26 02:05:00 | INFO    | mediagrab          | vc_verify_target:9155 | VC_VERIFY_MEMBER chat_id=-1002333937461 locally_tracked=True telegram=present — explicit verification state (v99.11 P1; never a leave)
2026-09-26 02:05:00 | INFO    | mediagrab          | vc_reconcile_participations:9520 | VC_PARTICIPATION_CONFIRMED_PRESENT chat_id=-1002333937461
2026-09-26 02:05:00 | INFO    | mediagrab          | vc_reconcile_participations:9645 | VC_REGISTRY_UPDATE_CONFIRMED chat_id=-1002333937461 classification=CONFIRMED
2026-09-26 02:05:00 | DEBUG   | mediagrab          | vc_verify_target:8855 | VC_RECONCILE_CLIENT chat_id=-1003811965375 account_id=acc_918335829278 source=account:acc_918335829278
2026-09-26 02:05:00 | INFO    | mediagrab          | resolve_vc_entity:11974 | VC_ENTITY_RESOLVE_START chat_ref=-1003811965375 chat_id=-1003811965375 access_hash=yes
2026-09-26 02:05:00 | INFO    | mediagrab          | resolve_vc_entity:12075 | VC_ENTITY_RESOLVE_CACHE_HIT chat_id=-1003811965375
2026-09-26 02:05:00 | INFO    | mediagrab          | resolve_vc_entity:12076 | VC_ENTITY_RESOLVE_SUCCESS chat_id=-1003811965375 source=cache
2026-09-26 02:05:00 | INFO    | mediagrab          | resolve_vc_entity:12431 | ENTITY_RESOLVE_RPC_COUNT chat_id=-1003811965375 scope=acc_918335829278 rpcs=0 failed_rpcs=0 outcome=RESOLVED_FROM_CACHE duration_ms=0.1 (v98.10 §22)
2026-09-26 02:05:00 | DEBUG   | mediagrab          | cache_entity_scoped:2355 | ENTITY_CACHE_SCOPED account=acc_918335829278 entity_id=3811965375 source=vc_discovery scope=acc_918335829278 (v99 RC-C scope-annotated)
2026-09-26 02:05:00 | INFO    | mediagrab          | vc_detect_active_call:3098 | VC_ENTITY_DISCOVERED entity_id=3811965375 access_hash=<7432…> type=Channel
2026-09-26 02:05:00 | DEBUG   | mediagrab          | vc_verify_target:8965 | VC_PARTICIPATION_REDETECT_OK chat_id=-1003811965375 account_id=acc_918335829278 detect_scope=acc_918335829278 source=cache reresolved=0 (v98.07 FIX-QQ)
2026-09-26 02:05:00 | INFO    | mediagrab          | v85_diag:3739 | V85_DIAG event=DISCOVERY_CACHE_MISS query=ki
2026-09-26 02:05:00 | INFO    | mediagrab          | v85_diag:3739 | V85_DIAG event=DISCOVERY_SCAN query=ki source=autonomous
2026-09-26 02:05:00 | INFO    | mediagrab          | v85_diag:3739 | V85_DIAG event=DISCOVERY_V2_SEARCH_START query=ki normalized=ki variants=1 expand=True
2026-09-26 02:05:00 | DEBUG   | mediagrab          | get_client_for_role:3568 | CLUSTER_ROUTER role=DISCOVERY → fallback persisted primary account=acc_918335829278
2026-09-26 02:05:00 | WARNING | mediagrab          | vc_check_telegram_participation:7700 | VC_PARTICIPATION_TARGETED_EMPTY_STREAK chat_id=-1003811965375 call_id=-1824073576988881784 my_id=8624009332 streak=2/3 (v98.02 FIX-L: single/double targeted-empty is UNKNOWN — NOT destructive; awaiting 3 consecutive for absent) — broad scan truncated at 0/2000, targeted EMPTY
2026-09-26 02:05:00 | INFO    | mediagrab          | vc_verify_target:9136 | VC_PARTICIPATION_VERIFY chat_id=-1003811965375 locally_tracked=True telegram=unknown
2026-09-26 02:05:00 | INFO    | mediagrab          | vc_verify_target:9155 | VC_VERIFY_UNKNOWN chat_id=-1003811965375 locally_tracked=True telegram=unknown — explicit verification state (v99.11 P1; never a leave)
2026-09-26 02:05:00 | INFO    | mediagrab          | vc_reconcile_participations:9645 | VC_REGISTRY_UPDATE_CONFIRMED chat_id=-1003811965375 classification=LOCALLY_TRACKED_UNCONFIRMED
2026-09-26 02:05:00 | DEBUG   | mediagrab          | vc_verify_target:8855 | VC_RECONCILE_CLIENT chat_id=-1004427666393 account_id=acc_918335829278 source=account:acc_918335829278
2026-09-26 02:05:00 | INFO    | mediagrab          | resolve_vc_entity:11974 | VC_ENTITY_RESOLVE_START chat_ref=-1004427666393 chat_id=-1004427666393 access_hash=yes
2026-09-26 02:05:00 | INFO    | mediagrab          | resolve_vc_entity:12075 | VC_ENTITY_RESOLVE_CACHE_HIT chat_id=-1004427666393
2026-09-26 02:05:00 | INFO    | mediagrab          | resolve_vc_entity:12076 | VC_ENTITY_RESOLVE_SUCCESS chat_id=-1004427666393 source=cache
2026-09-26 02:05:00 | INFO    | mediagrab          | resolve_vc_entity:12431 | ENTITY_RESOLVE_RPC_COUNT chat_id=-1004427666393 scope=acc_918335829278 rpcs=0 failed_rpcs=0 outcome=RESOLVED_FROM_CACHE duration_ms=0.2 (v98.10 §22)
2026-09-26 02:05:00 | INFO    | mediagrab          | v85_diag:3739 | V85_DIAG event=DISCOVERY_STAGE_SEARCH_PAGE source=exact keyword=ki page=0 raw_chats=29 raw_users=25
2026-09-26 02:05:00 | DEBUG   | mediagrab          | cache_entity_scoped:2355 | ENTITY_CACHE_SCOPED account=acc_918335829278 entity_id=4427666393 source=vc_discovery scope=acc_918335829278 (v99 RC-C scope-annotated)
2026-09-26 02:05:00 | INFO    | mediagrab          | vc_detect_active_call:3098 | VC_ENTITY_DISCOVERED entity_id=4427666393 access_hash=<6046…> type=Channel
2026-09-26 02:05:00 | DEBUG   | mediagrab          | vc_verify_target:8965 | VC_PARTICIPATION_REDETECT_OK chat_id=-1004427666393 account_id=acc_918335829278 detect_scope=acc_918335829278 source=cache reresolved=0 (v98.07 FIX-QQ)
2026-09-26 02:05:01 | INFO    | mediagrab          | v85_diag:3739 | V85_DIAG event=DISCOVERY_STAGE_SEARCH_PAGE source=expand:ki chat keyword=ki chat page=0 raw_chats=3 raw_users=15
2026-09-26 02:05:01 | INFO    | mediagrab          | v85_diag:3739 | V85_DIAG event=DISCOVERY_STAGE_SEARCH_PAGE source=expand:ki vc keyword=ki vc page=0 raw_chats=8 raw_users=45
2026-09-26 02:05:01 | INFO    | mediagrab          | v85_diag:3739 | V85_DIAG event=DISCOVERY_STAGE_SEARCH_PAGE source=expand:ki group keyword=ki group page=0 raw_chats=9 raw_users=18
2026-09-26 02:05:01 | INFO    | mediagrab          | vc_check_telegram_participation:7443 | VC_PARTICIPATION_PRESENT chat_id=-1004427666393 call_id=-569938277538256374 my_id=8624009332 pages=1 inspected=1 complete=yes server_count=None participant=[peer=PeerUser(8624009332) flags=is_self,muted,video_joined source=2029513331]
2026-09-26 02:05:01 | INFO    | mediagrab          | vc_verify_target:9136 | VC_PARTICIPATION_VERIFY chat_id=-1004427666393 locally_tracked=True telegram=present
2026-09-26 02:05:01 | INFO    | mediagrab          | vc_verify_target:9155 | VC_VERIFY_MEMBER chat_id=-1004427666393 locally_tracked=True telegram=present — explicit verification state (v99.11 P1; never a leave)
2026-09-26 02:05:01 | INFO    | mediagrab          | vc_reconcile_participations:9520 | VC_PARTICIPATION_CONFIRMED_PRESENT chat_id=-1004427666393
2026-09-26 02:05:01 | INFO    | mediagrab          | vc_reconcile_participations:9645 | VC_REGISTRY_UPDATE_CONFIRMED chat_id=-1004427666393 classification=CONFIRMED
2026-09-26 02:05:01 | DEBUG   | mediagrab          | vc_verify_target:8855 | VC_RECONCILE_CLIENT chat_id=-1001993596337 account_id=acc_918335829278 source=account:acc_918335829278
2026-09-26 02:05:01 | INFO    | mediagrab          | resolve_vc_entity:11974 | VC_ENTITY_RESOLVE_START chat_ref=-1001993596337 chat_id=-1001993596337 access_hash=yes
2026-09-26 02:05:01 | INFO    | mediagrab          | resolve_vc_entity:12075 | VC_ENTITY_RESOLVE_CACHE_HIT chat_id=-1001993596337
2026-09-26 02:05:01 | INFO    | mediagrab          | resolve_vc_entity:12076 | VC_ENTITY_RESOLVE_SUCCESS chat_id=-1001993596337 source=cache
2026-09-26 02:05:01 | INFO    | mediagrab          | resolve_vc_entity:12431 | ENTITY_RESOLVE_RPC_COUNT chat_id=-1001993596337 scope=acc_918335829278 rpcs=0 failed_rpcs=0 outcome=RESOLVED_FROM_CACHE duration_ms=0.1 (v98.10 §22)
2026-09-26 02:05:01 | DEBUG   | mediagrab          | cache_entity_scoped:2355 | ENTITY_CACHE_SCOPED account=acc_919006065076 entity_id=3758624369 source=vc_discovery scope=acc_919006065076 (v99 RC-C scope-annotated)
2026-09-26 02:05:01 | INFO    | mediagrab          | vc_detect_active_call:3098 | VC_ENTITY_DISCOVERED entity_id=3758624369 access_hash=<-633…> type=Channel
2026-09-26 02:05:01 | INFO    | mediagrab          | v85_diag:3739 | V85_DIAG event=DISCOVERY_STAGE_SEARCH_PAGE source=expand:ki discussion keyword=ki discussion page=0 raw_chats=4 raw_users=7
2026-09-26 02:05:01 | INFO    | mediagrab          | v85_diag:3739 | V85_DIAG event=DISCOVERY_STAGE_SEARCH_PAGE source=expand:ki community keyword=ki community page=0 raw_chats=21 raw_users=18
2026-09-26 02:05:01 | DEBUG   | mediagrab          | cache_entity_scoped:2355 | ENTITY_CACHE_SCOPED account=acc_918335829278 entity_id=1993596337 source=vc_discovery scope=acc_918335829278 (v99 RC-C scope-annotated)
2026-09-26 02:05:01 | INFO    | mediagrab          | vc_detect_active_call:3098 | VC_ENTITY_DISCOVERED entity_id=1993596337 access_hash=<7768…> type=Channel
2026-09-26 02:05:01 | DEBUG   | mediagrab          | vc_verify_target:8965 | VC_PARTICIPATION_REDETECT_OK chat_id=-1001993596337 account_id=acc_918335829278 detect_scope=acc_918335829278 source=cache reresolved=0 (v98.07 FIX-QQ)
2026-09-26 02:05:02 | DEBUG   | mediagrab          | _mtproto_health_loop:5800 | MTProto health check: OK
2026-09-26 02:05:02 | INFO    | mediagrab          | _mtproto_health_loop:5864 | MTPROTO_GENERATION_STATE active=0 retiring=0 retired=0 poisoned=0 generation_sessions=0 live_clients=3
2026-09-26 02:05:11 | INFO    | mediagrab          | mark_unknown:374 | VC_COORDINATOR_MARK_UNKNOWN chat_id=-1001993596337 prev=idle reason=reconcile_timeout:rpc_timeout_or_account_disconnect
2026-09-26 02:05:11 | WARNING | mediagrab          | vc_reconcile_participations:9483 | VC_RECONCILE_TIMEOUT chat_id=-1001993596337 — classified UNKNOWN cause=rpc_timeout_or_account_disconnect
2026-09-26 02:05:11 | DEBUG   | mediagrab          | vc_verify_target:8855 | VC_RECONCILE_CLIENT chat_id=-1001070871253 account_id=acc_918335829278 source=account:acc_918335829278
2026-09-26 02:05:11 | INFO    | mediagrab          | resolve_vc_entity:11974 | VC_ENTITY_RESOLVE_START chat_ref=-1001070871253 chat_id=-1001070871253 access_hash=yes
2026-09-26 02:05:11 | INFO    | mediagrab          | resolve_vc_entity:12075 | VC_ENTITY_RESOLVE_CACHE_HIT chat_id=-1001070871253
2026-09-26 02:05:11 | INFO    | mediagrab          | resolve_vc_entity:12076 | VC_ENTITY_RESOLVE_SUCCESS chat_id=-1001070871253 source=cache
2026-09-26 02:05:11 | INFO    | mediagrab          | resolve_vc_entity:12431 | ENTITY_RESOLVE_RPC_COUNT chat_id=-1001070871253 scope=acc_918335829278 rpcs=0 failed_rpcs=0 outcome=RESOLVED_FROM_CACHE duration_ms=0.1 (v98.10 §22)
2026-09-26 02:05:12 | WARNING | mediagrab          | mtproto_call_with_retry:5563 | MTProto RPC timed out after 10s (attempt 1/3)
2026-09-26 02:05:12 | WARNING | mediagrab          | mtproto_call_with_retry:5563 | MTProto RPC timed out after 10s (attempt 1/3)
2026-09-26 02:05:12 | WARNING | mediagrab          | mtproto_call_with_retry:5563 | MTProto RPC timed out after 10s (attempt 1/3)
2026-09-26 02:05:21 | INFO    | mediagrab          | mark_unknown:374 | VC_COORDINATOR_MARK_UNKNOWN chat_id=-1001070871253 prev=idle reason=reconcile_timeout:rpc_timeout_or_account_disconnect
2026-09-26 02:05:21 | WARNING | mediagrab          | vc_reconcile_participations:9483 | VC_RECONCILE_TIMEOUT chat_id=-1001070871253 — classified UNKNOWN cause=rpc_timeout_or_account_disconnect
2026-09-26 02:05:21 | DEBUG   | mediagrab          | vc_verify_target:8855 | VC_RECONCILE_CLIENT chat_id=-1001922822605 account_id=acc_918335829278 source=account:acc_918335829278
2026-09-26 02:05:21 | INFO    | mediagrab          | resolve_vc_entity:11974 | VC_ENTITY_RESOLVE_START chat_ref=-1001922822605 chat_id=-1001922822605 access_hash=yes
2026-09-26 02:05:21 | INFO    | mediagrab          | resolve_vc_entity:12075 | VC_ENTITY_RESOLVE_CACHE_HIT chat_id=-1001922822605
2026-09-26 02:05:21 | INFO    | mediagrab          | resolve_vc_entity:12076 | VC_ENTITY_RESOLVE_SUCCESS chat_id=-1001922822605 source=cache
2026-09-26 02:05:21 | INFO    | mediagrab          | resolve_vc_entity:12431 | ENTITY_RESOLVE_RPC_COUNT chat_id=-1001922822605 scope=acc_918335829278 rpcs=0 failed_rpcs=0 outcome=RESOLVED_FROM_CACHE duration_ms=0.1 (v98.10 §22)
2026-09-26 02:05:22 | WARNING | mediagrab          | mtproto_call_with_retry:5563 | MTProto RPC timed out after 10s (attempt 1/3)
2026-09-26 02:05:22 | WARNING | mediagrab          | mtproto_call_with_retry:5563 | MTProto RPC timed out after 10s (attempt 1/3)
2026-09-26 02:05:26 | DEBUG   | mediagrab          | cache_entity_scoped:2355 | ENTITY_CACHE_SCOPED account=acc_918335829278 entity_id=1922822605 source=vc_discovery scope=acc_918335829278 (v99 RC-C scope-annotated)
2026-09-26 02:05:26 | INFO    | mediagrab          | vc_detect_active_call:3098 | VC_ENTITY_DISCOVERED entity_id=1922822605 access_hash=<-620…> type=Channel
2026-09-26 02:05:26 | DEBUG   | mediagrab          | vc_verify_target:8965 | VC_PARTICIPATION_REDETECT_OK chat_id=-1001922822605 account_id=acc_918335829278 detect_scope=acc_918335829278 source=cache reresolved=0 (v98.07 FIX-QQ)
2026-09-26 02:05:27 | INFO    | mediagrab          | vc_check_telegram_participation:7443 | VC_PARTICIPATION_PRESENT chat_id=-1001922822605 call_id=-8258460203529507355 my_id=8624009332 pages=1 inspected=1 complete=yes server_count=None participant=[peer=PeerUser(8624009332) flags=is_self,muted,video_joined source=1159064395]
2026-09-26 02:05:27 | INFO    | mediagrab          | vc_verify_target:9136 | VC_PARTICIPATION_VERIFY chat_id=-1001922822605 locally_tracked=True telegram=present
2026-09-26 02:05:27 | INFO    | mediagrab          | vc_verify_target:9155 | VC_VERIFY_MEMBER chat_id=-1001922822605 locally_tracked=True telegram=present — explicit verification state (v99.11 P1; never a leave)
2026-09-26 02:05:27 | INFO    | mediagrab          | vc_reconcile_participations:9520 | VC_PARTICIPATION_CONFIRMED_PRESENT chat_id=-1001922822605
2026-09-26 02:05:27 | INFO    | mediagrab          | vc_reconcile_participations:9645 | VC_REGISTRY_UPDATE_CONFIRMED chat_id=-1001922822605 classification=CONFIRMED
2026-09-26 02:05:27 | DEBUG   | mediagrab          | vc_verify_target:8855 | VC_RECONCILE_CLIENT chat_id=-1004460369026 account_id=global source=global_backend_bound
2026-09-26 02:05:27 | INFO    | mediagrab          | resolve_vc_entity:11974 | VC_ENTITY_RESOLVE_START chat_ref=-1004460369026 chat_id=-1004460369026 access_hash=yes
2026-09-26 02:05:27 | WARNING | mediagrab          | resolve_vc_entity:12062 | VC_HASH_SCOPE_MISMATCH chat_id=-1004460369026 entry_scope=acc_919006065076 consumer_scope=acc_918335829278 — skipping cache hit, re-resolving for this client (v98.07 FIX-QQ)
2026-09-26 02:05:27 | INFO    | mediagrab          | _v9810_scope_route:11711 | ENTITY_RESOLVE_CACHE_HIT chat_id=-1004460369026 scope=acc_918335829278 source=scope_state age=11495s (v98.10 §15 Step 0a — 0 RPCs)
2026-09-26 02:05:27 | INFO    | mediagrab          | resolve_vc_entity:12431 | ENTITY_RESOLVE_RPC_COUNT chat_id=-1004460369026 scope=acc_918335829278 rpcs=0 failed_rpcs=0 outcome=RESOLVED_FROM_SCOPE_STATE duration_ms=0.4 (v98.10 §22)
2026-09-26 02:05:28 | DEBUG   | mediagrab          | cache_entity_scoped:2355 | ENTITY_CACHE_SCOPED account=acc_918335829278 entity_id=4460369026 source=vc_discovery scope=acc_918335829278 (v99 RC-C scope-annotated)
2026-09-26 02:05:28 | INFO    | mediagrab          | vc_detect_active_call:3098 | VC_ENTITY_DISCOVERED entity_id=4460369026 access_hash=<2476…> type=Channel
2026-09-26 02:05:28 | DEBUG   | mediagrab          | vc_verify_target:8965 | VC_PARTICIPATION_REDETECT_OK chat_id=-1004460369026 account_id=global detect_scope=acc_918335829278 source=scope_state reresolved=0 (v98.07 FIX-QQ)
2026-09-26 02:05:28 | INFO    | mediagrab          | vc_check_telegram_participation:7443 | VC_PARTICIPATION_PRESENT chat_id=-1004460369026 call_id=-710395016767153533 my_id=8624009332 pages=1 inspected=1 complete=yes server_count=None participant=[peer=PeerUser(8624009332) flags=is_self,muted,video_joined source=1163550688]
2026-09-26 02:05:28 | INFO    | mediagrab          | vc_verify_target:9136 | VC_PARTICIPATION_VERIFY chat_id=-1004460369026 locally_tracked=False telegram=present
2026-09-26 02:05:28 | INFO    | mediagrab          | vc_verify_target:9155 | VC_VERIFY_MEMBER chat_id=-1004460369026 locally_tracked=False telegram=present — explicit verification state (v99.11 P1; never a leave)
2026-09-26 02:05:28 | INFO    | mediagrab          | vc_reconcile_participations:9645 | VC_REGISTRY_UPDATE_CONFIRMED chat_id=-1004460369026 classification=PARTICIPATING_UNTRACKED
2026-09-26 02:05:28 | DEBUG   | mediagrab          | vc_verify_target:8855 | VC_RECONCILE_CLIENT chat_id=4460369026 account_id=acc_919006065076 source=account:acc_919006065076
2026-09-26 02:05:28 | INFO    | mediagrab          | resolve_vc_entity:11974 | VC_ENTITY_RESOLVE_START chat_ref=-1004460369026 chat_id=-1004460369026 access_hash=yes
2026-09-26 02:05:28 | WARNING | mediagrab          | resolve_vc_entity:12062 | VC_HASH_SCOPE_MISMATCH chat_id=-1004460369026 entry_scope=acc_918335829278 consumer_scope=acc_919006065076 — skipping cache hit, re-resolving for this client (v98.07 FIX-QQ)
2026-09-26 02:05:28 | INFO    | mediagrab          | _v9810_scope_route:11711 | ENTITY_RESOLVE_CACHE_HIT chat_id=-1004460369026 scope=acc_919006065076 source=scope_state age=11496s (v98.10 §15 Step 0a — 0 RPCs)
2026-09-26 02:05:28 | INFO    | mediagrab          | resolve_vc_entity:12431 | ENTITY_RESOLVE_RPC_COUNT chat_id=-1004460369026 scope=acc_919006065076 rpcs=0 failed_rpcs=0 outcome=RESOLVED_FROM_SCOPE_STATE duration_ms=0.2 (v98.10 §22)
2026-09-26 02:05:29 | DEBUG   | mediagrab          | cache_entity_scoped:2355 | ENTITY_CACHE_SCOPED account=acc_919006065076 entity_id=4460369026 source=vc_discovery scope=acc_919006065076 (v99 RC-C scope-annotated)
2026-09-26 02:05:29 | INFO    | mediagrab          | vc_detect_active_call:3098 | VC_ENTITY_DISCOVERED entity_id=4460369026 access_hash=<7729…> type=Channel
2026-09-26 02:05:29 | DEBUG   | mediagrab          | vc_verify_target:8965 | VC_PARTICIPATION_REDETECT_OK chat_id=4460369026 account_id=acc_919006065076 detect_scope=acc_919006065076 source=scope_state reresolved=0 (v98.07 FIX-QQ)
2026-09-26 02:05:32 | DEBUG   | mediagrab          | _mtproto_health_loop:5800 | MTProto health check: OK
2026-09-26 02:05:32 | INFO    | mediagrab          | _mtproto_health_loop:5864 | MTPROTO_GENERATION_STATE active=0 retiring=0 retired=0 poisoned=0 generation_sessions=0 live_clients=3
2026-09-26 02:05:32 | INFO    | mediagrab_bot.vc_arch | emit_budgets_heartbeat:1204 | VC_ARCH_BUDGETS_HEARTBEAT max_classification_in_flight=4 max_discovery_in_flight=4 max_dispatch_queue_depth=200 max_entity_resolution_in_flight=8 max_join_in_flight=3 max_reconcile_in_flight=4 negcache_max_entries=10000 retry_budget_per_window=25 retry_window_seconds=60 task_population_bound=5000
2026-09-26 02:05:32 | INFO    | mediagrab          | _reconcile_cycle:917 | VC_COVERAGE_RECONCILE_START active=40 joined=24 missing=16 retry_ready=0 persistent_retry_queue_total=0 persistent_retry_queue_ready=0
2026-09-26 02:05:32 | INFO    | mediagrab          | _reconcile_cycle:946 | VC_RECONCILE_FOUND_MISSING chat_id=1949746242 title=
2026-09-26 02:05:32 | INFO    | mediagrab          | _reconcile_cycle:946 | VC_RECONCILE_FOUND_MISSING chat_id=3717806820 title=
2026-09-26 02:05:32 | INFO    | mediagrab          | _reconcile_cycle:946 | VC_RECONCILE_FOUND_MISSING chat_id=3961210499 title=
2026-09-26 02:05:32 | INFO    | mediagrab          | _reconcile_cycle:946 | VC_RECONCILE_FOUND_MISSING chat_id=2144563093 title=
2026-09-26 02:05:32 | INFO    | mediagrab          | _reconcile_cycle:946 | VC_RECONCILE_FOUND_MISSING chat_id=3875970076 title=
2026-09-26 02:05:32 | INFO    | mediagrab          | _reconcile_cycle:946 | VC_RECONCILE_FOUND_MISSING chat_id=2333937461 title=
2026-09-26 02:05:32 | INFO    | mediagrab          | _reconcile_cycle:946 | VC_RECONCILE_FOUND_MISSING chat_id=1993596337 title=Трейд чатик Vespiol
2026-09-26 02:05:32 | INFO    | mediagrab          | _reconcile_cycle:946 | VC_RECONCILE_FOUND_MISSING chat_id=1070871253 title=English/Korean only
2026-09-26 02:05:32 | DEBUG   | mediagrab          | _watchdog_loop:1740 | WATCHDOG: talkative handler not registered but effective_disabled source=dashboard_db — not retrying (admin disabled; v99.07 FIX-5)
2026-09-26 02:05:36 | INFO    | mediagrab          | _vc_handle_vc_command:28929 | COMMAND_RECEIVED path=telethon cmd=claim sender=7520226916 chat=-1003922758336
2026-09-26 02:05:38 | INFO    | mediagrab          | mark_unknown:374 | VC_COORDINATOR_MARK_UNKNOWN chat_id=4460369026 prev=idle reason=reconcile_timeout:rpc_timeout_or_account_disconnect
2026-09-26 02:05:38 | WARNING | mediagrab          | vc_reconcile_participations:9483 | VC_RECONCILE_TIMEOUT chat_id=4460369026 — classified UNKNOWN cause=rpc_timeout_or_account_disconnect
2026-09-26 02:05:38 | DEBUG   | mediagrab          | vc_verify_target:8855 | VC_RECONCILE_CLIENT chat_id=4427666393 account_id=acc_919006065076 source=account:acc_919006065076
2026-09-26 02:05:38 | INFO    | mediagrab          | resolve_vc_entity:11974 | VC_ENTITY_RESOLVE_START chat_ref=-1004427666393 chat_id=-1004427666393 access_hash=yes
2026-09-26 02:05:38 | WARNING | mediagrab          | resolve_vc_entity:12062 | VC_HASH_SCOPE_MISMATCH chat_id=-1004427666393 entry_scope=acc_918335829278 consumer_scope=acc_919006065076 — skipping cache hit, re-resolving for this client (v98.07 FIX-QQ)
2026-09-26 02:05:38 | INFO    | mediagrab          | _v9810_scope_route:11809 | ENTITY_RESOLVE_ACCOUNT_SWITCH chat_id=-1004427666393 from_scope=acc_919006065076 to_account=acc_918335829278 reason=known_good_scope verified_at=38s ago (v98.10 §15 Step 0c — targeted routing, not a blind rotation)
2026-09-26 02:05:38 | INFO    | mediagrab          | _v9810_scope_route:11837 | ENTITY_RESOLVE_CACHE_HIT chat_id=-1004427666393 scope=acc_918335829278 source=scope_state age=38s (v98.10 §15 Step 0c — fresh known-good object, 0 RPCs)
2026-09-26 02:05:38 | INFO    | mediagrab          | resolve_vc_entity:12431 | ENTITY_RESOLVE_RPC_COUNT chat_id=-1004427666393 scope=acc_919006065076 rpcs=0 failed_rpcs=0 outcome=RESOLVED_VIA_ROTATION duration_ms=0.8 (v98.10 §22)
2026-09-26 02:05:39 | WARNING | mediagrab          | mtproto_call_with_retry:5563 | MTProto RPC timed out after 10s (attempt 1/3)
2026-09-26 02:05:39 | WARNING | mediagrab          | mtproto_call_with_retry:5563 | MTProto RPC timed out after 10s (attempt 1/3)
2026-09-26 02:05:39 | WARNING | mediagrab          | mtproto_call_with_retry:5563 | MTProto RPC timed out after 10s (attempt 1/3)
2026-09-26 02:05:40 | DEBUG   | mediagrab          | cache_entity_scoped:2355 | ENTITY_CACHE_SCOPED account=acc_919006065076 entity_id=1993577751 source=vc_discovery scope=acc_919006065076 (v99 RC-C scope-annotated)
2026-09-26 02:05:40 | INFO    | mediagrab          | vc_detect_active_call:3098 | VC_ENTITY_DISCOVERED entity_id=1993577751 access_hash=<5598…> type=Channel
2026-09-26 02:05:40 | INFO    | mediagrab          | _bot_heartbeat_loop:2840 | BOT_HEARTBEAT pid=7 uptime=18675s rss_mb=167 threads=50 fd=351/1024 joined_transports=20 join_queue=0 active_joins=0 memory_limit_mb=4506 resource_headroom_mb=4339 FD_CENSUS total=351 soft=1024 sockets=333 pipes=2 files=13 anon=2 other=1 MEM_CENSUS rss_mb=167 threads=50 fd=351/1024 joined_transports=20 joins=_global:J=13/F=0 acc_918335829278:J=6/F=0 acc_919006065076:J=1/F=0 (v98.05 FIX-FF liveness; v98.06 FIX-OO uptime epoch domain; v99.02 FIX-3 FD_CENSUS; v99.10 FIX-D MEM_CENSUS; v99.11 P0-1 single-%s safe emission + resource fields)
2026-09-26 02:05:48 | WARNING | mediagrab          | vc_reconcile_participations:9469 | VC_STALE_STATE_DETECTED chat_id=4427666393 stale_state=joined source=reconcile_timeout cause=rpc_timeout_or_account_disconnect — repairing coordinator joined→UNKNOWN (v97.95)
2026-09-26 02:05:48 | INFO    | mediagrab          | mark_unknown:374 | VC_COORDINATOR_MARK_UNKNOWN chat_id=4427666393 prev=joined reason=reconcile_timeout:rpc_timeout_or_account_disconnect
2026-09-26 02:05:48 | WARNING | mediagrab          | vc_reconcile_participations:9483 | VC_RECONCILE_TIMEOUT chat_id=4427666393 — classified UNKNOWN cause=rpc_timeout_or_account_disconnect
2026-09-26 02:05:48 | DEBUG   | mediagrab          | vc_verify_target:8855 | VC_RECONCILE_CLIENT chat_id=-1003940064304 account_id=global source=global_backend_bound
2026-09-26 02:05:48 | INFO    | mediagrab          | resolve_vc_entity:11974 | VC_ENTITY_RESOLVE_START chat_ref=-1003940064304 chat_id=-1003940064304 access_hash=yes
2026-09-26 02:05:48 | INFO    | mediagrab          | resolve_vc_entity:12075 | VC_ENTITY_RESOLVE_CACHE_HIT chat_id=-1003940064304
2026-09-26 02:05:48 | INFO    | mediagrab          | resolve_vc_entity:12076 | VC_ENTITY_RESOLVE_SUCCESS chat_id=-1003940064304 source=cache
2026-09-26 02:05:48 | INFO    | mediagrab          | resolve_vc_entity:12431 | ENTITY_RESOLVE_RPC_COUNT chat_id=-1003940064304 scope=acc_918335829278 rpcs=0 failed_rpcs=0 outcome=RESOLVED_FROM_CACHE duration_ms=0.2 (v98.10 §22)
2026-09-26 02:05:49 | WARNING | mediagrab          | mtproto_call_with_retry:5563 | MTProto RPC timed out after 10s (attempt 1/3)
2026-09-26 02:05:49 | WARNING | mediagrab          | mtproto_call_with_retry:5563 | MTProto RPC timed out after 10s (attempt 1/3)
2026-09-26 02:05:58 | DEBUG   | mediagrab          | cache_entity_scoped:2355 | ENTITY_CACHE_SCOPED account=acc_918335829278 entity_id=1875192287 source=vc_discovery scope=acc_918335829278 (v99 RC-C scope-annotated)
2026-09-26 02:05:58 | INFO    | mediagrab          | vc_detect_active_call:3098 | VC_ENTITY_DISCOVERED entity_id=1875192287 access_hash=<1029…> type=Channel
2026-09-26 02:05:58 | INFO    | mediagrab          | _vc_capacity_aware_join:23549 | VC_DISCOVERY_AUTO_JOIN_START group_id=1875192287 source=deferred_queue
2026-09-26 02:05:58 | INFO    | mediagrab          | _emit_attempt_event:426 | VC_ATTEMPT_START attempt_id=7fb7008512fd target=- account=global call_id=none provided_call_id=-8053889545562881423 provided_access_hash=fp:41a68469 chat_ref=1875192287
2026-09-26 02:05:58 | DEBUG   | mediagrab          | cache_entity_scoped:2355 | ENTITY_CACHE_SCOPED account=acc_918335829278 entity_id=3940064304 source=vc_discovery scope=acc_918335829278 (v99 RC-C scope-annotated)
2026-09-26 02:05:58 | INFO    | mediagrab          | vc_detect_active_call:3098 | VC_ENTITY_DISCOVERED entity_id=3940064304 access_hash=<1744…> type=Channel
2026-09-26 02:05:58 | DEBUG   | mediagrab          | vc_verify_target:8965 | VC_PARTICIPATION_REDETECT_OK chat_id=-1003940064304 account_id=global detect_scope=acc_918335829278 source=cache reresolved=0 (v98.07 FIX-QQ)
2026-09-26 02:05:58 | INFO    | mediagrab          | resolve:331 | VC_IDENTITY_RESOLVED account=global user_id=8624009332 uid_source=get_me scope=acc_918335829278 client=yes (v99 pipeline §3)
2026-09-26 02:05:58 | INFO    | mediagrab          | transition:198 | VC_PIPELINE_STATE chat_id=0 DISCOVERED → RESOLVING reason=attempt_1
2026-09-26 02:05:58 | INFO    | mediagrab          | resolve_vc_entity:11974 | VC_ENTITY_RESOLVE_START chat_ref=1875192287 chat_id=1875192287 access_hash=yes
2026-09-26 02:05:58 | INFO    | mediagrab          | resolve_vc_entity:12075 | VC_ENTITY_RESOLVE_CACHE_HIT chat_id=1875192287
2026-09-26 02:05:58 | INFO    | mediagrab          | resolve_vc_entity:12076 | VC_ENTITY_RESOLVE_SUCCESS chat_id=1875192287 source=cache
2026-09-26 02:05:58 | INFO    | mediagrab          | resolve_vc_entity:12431 | ENTITY_RESOLVE_RPC_COUNT chat_id=1875192287 scope=acc_918335829278 rpcs=0 failed_rpcs=0 outcome=RESOLVED_FROM_CACHE duration_ms=0.3 (v98.10 §22)
2026-09-26 02:05:58 | INFO    | mediagrab          | transition:198 | VC_PIPELINE_STATE chat_id=-1001875192287 RESOLVING → RESOLVED reason=cache
2026-09-26 02:05:58 | INFO    | mediagrab          | _emit_attempt_event:426 | VC_TARGET_RESOLVED attempt_id=7fb7008512fd target=-1001875192287 account=global call_id=none entity_source=cache entity_type=Channel
2026-09-26 02:05:58 | INFO    | mediagrab          | _emit_attempt_event:426 | VC_ACCOUNT_SELECTED attempt_id=7fb7008512fd target=-1001875192287 account=global call_id=none tg_user_id=8624009332 accounts_tried=1
2026-09-26 02:05:58 | INFO    | mediagrab          | _run:1393 | VC_PIPELINE_CALL_IDENTITY_FASTPATH chat_id=-1001875192287 account=global call_id=-8053889545562881423 — using the caller-provided identity (the participant gate still verifies; a stale identity falls into bounded recovery) (v99 §18)
2026-09-26 02:05:58 | INFO    | mediagrab          | _emit_attempt_event:426 | VC_CALL_RESOLVED attempt_id=7fb7008512fd target=-1001875192287 account=global call_id=-8053889545562881423 source=provided access_hash=fp:41a68469 attempt_no=1
2026-09-26 02:05:58 | INFO    | mediagrab          | transition:198 | VC_PIPELINE_STATE chat_id=-1001875192287 RESOLVED → JOINING reason=transport_dispatch
2026-09-26 02:05:58 | INFO    | mediagrab          | _run:1490 | VC_BACKEND_OWNER_SET chat_id=-1001875192287 account=global (v99 pipeline)
2026-09-26 02:05:58 | INFO    | mediagrab          | _emit_attempt_event:426 | VC_JOIN_RPC_START attempt_id=7fb7008512fd target=-1001875192287 account=global call_id=-8053889545562881423 strategy=dispatch_silent_stream attempt_no=1
2026-09-26 02:05:58 | INFO    | mediagrab          | fd_op_phase:750 | VC_FD_OP_DELTA op=native_join_dispatch chat_id=-1001875192287 phase=before account=(global) total=351 delta_total=+0 delta_sockets=+0 delta_pipes=+0 delta_files=+0 (v99.11.1 FIX-1 per-operation FD instrumentation)
2026-09-26 02:05:58 | INFO    | mediagrab          | _transport_dispatch:4319 | VC_TRANSPORT_ALLOCATING chat_id=-1001875192287 account=(global) (v99.11 lifecycle; joined+inflight gated by the headroom admission)
2026-09-26 02:05:58 | INFO    | mediagrab          | mark_unknown:374 | VC_COORDINATOR_MARK_UNKNOWN chat_id=-1003940064304 prev=idle reason=reconcile_timeout:rpc_timeout_or_account_disconnect
2026-09-26 02:05:58 | WARNING | mediagrab          | vc_reconcile_participations:9483 | VC_RECONCILE_TIMEOUT chat_id=-1003940064304 — classified UNKNOWN cause=rpc_timeout_or_account_disconnect
2026-09-26 02:05:58 | DEBUG   | mediagrab          | vc_verify_target:8855 | VC_RECONCILE_CLIENT chat_id=3940064304 account_id=acc_919006065076 source=account:acc_919006065076
2026-09-26 02:05:58 | INFO    | mediagrab          | resolve_vc_entity:11974 | VC_ENTITY_RESOLVE_START chat_ref=-1003940064304 chat_id=-1003940064304 access_hash=yes
2026-09-26 02:05:58 | WARNING | mediagrab          | resolve_vc_entity:12062 | VC_HASH_SCOPE_MISMATCH chat_id=-1003940064304 entry_scope=acc_918335829278 consumer_scope=acc_919006065076 — skipping cache hit, re-resolving for this client (v98.07 FIX-QQ)
2026-09-26 02:05:58 | INFO    | mediagrab          | _v9810_scope_route:11809 | ENTITY_RESOLVE_ACCOUNT_SWITCH chat_id=-1003940064304 from_scope=acc_919006065076 to_account=acc_918335829278 reason=known_good_scope verified_at=10s ago (v98.10 §15 Step 0c — targeted routing, not a blind rotation)
2026-09-26 02:05:58 | INFO    | mediagrab          | _v9810_scope_route:11837 | ENTITY_RESOLVE_CACHE_HIT chat_id=-1003940064304 scope=acc_918335829278 source=scope_state age=10s (v98.10 §15 Step 0c — fresh known-good object, 0 RPCs)
2026-09-26 02:05:58 | INFO    | mediagrab          | resolve_vc_entity:12431 | ENTITY_RESOLVE_RPC_COUNT chat_id=-1003940064304 scope=acc_919006065076 rpcs=0 failed_rpcs=0 outcome=RESOLVED_VIA_ROTATION duration_ms=0.3 (v98.10 §22)
2026-09-26 02:05:59 | DEBUG   | mediagrab          | cache_entity_scoped:2355 | ENTITY_CACHE_SCOPED account=acc_918335829278 entity_id=3940064304 source=vc_discovery scope=acc_918335829278 (v99 RC-C scope-annotated)
2026-09-26 02:05:59 | INFO    | mediagrab          | vc_detect_active_call:3098 | VC_ENTITY_DISCOVERED entity_id=3940064304 access_hash=<1744…> type=Channel
2026-09-26 02:05:59 | DEBUG   | mediagrab          | vc_verify_target:8965 | VC_PARTICIPATION_REDETECT_OK chat_id=3940064304 account_id=acc_919006065076 detect_scope=acc_918335829278 source=account_rotation:acc_918335829278 reresolved=0 (v98.07 FIX-QQ)
2026-09-26 02:05:59 | INFO    | mediagrab          | vc_check_telegram_participation:7356 | VC_PARTICIPATION_STALE_CALL chat_id=3940064304 call_id=-7699075288673564347 exc=GroupcallInvalidError — the queried (id, access_hash) pair is NOT a live call: STALE CALL IDENTITY, returning unknown (NOT absent; the pipeline re-detects the current pair and re-verifies) (v99.05 RC-F4)
2026-09-26 02:05:59 | INFO    | mediagrab          | vc_check_telegram_participation:7370 | VC_VERIFY_STALE_IDENTITY chat_id=3940064304 call_id=-7699075288673564347 — detect stale identity → re-resolve current pair → verify → atomically update cache; existing healthy transport PRESERVED (never a leave; v99.11 P1)
2026-09-26 02:05:59 | INFO    | mediagrab          | vc_verify_target:9136 | VC_PARTICIPATION_VERIFY chat_id=3940064304 locally_tracked=False telegram=unknown
2026-09-26 02:05:59 | INFO    | mediagrab          | vc_verify_target:9155 | VC_VERIFY_UNKNOWN chat_id=3940064304 locally_tracked=False telegram=unknown — explicit verification state (v99.11 P1; never a leave)
2026-09-26 02:05:59 | INFO    | mediagrab          | vc_reconcile_participations:9529 | VC_RECONCILE_DEFERRED_UNKNOWN chat_id=3940064304 — preserving joined state (backend evidence)
2026-09-26 02:05:59 | INFO    | mediagrab          | vc_reconcile_participations:9645 | VC_REGISTRY_UPDATE_CONFIRMED chat_id=3940064304 classification=LOCALLY_TRACKED_UNCONFIRMED
2026-09-26 02:05:59 | DEBUG   | mediagrab          | vc_verify_target:8855 | VC_RECONCILE_CLIENT chat_id=-1002887741724 account_id=global source=global_backend_bound
2026-09-26 02:05:59 | INFO    | mediagrab          | resolve_vc_entity:11974 | VC_ENTITY_RESOLVE_START chat_ref=-1002887741724 chat_id=-1002887741724 access_hash=yes
2026-09-26 02:05:59 | INFO    | mediagrab          | resolve_vc_entity:12075 | VC_ENTITY_RESOLVE_CACHE_HIT chat_id=-1002887741724
2026-09-26 02:05:59 | INFO    | mediagrab          | resolve_vc_entity:12076 | VC_ENTITY_RESOLVE_SUCCESS chat_id=-1002887741724 source=cache
2026-09-26 02:05:59 | INFO    | mediagrab          | resolve_vc_entity:12431 | ENTITY_RESOLVE_RPC_COUNT chat_id=-1002887741724 scope=acc_918335829278 rpcs=0 failed_rpcs=0 outcome=RESOLVED_FROM_CACHE duration_ms=0.7 (v98.10 §22)
2026-09-26 02:05:59 | INFO    | mediagrab          | v85_diag:3739 | V85_DIAG event=DISCOVERY_SEARCH_FULL_DONE query=ki normalized=ki ok=True entities=37 pages=6 queries=6 runtime_ms=59479
2026-09-26 02:05:59 | INFO    | mediagrab          | v85_diag:3739 | V85_DIAG event=FILTER_PUBLIC count=12
2026-09-26 02:05:59 | INFO    | mediagrab          | v85_diag:3739 | V85_DIAG event=FILTER_PRIVATE count=25
2026-09-26 02:05:59 | INFO    | mediagrab          | v85_diag:3739 | V85_DIAG event=DISCOVERY_V2_SEARCH_FINAL query=ki normalized=ki raw=37 groups=37 channels=0 reason= accounts=1 variants=1 runtime_ms=59479
2026-09-26 02:05:59 | INFO    | mediagrab          | v85_diag:3739 | V85_DIAG event=DISCOVERY_RESULT_SKIPPED group_id=4323950964 reason=duplicate_claim
2026-09-26 02:05:59 | INFO    | mediagrab          | v85_diag:3739 | V85_DIAG event=DISCOVERY_RESULT_SKIPPED group_id=2408721117 reason=duplicate_claim
2026-09-26 02:05:59 | INFO    | mediagrab          | v85_diag:3739 | V85_DIAG event=DISCOVERY_RESULT_SKIPPED group_id=4329290518 reason=duplicate_claim
2026-09-26 02:05:59 | INFO    | mediagrab          | v85_diag:3739 | V85_DIAG event=DISCOVERY_RESULT_SKIPPED group_id=1949746242 reason=duplicate_claim
2026-09-26 02:05:59 | INFO    | mediagrab          | v85_diag:3739 | V85_DIAG event=DISCOVERY_RESULT_SKIPPED group_id=2872778080 reason=duplicate_claim
2026-09-26 02:05:59 | INFO    | mediagrab          | v85_diag:3739 | V85_DIAG event=DISCOVERY_RESULT_SKIPPED group_id=3717806820 reason=duplicate_claim
2026-09-26 02:05:59 | INFO    | mediagrab          | _vc_capacity_aware_join:23549 | VC_DISCOVERY_AUTO_JOIN_START group_id=4460369026 source=auto_discovery
2026-09-26 02:05:59 | INFO    | mediagrab          | _emit_attempt_event:426 | VC_ATTEMPT_START attempt_id=449f77d21200 target=- account=global call_id=none provided_call_id=-710395016767153533 provided_access_hash=fp:0365bccb chat_ref=4460369026
2026-09-26 02:06:00 | DEBUG   | mediagrab          | cache_entity_scoped:2355 | ENTITY_CACHE_SCOPED account=acc_918335829278 entity_id=2887741724 source=vc_discovery scope=acc_918335829278 (v99 RC-C scope-annotated)
2026-09-26 02:06:00 | INFO    | mediagrab          | vc_detect_active_call:3098 | VC_ENTITY_DISCOVERED entity_id=2887741724 access_hash=<6524…> type=Channel
2026-09-26 02:06:00 | DEBUG   | mediagrab          | vc_verify_target:8965 | VC_PARTICIPATION_REDETECT_OK chat_id=-1002887741724 account_id=global detect_scope=acc_918335829278 source=cache reresolved=0 (v98.07 FIX-QQ)
2026-09-26 02:06:00 | INFO    | mediagrab          | resolve:331 | VC_IDENTITY_RESOLVED account=global user_id=8624009332 uid_source=get_me scope=acc_918335829278 client=yes (v99 pipeline §3)
2026-09-26 02:06:00 | INFO    | mediagrab          | _vc_group_owner:2731 | VC_GROUP_OWNER_RESOLVED chat_id=4460369026 owner=acc_918335829278 source=registry
2026-09-26 02:06:00 | INFO    | mediagrab          | transition:198 | VC_PIPELINE_STATE chat_id=0 DISCOVERED → RESOLVING reason=attempt_1
2026-09-26 02:06:00 | INFO    | mediagrab          | resolve_vc_entity:11974 | VC_ENTITY_RESOLVE_START chat_ref=4460369026 chat_id=4460369026 access_hash=yes
2026-09-26 02:06:00 | WARNING | mediagrab          | resolve_vc_entity:12062 | VC_HASH_SCOPE_MISMATCH chat_id=4460369026 entry_scope=acc_919006065076 consumer_scope=acc_918335829278 — skipping cache hit, re-resolving for this client (v98.07 FIX-QQ)
2026-09-26 02:06:00 | INFO    | mediagrab          | _v9810_scope_route:11711 | ENTITY_RESOLVE_CACHE_HIT chat_id=-1004460369026 scope=acc_918335829278 source=scope_state age=11528s (v98.10 §15 Step 0a — 0 RPCs)
2026-09-26 02:06:00 | INFO    | mediagrab          | resolve_vc_entity:12431 | ENTITY_RESOLVE_RPC_COUNT chat_id=4460369026 scope=acc_918335829278 rpcs=0 failed_rpcs=0 outcome=RESOLVED_FROM_SCOPE_STATE duration_ms=0.1 (v98.10 §22)
2026-09-26 02:06:00 | INFO    | mediagrab          | transition:198 | VC_PIPELINE_STATE chat_id=-1004460369026 RESOLVING → RESOLVED reason=scope_state
2026-09-26 02:06:00 | INFO    | mediagrab          | _emit_attempt_event:426 | VC_TARGET_RESOLVED attempt_id=449f77d21200 target=-1004460369026 account=global call_id=none entity_source=scope_state entity_type=Channel
2026-09-26 02:06:00 | INFO    | mediagrab          | _emit_attempt_event:426 | VC_ACCOUNT_SELECTED attempt_id=449f77d21200 target=-1004460369026 account=global call_id=none tg_user_id=8624009332 accounts_tried=1
2026-09-26 02:06:00 | INFO    | mediagrab          | _run:1393 | VC_PIPELINE_CALL_IDENTITY_FASTPATH chat_id=-1004460369026 account=global call_id=-710395016767153533 — using the caller-provided identity (the participant gate still verifies; a stale identity falls into bounded recovery) (v99 §18)
2026-09-26 02:06:00 | INFO    | mediagrab          | _emit_attempt_event:426 | VC_CALL_RESOLVED attempt_id=449f77d21200 target=-1004460369026 account=global call_id=-710395016767153533 source=provided access_hash=fp:0365bccb attempt_no=1
2026-09-26 02:06:00 | INFO    | mediagrab          | transition:198 | VC_PIPELINE_STATE chat_id=-1004460369026 RESOLVED → JOINING reason=transport_dispatch
2026-09-26 02:06:00 | INFO    | mediagrab          | _run:1490 | VC_BACKEND_OWNER_SET chat_id=-1004460369026 account=global (v99 pipeline)
2026-09-26 02:06:00 | INFO    | mediagrab          | transition:198 | VC_PIPELINE_STATE chat_id=-1004460369026 JOINING → TRANSPORT_ACCEPTED reason=container_holds_target
2026-09-26 02:06:00 | INFO    | mediagrab          | transition:198 | VC_PIPELINE_STATE chat_id=-1004460369026 TRANSPORT_ACCEPTED → TELEGRAM_VERIFYING reason=idempotent_recheck
2026-09-26 02:06:00 | INFO    | mediagrab          | vc_check_telegram_participation:7443 | VC_PARTICIPATION_PRESENT chat_id=-1002887741724 call_id=-3179384222730274919 my_id=8624009332 pages=1 inspected=1 complete=yes server_count=None participant=[peer=PeerUser(8624009332) flags=is_self,muted,video_joined source=1789396470]
2026-09-26 02:06:00 | INFO    | mediagrab          | vc_verify_target:9136 | VC_PARTICIPATION_VERIFY chat_id=-1002887741724 locally_tracked=False telegram=present
2026-09-26 02:06:00 | INFO    | mediagrab          | vc_verify_target:9155 | VC_VERIFY_MEMBER chat_id=-1002887741724 locally_tracked=False telegram=present — explicit verification state (v99.11 P1; never a leave)
2026-09-26 02:06:00 | INFO    | mediagrab          | vc_reconcile_participations:9645 | VC_REGISTRY_UPDATE_CONFIRMED chat_id=-1002887741724 classification=PARTICIPATING_UNTRACKED
2026-09-26 02:06:00 | DEBUG   | mediagrab          | vc_verify_target:8855 | VC_RECONCILE_CLIENT chat_id=2887741724 account_id=acc_919006065076 source=account:acc_919006065076
2026-09-26 02:06:00 | INFO    | mediagrab          | resolve_vc_entity:11974 | VC_ENTITY_RESOLVE_START chat_ref=-1002887741724 chat_id=-1002887741724 access_hash=yes
2026-09-26 02:06:00 | WARNING | mediagrab          | resolve_vc_entity:12062 | VC_HASH_SCOPE_MISMATCH chat_id=-1002887741724 entry_scope=acc_918335829278 consumer_scope=acc_919006065076 — skipping cache hit, re-resolving for this client (v98.07 FIX-QQ)
2026-09-26 02:06:00 | INFO    | mediagrab          | _v9810_scope_route:11809 | ENTITY_RESOLVE_ACCOUNT_SWITCH chat_id=-1002887741724 from_scope=acc_919006065076 to_account=acc_918335829278 reason=known_good_scope verified_at=0s ago (v98.10 §15 Step 0c — targeted routing, not a blind rotation)
2026-09-26 02:06:00 | INFO    | mediagrab          | _v9810_scope_route:11837 | ENTITY_RESOLVE_CACHE_HIT chat_id=-1002887741724 scope=acc_918335829278 source=scope_state age=0s (v98.10 §15 Step 0c — fresh known-good object, 0 RPCs)
2026-09-26 02:06:00 | INFO    | mediagrab          | resolve_vc_entity:12431 | ENTITY_RESOLVE_RPC_COUNT chat_id=-1002887741724 scope=acc_919006065076 rpcs=0 failed_rpcs=0 outcome=RESOLVED_VIA_ROTATION duration_ms=0.2 (v98.10 §22)
2026-09-26 02:06:00 | INFO    | mediagrab          | vc_check_telegram_participation:7443 | VC_PARTICIPATION_PRESENT chat_id=-1004460369026 call_id=-710395016767153533 my_id=8624009332 pages=1 inspected=1 complete=yes server_count=None participant=[peer=PeerUser(8624009332) flags=is_self,muted,video_joined source=1163550688]
2026-09-26 02:06:00 | INFO    | mediagrab          | vc_registry_register:6443 | VC_PARTICIPATION_REGISTER chat_id=-1004460369026 state=joined request_accepted=True call_id=-710395016767153533 intentional=True created_by_tour=False account_id=global
2026-09-26 02:06:00 | INFO    | mediagrab          | transition:198 | VC_PIPELINE_STATE chat_id=-1004460369026 TELEGRAM_VERIFYING → JOINED_CONFIRMED reason=idempotent_recheck_present
2026-09-26 02:06:00 | INFO    | mediagrab          | _emit_attempt_final:441 | VC_ATTEMPT_FINAL attempt_id=449f77d21200 chat_id=4460369026 account=global tg_user_id=8624009332 attempt=1 entity_source=scope_state entity_type=Channel channel_id=4460369026 access_hash=fp:0365bccb backend=pytgcalls call_id=-710395016767153533 join_result=already_in_call_verified telegram_participant=- verification_result=present final_state=JOINED_CONFIRMED retry_reason=- exc_class=- verification_method=- participant_identity=-
2026-09-26 02:06:00 | INFO    | mediagrab          | join:4198 | VC_JOIN_SUCCESS chat_id=-1004460369026 call_id=-710395016767153533 strategy=play account=_global via=global attempts=1 elapsed=0.4s telegram_verified=true verify_result=present final_state=JOINED_CONFIRMED attempt_id=449f77d21200 verification_method=- participant_identity=- verification_timestamp=- rpc_result=- (v99 pipeline + v99.05 RC-F6: success evidence — the mission-§3 fields that make this reconstructable: the peer-based participant match that CONFIRMED presence, on the join-owner account, against the CURRENT reconciled call identity)
2026-09-26 02:06:00 | INFO    | mediagrab          | vc_registry_register:6443 | VC_PARTICIPATION_REGISTER chat_id=4460369026 state=joined request_accepted=True call_id=-710395016767153533 intentional=True created_by_tour=False account_id=acc_919006065076
2026-09-26 02:06:00 | INFO    | mediagrab          | _vc_capacity_aware_join:23569 | VC_DISCOVERY_AUTO_JOIN_CONFIRMED group_id=4460369026 source=auto_discovery
2026-09-26 02:06:00 | INFO    | mediagrab          | v85_diag:3739 | V85_DIAG event=DISCOVERY_RESULT_SKIPPED group_id=3349991291 reason=duplicate_claim
2026-09-26 02:06:00 | INFO    | mediagrab          | v85_diag:3739 | V85_DIAG event=DISCOVERY_RESULT_SKIPPED group_id=3961210499 reason=duplicate_claim
2026-09-26 02:06:00 | INFO    | mediagrab          | v85_diag:3739 | V85_DIAG event=DISCOVERY_RESULT_SKIPPED group_id=1471657491 reason=duplicate_claim
2026-09-26 02:06:00 | INFO    | mediagrab          | v85_diag:3739 | V85_DIAG event=DISCOVERY_RESULT_SKIPPED group_id=3957856246 reason=duplicate_claim
2026-09-26 02:06:00 | INFO    | mediagrab          | v85_diag:3739 | V85_DIAG event=DISCOVERY_RESULT_SKIPPED group_id=2144563093 reason=duplicate_claim
2026-09-26 02:06:00 | INFO    | mediagrab          | v85_diag:3739 | V85_DIAG event=DISCOVERY_RESULT_SKIPPED group_id=4478534754 reason=duplicate_claim
2026-09-26 02:06:00 | INFO    | mediagrab          | v85_diag:3739 | V85_DIAG event=DISCOVERY_RESULT_SKIPPED group_id=1071863676422 reason=duplicate_claim
2026-09-26 02:06:00 | INFO    | mediagrab          | vc_discovery_autonomous_generate:20631 | VC_DISCOVERY_AUTONOMOUS_GENERATED count=6 parent=ki queries=indian,discussions,chatting indian,indian discussions,chatting indian discussions,hindi_english_chatting_group_pro
2026-09-26 02:06:00 | DEBUG   | mediagrab          | cache_entity_scoped:2355 | ENTITY_CACHE_SCOPED account=acc_918335829278 entity_id=2887741724 source=vc_discovery scope=acc_918335829278 (v99 RC-C scope-annotated)
2026-09-26 02:06:00 | INFO    | mediagrab          | vc_detect_active_call:3098 | VC_ENTITY_DISCOVERED entity_id=2887741724 access_hash=<6524…> type=Channel
2026-09-26 02:06:00 | DEBUG   | mediagrab          | vc_verify_target:8965 | VC_PARTICIPATION_REDETECT_OK chat_id=2887741724 account_id=acc_919006065076 detect_scope=acc_918335829278 source=account_rotation:acc_918335829278 reresolved=0 (v98.07 FIX-QQ)
2026-09-26 02:06:00 | INFO    | mediagrab          | vc_check_telegram_participation:7356 | VC_PARTICIPATION_STALE_CALL chat_id=2887741724 call_id=-3179384222730274919 exc=GroupcallInvalidError — the queried (id, access_hash) pair is NOT a live call: STALE CALL IDENTITY, returning unknown (NOT absent; the pipeline re-detects the current pair and re-verifies) (v99.05 RC-F4)
2026-09-26 02:06:00 | INFO    | mediagrab          | vc_check_telegram_participation:7370 | VC_VERIFY_STALE_IDENTITY chat_id=2887741724 call_id=-3179384222730274919 — detect stale identity → re-resolve current pair → verify → atomically update cache; existing healthy transport PRESERVED (never a leave; v99.11 P1)
2026-09-26 02:06:00 | INFO    | mediagrab          | vc_verify_target:9136 | VC_PARTICIPATION_VERIFY chat_id=2887741724 locally_tracked=False telegram=unknown
2026-09-26 02:06:00 | INFO    | mediagrab          | vc_verify_target:9155 | VC_VERIFY_UNKNOWN chat_id=2887741724 locally_tracked=False telegram=unknown — explicit verification state (v99.11 P1; never a leave)
2026-09-26 02:06:00 | INFO    | mediagrab          | vc_reconcile_participations:9529 | VC_RECONCILE_DEFERRED_UNKNOWN chat_id=2887741724 — preserving joined state (backend evidence)
2026-09-26 02:06:00 | INFO    | mediagrab          | vc_reconcile_participations:9645 | VC_REGISTRY_UPDATE_CONFIRMED chat_id=2887741724 classification=LOCALLY_TRACKED_UNCONFIRMED
2026-09-26 02:06:00 | INFO    | mediagrab          | vc_reconcile_participations:9660 | VC_RECONCILE_RESULT total=34 confirmed=4 participating_untracked=9 locally_tracked_unconfirmed=5 unknown=16 cleanup_required=0 left=0 failed=0
2026-09-26 02:06:00 | DEBUG   | mediagrab          | _vc_prune_caches:10026 | VC_CACHE_PRUNE target_cooldowns removed=2 remaining=0
2026-09-26 02:06:01 | INFO    | mediagrab          | _transport_dispatch:4352 | VC_TRANSPORT_ACTIVE chat_id=-1001875192287 account=(global) (v99.11 lifecycle: the native transport is live — it REMAINS ACTIVE until an explicit, validated leave)
2026-09-26 02:06:01 | INFO    | mediagrab          | fd_op_phase:750 | VC_FD_OP_DELTA op=native_join_dispatch chat_id=-1001875192287 phase=after account=(global) total=367 delta_total=+16 delta_sockets=+10 delta_pipes=+3 delta_files=+0 (v99.11.1 FIX-1 per-operation FD instrumentation)
2026-09-26 02:06:01 | INFO    | mediagrab          | transition:198 | VC_PIPELINE_STATE chat_id=-1001875192287 JOINING → TRANSPORT_ACCEPTED reason=container_holds_target
2026-09-26 02:06:01 | INFO    | mediagrab          | _emit_attempt_event:426 | VC_JOIN_RPC_RESULT attempt_id=7fb7008512fd target=-1001875192287 account=global call_id=-8053889545562881423 result=dispatched rpc=dispatch_silent_stream
2026-09-26 02:06:01 | INFO    | mediagrab          | transition:198 | VC_PIPELINE_STATE chat_id=-1001875192287 TRANSPORT_ACCEPTED → TELEGRAM_VERIFYING reason=participant_gate
2026-09-26 02:06:01 | INFO    | mediagrab          | _emit_attempt_event:426 | VC_VERIFY_START attempt_id=7fb7008512fd target=-1001875192287 account=global call_id=-8053889545562881423 attempt_no=1 verify_attempts=3
2026-09-26 02:06:01 | INFO    | mediagrab          | vc_check_telegram_participation:7443 | VC_PARTICIPATION_PRESENT chat_id=-1001875192287 call_id=-8053889545562881423 my_id=8624009332 pages=1 inspected=1 complete=yes server_count=None participant=[peer=PeerUser(8624009332) flags=is_self,muted,video_joined source=418023493]
2026-09-26 02:06:01 | INFO    | mediagrab          | _emit_attempt_event:426 | VC_VERIFY_RESULT attempt_id=7fb7008512fd target=-1001875192287 account=global call_id=-8053889545562881423 verdict=present attempt_no=1
2026-09-26 02:06:01 | INFO    | mediagrab          | vc_registry_register:6443 | VC_PARTICIPATION_REGISTER chat_id=-1001875192287 state=joined request_accepted=True call_id=-8053889545562881423 intentional=True created_by_tour=False account_id=global
2026-09-26 02:06:01 | INFO    | mediagrab          | transition:198 | VC_PIPELINE_STATE chat_id=-1001875192287 TELEGRAM_VERIFYING → JOINED_CONFIRMED reason=participant_confirmed
2026-09-26 02:06:01 | INFO    | mediagrab          | _emit_attempt_final:441 | VC_ATTEMPT_FINAL attempt_id=7fb7008512fd chat_id=1875192287 account=global tg_user_id=8624009332 attempt=1 entity_source=cache entity_type=Channel channel_id=1875192287 access_hash=fp:41a68469 backend=pytgcalls call_id=-8053889545562881423 join_result=transport_accepted telegram_participant=present verification_result=present final_state=JOINED_CONFIRMED retry_reason=- exc_class=- verification_method=telegram_participant_query participant_identity=peer=PeerUser(8624009332) flags=is_self,muted,video_joined source=418023493
2026-09-26 02:06:01 | INFO    | mediagrab          | join:4198 | VC_JOIN_SUCCESS chat_id=-1001875192287 call_id=-8053889545562881423 strategy=play account=_global via=global attempts=1 elapsed=3.8s telegram_verified=true verify_result=present final_state=JOINED_CONFIRMED attempt_id=7fb7008512fd verification_method=telegram_participant_query participant_identity=peer=PeerUser(8624009332) flags=is_self,muted,video_joined source=418023493 verification_timestamp=2026-09-26 02:06:01 rpc_result=dispatch_silent_stream (v99 pipeline + v99.05 RC-F6: success evidence — the mission-§3 fields that make this reconstructable: the peer-based participant match that CONFIRMED presence, on the join-owner account, against the CURRENT reconciled call identity)
2026-09-26 02:06:01 | INFO    | mediagrab          | vc_registry_register:6443 | VC_PARTICIPATION_REGISTER chat_id=1875192287 state=joined request_accepted=True call_id=-8053889545562881423 intentional=True created_by_tour=False account_id=acc_919006065076
2026-09-26 02:06:01 | INFO    | mediagrab          | _vc_capacity_aware_join:23569 | VC_DISCOVERY_AUTO_JOIN_CONFIRMED group_id=1875192287 source=deferred_queue
2026-09-26 02:06:01 | INFO    | mediagrab          | _deferred_queue_loop:24341 | DEFERRED_QUEUE_ITEM_PROCESSED gid=1875192287 — joined VC
2026-09-26 02:06:02 | DEBUG   | mediagrab          | _mtproto_health_loop:5800 | MTProto health check: OK
2026-09-26 02:06:02 | INFO    | mediagrab          | _mtproto_health_loop:5864 | MTPROTO_GENERATION_STATE active=0 retiring=0 retired=0 poisoned=0 generation_sessions=0 live_clients=3
2026-09-26 02:06:02 | DEBUG   | mediagrab          | cache_entity_scoped:2355 | ENTITY_CACHE_SCOPED account=acc_918335829278 entity_id=1875192287 source=vc_discovery scope=acc_918335829278 (v99 RC-C scope-annotated)
2026-09-26 02:06:02 | INFO    | mediagrab          | vc_detect_active_call:3098 | VC_ENTITY_DISCOVERED entity_id=1875192287 access_hash=<1029…> type=Channel
2026-09-26 02:06:02 | INFO    | mediagrab          | _deferred_queue_loop:24341 | DEFERRED_QUEUE_ITEM_PROCESSED gid=1875192287 — joined VC
2026-09-26 02:06:02 | DEBUG   | mediagrab          | cache_entity_scoped:2355 | ENTITY_CACHE_SCOPED account=acc_918335829278 entity_id=1949746242 source=vc_discovery scope=acc_918335829278 (v99 RC-C scope-annotated)
2026-09-26 02:06:02 | INFO    | mediagrab          | vc_detect_active_call:3098 | VC_ENTITY_DISCOVERED entity_id=1949746242 access_hash=<2432…> type=Channel
2026-09-26 02:06:02 | INFO    | mediagrab          | _vc_capacity_aware_join:23529 | VC_DISCOVERY_DEFERRED group_id=1949746242 title=𝐃𝐎𝐂𝐓𝐎𝐑 𝐊𝐈 𝐃𝐔𝐍𝐈𝐘𝐀 QUIZ GROUP queue=1
2026-09-26 02:06:03 | INFO    | mediagrab          | _auto_discovery_run_one_cycle:25205 | AUTO_DISCOVERY_CYCLE_CAPPED queries_done=2 elapsed=96s cap=90s overshoot=6s — wall-clock cap reached, remaining queries defer to the next cycle; overshoot = duration of the in-flight query completing normally (no unsafe cancellation) (v98.08 FIX-WW; v98.09 FIX-CCC overshoot reporting; the v98.07 contract claimed 90s, cycle 1 ran 440s)
2026-09-26 02:06:03 | INFO    | mediagrab          | _auto_discovery_run_one_cycle:25471 | VC_DISCOVERY_ACCOUNT_DONE account=acc_918335829278 queries_done=2 new=53 dup=14 cap_hit=True (v99.06 FIX-2 primary loop)
2026-09-26 02:06:03 | INFO    | mediagrab          | _vc_discovery_account_pass:24920 | VC_DISCOVERY_MULTI_ACCOUNT_CAPPED account=acc_919006065076 queries_done=4 total=20 cap=90s — per-account wall cap reached; remaining queries defer to the next cycle (v99.06 FIX-2; per-account cap)
2026-09-26 02:06:03 | INFO    | mediagrab          | _vc_discovery_account_pass:25010 | VC_DISCOVERY_ACCOUNT_DONE account=acc_919006065076 queries_done=4 new=35 dup=2 cap_hit=True (v99.06 FIX-2)
2026-09-26 02:06:03 | INFO    | mediagrab          | _auto_discovery_run_one_cycle:25499 | VC_DISCOVERY_PARALLEL_CYCLE accounts=1 duration_s=95.8 total_new=35 (v99.06 FIX-2 — duration ≈ max(per-account), NOT the sum: the passes ran concurrently with the primary loop)
2026-09-26 02:06:03 | INFO    | mediagrab          | _auto_discovery_run_one_cycle:25511 | VC_DISCOVERY_CYCLE_CAPPED accounts=1 — at least one per-account wall cap reached; remaining queries defer to the next cycle (v99.06 FIX-2 aggregate signal)
2026-09-26 02:06:03 | INFO    | mediagrab_bot.vc_arch | enter:204 | VC_DISCOVERY_PHASE cycle=6 phase=complete prev=query_execution held=95.8s queries_done=2
2026-09-26 02:06:03 | INFO    | mediagrab          | _auto_discovery_run_one_cycle:25676 | VC_DISCOVERY_CYCLE_METRICS queries_attempted=12 search_global_rpcs=12 pages=12 raw=143 unique=53 tier1=0 tier2=35 tier3=53 active_found=13 duplicates=14 floodwaits=0 duration_s=95.835 (v98.09-P3 §23)
2026-09-26 02:06:03 | INFO    | mediagrab          | _auto_discovery_loop:24672 | AUTO_DISCOVERY_CYCLE_COMPLETED cycle=6 queries=14
2026-09-26 02:06:09 | DEBUG   | mediagrab          | cache_entity_scoped:2355 | ENTITY_CACHE_SCOPED account=acc_918335829278 entity_id=1875192287 source=vc_discovery scope=acc_918335829278 (v99 RC-C scope-annotated)
2026-09-26 02:06:09 | INFO    | mediagrab          | vc_detect_active_call:3098 | VC_ENTITY_DISCOVERED entity_id=1875192287 access_hash=<1029…> type=Channel
2026-09-26 02:06:09 | INFO    | mediagrab          | _deferred_queue_loop:24341 | DEFERRED_QUEUE_ITEM_PROCESSED gid=1875192287 — joined VC
2026-09-26 02:06:09 | DEBUG   | mediagrab          | cache_entity_scoped:2355 | ENTITY_CACHE_SCOPED account=acc_918335829278 entity_id=1949746242 source=vc_discovery scope=acc_918335829278 (v99 RC-C scope-annotated)
2026-09-26 02:06:09 | INFO    | mediagrab          | vc_detect_active_call:3098 | VC_ENTITY_DISCOVERED entity_id=1949746242 access_hash=<2432…> type=Channel
2026-09-26 02:06:09 | INFO    | mediagrab          | _vc_capacity_aware_join:23529 | VC_DISCOVERY_DEFERRED group_id=1949746242 title=𝐃𝐎𝐂𝐓𝐎𝐑 𝐊𝐈 𝐃𝐔𝐍𝐈𝐘𝐀 QUIZ GROUP queue=2
2026-09-26 02:06:10 | DEBUG   | mediagrab          | cache_entity_scoped:2355 | ENTITY_CACHE_SCOPED account=acc_918335829278 entity_id=1875192287 source=vc_discovery scope=acc_918335829278 (v99 RC-C scope-annotated)
2026-09-26 02:06:10 | INFO    | mediagrab          | vc_detect_active_call:3098 | VC_ENTITY_DISCOVERED entity_id=1875192287 access_hash=<1029…> type=Channel
2026-09-26 02:06:10 | INFO    | mediagrab          | _deferred_queue_loop:24341 | DEFERRED_QUEUE_ITEM_PROCESSED gid=1875192287 — joined VC
2026-09-26 02:06:10 | DEBUG   | mediagrab          | cache_entity_scoped:2355 | ENTITY_CACHE_SCOPED account=acc_918335829278 entity_id=1875192287 source=vc_discovery scope=acc_918335829278 (v99 RC-C scope-annotated)
2026-09-26 02:06:10 | INFO    | mediagrab          | vc_detect_active_call:3098 | VC_ENTITY_DISCOVERED entity_id=1875192287 access_hash=<1029…> type=Channel
2026-09-26 02:06:10 | INFO    | mediagrab          | _deferred_queue_loop:24341 | DEFERRED_QUEUE_ITEM_PROCESSED gid=1875192287 — joined VC
2026-09-26 02:06:21 | WARNING | mediagrab          | mtproto_call_with_retry:5563 | MTProto RPC timed out after 10s (attempt 1/3)
2026-09-26 02:06:28 | DEBUG   | mediagrab          | cache_entity_scoped:2355 | ENTITY_CACHE_SCOPED account=acc_918335829278 entity_id=2887741724 source=vc_discovery scope=acc_918335829278 (v99 RC-C scope-annotated)
2026-09-26 02:06:28 | INFO    | mediagrab          | vc_detect_active_call:3098 | VC_ENTITY_DISCOVERED entity_id=2887741724 access_hash=<6524…> type=Channel
2026-09-26 02:06:28 | INFO    | mediagrab          | _deferred_queue_loop:24341 | DEFERRED_QUEUE_ITEM_PROCESSED gid=2887741724 — joined VC
2026-09-26 02:06:28 | DEBUG   | mediagrab          | cache_entity_scoped:2355 | ENTITY_CACHE_SCOPED account=acc_918335829278 entity_id=1875192287 source=vc_discovery scope=acc_918335829278 (v99 RC-C scope-annotated)
2026-09-26 02:06:28 | INFO    | mediagrab          | vc_detect_active_call:3098 | VC_ENTITY_DISCOVERED entity_id=1875192287 access_hash=<1029…> type=Channel
2026-09-26 02:06:28 | INFO    | mediagrab          | _deferred_queue_loop:24341 | DEFERRED_QUEUE_ITEM_PROCESSED gid=1875192287 — joined VC
2026-09-26 02:06:29 | DEBUG   | mediagrab          | cache_entity_scoped:2355 | ENTITY_CACHE_SCOPED account=acc_918335829278 entity_id=1949746242 source=vc_discovery scope=acc_918335829278 (v99 RC-C scope-annotated)
2026-09-26 02:06:29 | INFO    | mediagrab          | vc_detect_active_call:3098 | VC_ENTITY_DISCOVERED entity_id=1949746242 access_hash=<2432…> type=Channel
2026-09-26 02:06:29 | INFO    | mediagrab          | _vc_capacity_aware_join:23529 | VC_DISCOVERY_DEFERRED group_id=1949746242 title=𝐃𝐎𝐂𝐓𝐎𝐑 𝐊𝐈 𝐃𝐔𝐍𝐈𝐘𝐀 QUIZ GROUP queue=3
2026-09-26 02:06:29 | DEBUG   | mediagrab          | cache_entity_scoped:2355 | ENTITY_CACHE_SCOPED account=acc_918335829278 entity_id=1875192287 source=vc_discovery scope=acc_918335829278 (v99 RC-C scope-annotated)
2026-09-26 02:06:29 | INFO    | mediagrab          | vc_detect_active_call:3098 | VC_ENTITY_DISCOVERED entity_id=1875192287 access_hash=<1029…> type=Channel
2026-09-26 02:06:29 | INFO    | mediagrab          | _deferred_queue_loop:24341 | DEFERRED_QUEUE_ITEM_PROCESSED gid=1875192287 — joined VC
2026-09-26 02:06:29 | DEBUG   | mediagrab          | cache_entity_scoped:2355 | ENTITY_CACHE_SCOPED account=acc_918335829278 entity_id=1949746242 source=vc_discovery scope=acc_918335829278 (v99 RC-C scope-annotated)
2026-09-26 02:06:29 | INFO    | mediagrab          | vc_detect_active_call:3098 | VC_ENTITY_DISCOVERED entity_id=1949746242 access_hash=<2432…> type=Channel
2026-09-26 02:06:29 | INFO    | mediagrab          | _vc_capacity_aware_join:23529 | VC_DISCOVERY_DEFERRED group_id=1949746242 title=𝐃𝐎𝐂𝐓𝐎𝐑 𝐊𝐈 𝐃𝐔𝐍𝐈𝐘𝐀 QUIZ GROUP queue=4
2026-09-26 02:06:30 | DEBUG   | mediagrab          | cache_entity_scoped:2355 | ENTITY_CACHE_SCOPED account=acc_918335829278 entity_id=1875192287 source=vc_discovery scope=acc_918335829278 (v99 RC-C scope-annotated)
2026-09-26 02:06:30 | INFO    | mediagrab          | vc_detect_active_call:3098 | VC_ENTITY_DISCOVERED entity_id=1875192287 access_hash=<1029…> type=Channel
2026-09-26 02:06:30 | INFO    | mediagrab          | _deferred_queue_loop:24341 | DEFERRED_QUEUE_ITEM_PROCESSED gid=1875192287 — joined VC
2026-09-26 02:06:30 | DEBUG   | mediagrab          | cache_entity_scoped:2355 | ENTITY_CACHE_SCOPED account=acc_918335829278 entity_id=1949746242 source=vc_discovery scope=acc_918335829278 (v99 RC-C scope-annotated)
2026-09-26 02:06:30 | INFO    | mediagrab          | vc_detect_active_call:3098 | VC_ENTITY_DISCOVERED entity_id=1949746242 access_hash=<2432…> type=Channel
2026-09-26 02:06:30 | INFO    | mediagrab          | _vc_capacity_aware_join:23529 | VC_DISCOVERY_DEFERRED group_id=1949746242 title=𝐃𝐎𝐂𝐓𝐎𝐑 𝐊𝐈 𝐃𝐔𝐍𝐈𝐘𝐀 QUIZ GROUP queue=5
2026-09-26 02:06:31 | DEBUG   | mediagrab          | cache_entity_scoped:2355 | ENTITY_CACHE_SCOPED account=acc_918335829278 entity_id=3276681886 source=vc_discovery scope=acc_918335829278 (v99 RC-C scope-annotated)
2026-09-26 02:06:31 | INFO    | mediagrab          | vc_detect_active_call:3098 | VC_ENTITY_DISCOVERED entity_id=3276681886 access_hash=<1269…> type=Channel
2026-09-26 02:06:31 | INFO    | mediagrab          | _vc_capacity_aware_join:23529 | VC_DISCOVERY_DEFERRED group_id=3276681886 title=𝙒𝙊𝙍𝙇𝘿 𝙀𝙍𝘼 🪐🫀👀 queue=6
2026-09-26 02:06:31 | DEBUG   | mediagrab          | cache_entity_scoped:2355 | ENTITY_CACHE_SCOPED account=acc_918335829278 entity_id=2144563093 source=vc_discovery scope=acc_918335829278 (v99 RC-C scope-annotated)
2026-09-26 02:06:31 | INFO    | mediagrab          | vc_detect_active_call:3098 | VC_ENTITY_DISCOVERED entity_id=2144563093 access_hash=<1737…> type=Channel
2026-09-26 02:06:31 | INFO    | mediagrab          | _vc_capacity_aware_join:23529 | VC_DISCOVERY_DEFERRED group_id=2144563093 title=𝙂𝙇𝙊𝘽𝘼𝙇 𝘾𝙃𝘼𝙏𝙍𝙊𝙊𝙈 queue=7
2026-09-26 02:06:32 | DEBUG   | mediagrab          | cache_entity_scoped:2355 | ENTITY_CACHE_SCOPED account=acc_918335829278 entity_id=3875970076 source=vc_discovery scope=acc_918335829278 (v99 RC-C scope-annotated)
2026-09-26 02:06:32 | INFO    | mediagrab          | vc_detect_active_call:3098 | VC_ENTITY_DISCOVERED entity_id=3875970076 access_hash=<-994…> type=Channel
2026-09-26 02:06:32 | INFO    | mediagrab          | _vc_capacity_aware_join:23529 | VC_DISCOVERY_DEFERRED group_id=3875970076 title=⚚𝙉𝙄𝙂𝙃𝙏𝙈𝘼𝙍𝞝𝐒𝐐𝐔𝐀𝐃𓂃𓃮×̷̷×̷ Noobs queue=8
2026-09-26 02:06:32 | DEBUG   | mediagrab          | _mtproto_health_loop:5800 | MTProto health check: OK
2026-09-26 02:06:32 | INFO    | mediagrab          | _mtproto_health_loop:5864 | MTPROTO_GENERATION_STATE active=0 retiring=0 retired=0 poisoned=0 generation_sessions=0 live_clients=3
2026-09-26 02:06:32 | INFO    | mediagrab          | _reconcile_cycle:917 | VC_COVERAGE_RECONCILE_START active=42 joined=26 missing=16 retry_ready=0 persistent_retry_queue_total=0 persistent_retry_queue_ready=0
2026-09-26 02:06:32 | INFO    | mediagrab          | _reconcile_cycle:946 | VC_RECONCILE_FOUND_MISSING chat_id=1949746242 title=
2026-09-26 02:06:32 | INFO    | mediagrab          | _reconcile_cycle:946 | VC_RECONCILE_FOUND_MISSING chat_id=3717806820 title=
2026-09-26 02:06:32 | INFO    | mediagrab          | _reconcile_cycle:946 | VC_RECONCILE_FOUND_MISSING chat_id=3961210499 title=
2026-09-26 02:06:32 | INFO    | mediagrab          | _reconcile_cycle:946 | VC_RECONCILE_FOUND_MISSING chat_id=2144563093 title=
2026-09-26 02:06:32 | INFO    | mediagrab          | _reconcile_cycle:946 | VC_RECONCILE_FOUND_MISSING chat_id=3875970076 title=
2026-09-26 02:06:32 | INFO    | mediagrab          | _reconcile_cycle:946 | VC_RECONCILE_FOUND_MISSING chat_id=2333937461 title=
2026-09-26 02:06:32 | INFO    | mediagrab          | _reconcile_cycle:946 | VC_RECONCILE_FOUND_MISSING chat_id=1993596337 title=Трейд чатик Vespiol
2026-09-26 02:06:32 | INFO    | mediagrab          | _reconcile_cycle:946 | VC_RECONCILE_FOUND_MISSING chat_id=1070871253 title=English/Korean only
2026-09-26 02:06:32 | DEBUG   | mediagrab          | _watchdog_loop:1740 | WATCHDOG: talkative handler not registered but effective_disabled source=dashboard_db — not retrying (admin disabled; v99.07 FIX-5)
2026-09-26 02:06:32 | DEBUG   | mediagrab          | cache_entity_scoped:2355 | ENTITY_CACHE_SCOPED account=acc_918335829278 entity_id=2207237797 source=vc_discovery scope=acc_918335829278 (v99 RC-C scope-annotated)
2026-09-26 02:06:32 | INFO    | mediagrab          | vc_detect_active_call:3098 | VC_ENTITY_DISCOVERED entity_id=2207237797 access_hash=<5420…> type=Channel
2026-09-26 02:06:32 | INFO    | mediagrab          | _vc_capacity_aware_join:23529 | VC_DISCOVERY_DEFERRED group_id=2207237797 title=Monster Overdose queue=9
2026-09-26 02:06:33 | DEBUG   | mediagrab          | cache_entity_scoped:2355 | ENTITY_CACHE_SCOPED account=acc_918335829278 entity_id=1875192287 source=vc_discovery scope=acc_918335829278 (v99 RC-C scope-annotated)
2026-09-26 02:06:33 | INFO    | mediagrab          | vc_detect_active_call:3098 | VC_ENTITY_DISCOVERED entity_id=1875192287 access_hash=<1029…> type=Channel
2026-09-26 02:06:33 | INFO    | mediagrab          | _deferred_queue_loop:24341 | DEFERRED_QUEUE_ITEM_PROCESSED gid=1875192287 — joined VC
2026-09-26 02:06:33 | DEBUG   | mediagrab          | cache_entity_scoped:2355 | ENTITY_CACHE_SCOPED account=acc_918335829278 entity_id=1949746242 source=vc_discovery scope=acc_918335829278 (v99 RC-C scope-annotated)
2026-09-26 02:06:33 | INFO    | mediagrab          | vc_detect_active_call:3098 | VC_ENTITY_DISCOVERED entity_id=1949746242 access_hash=<2432…> type=Channel
2026-09-26 02:06:33 | INFO    | mediagrab          | _vc_capacity_aware_join:23529 | VC_DISCOVERY_DEFERRED group_id=1949746242 title=𝐃𝐎𝐂𝐓𝐎𝐑 𝐊𝐈 𝐃𝐔𝐍𝐈𝐘𝐀 QUIZ GROUP queue=10
2026-09-26 02:06:34 | DEBUG   | mediagrab          | cache_entity_scoped:2355 | ENTITY_CACHE_SCOPED account=acc_918335829278 entity_id=2144563093 source=vc_discovery scope=acc_918335829278 (v99 RC-C scope-annotated)
2026-09-26 02:06:34 | INFO    | mediagrab          | vc_detect_active_call:3098 | VC_ENTITY_DISCOVERED entity_id=2144563093 access_hash=<1737…> type=Channel
2026-09-26 02:06:34 | INFO    | mediagrab          | _vc_capacity_aware_join:23529 | VC_DISCOVERY_DEFERRED group_id=2144563093 title=𝙂𝙇𝙊𝘽𝘼𝙇 𝘾𝙃𝘼𝙏𝙍𝙊𝙊𝙈 queue=11
2026-09-26 02:06:34 | DEBUG   | mediagrab          | cache_entity_scoped:2355 | ENTITY_CACHE_SCOPED account=acc_918335829278 entity_id=3875970076 source=vc_discovery scope=acc_918335829278 (v99 RC-C scope-annotated)
2026-09-26 02:06:34 | INFO    | mediagrab          | vc_detect_active_call:3098 | VC_ENTITY_DISCOVERED entity_id=3875970076 access_hash=<-994…> type=Channel
2026-09-26 02:06:34 | INFO    | mediagrab          | _vc_capacity_aware_join:23529 | VC_DISCOVERY_DEFERRED group_id=3875970076 title=⚚𝙉𝙄𝙂𝙃𝙏𝙈𝘼𝙍𝞝𝐒𝐐𝐔𝐀𝐃𓂃𓃮×̷̷×̷ Noobs queue=12
2026-09-26 02:06:40 | INFO    | mediagrab          | _bot_heartbeat_loop:2840 | BOT_HEARTBEAT pid=7 uptime=18735s rss_mb=167 threads=54 fd=369/1024 joined_transports=21 join_queue=0 active_joins=0 memory_limit_mb=4506 resource_headroom_mb=4339 FD_CENSUS total=369 soft=1024 sockets=346 pipes=5 files=12 anon=5 other=1 MEM_CENSUS rss_mb=167 threads=54 fd=369/1024 joined_transports=21 joins=_global:J=15/F=0 acc_918335829278:J=6/F=0 acc_919006065076:J=1/F=0 (v98.05 FIX-FF liveness; v98.06 FIX-OO uptime epoch domain; v99.02 FIX-3 FD_CENSUS; v99.10 FIX-D MEM_CENSUS; v99.11 P0-1 single-%s safe emission + resource fields)
2026-09-26 02:07:02 | DEBUG   | mediagrab          | _mtproto_health_loop:5800 | MTProto health check: OK
2026-09-26 02:07:02 | INFO    | mediagrab          | _mtproto_health_loop:5864 | MTPROTO_GENERATION_STATE active=0 retiring=0 retired=0 poisoned=0 generation_sessions=0 live_clients=3
2026-09-26 02:07:32 | DEBUG   | mediagrab          | _mtproto_health_loop:5800 | MTProto health check: OK
2026-09-26 02:07:32 | INFO    | mediagrab          | _mtproto_health_loop:5864 | MTPROTO_GENERATION_STATE active=0 retiring=0 retired=0 poisoned=0 generation_sessions=0 live_clients=3
2026-09-26 02:07:32 | INFO    | mediagrab          | _reconcile_cycle:917 | VC_COVERAGE_RECONCILE_START active=42 joined=26 missing=16 retry_ready=0 persistent_retry_queue_total=0 persistent_retry_queue_ready=0
2026-09-26 02:07:32 | INFO    | mediagrab          | _reconcile_cycle:946 | VC_RECONCILE_FOUND_MISSING chat_id=1949746242 title=
2026-09-26 02:07:32 | INFO    | mediagrab          | _reconcile_cycle:946 | VC_RECONCILE_FOUND_MISSING chat_id=3717806820 title=
2026-09-26 02:07:32 | INFO    | mediagrab          | _reconcile_cycle:946 | VC_RECONCILE_FOUND_MISSING chat_id=3961210499 title=
2026-09-26 02:07:32 | INFO    | mediagrab          | _reconcile_cycle:946 | VC_RECONCILE_FOUND_MISSING chat_id=2144563093 title=
2026-09-26 02:07:32 | INFO    | mediagrab          | _reconcile_cycle:946 | VC_RECONCILE_FOUND_MISSING chat_id=3875970076 title=
2026-09-26 02:07:32 | INFO    | mediagrab          | _reconcile_cycle:946 | VC_RECONCILE_FOUND_MISSING chat_id=2333937461 title=
2026-09-26 02:07:32 | INFO    | mediagrab          | _reconcile_cycle:946 | VC_RECONCILE_FOUND_MISSING chat_id=1993596337 title=Трейд чатик Vespiol
2026-09-26 02:07:32 | INFO    | mediagrab          | _reconcile_cycle:946 | VC_RECONCILE_FOUND_MISSING chat_id=1070871253 title=English/Korean only
2026-09-26 02:07:32 | DEBUG   | mediagrab          | _watchdog_loop:1740 | WATCHDOG: talkative handler not registered but effective_disabled source=dashboard_db — not retrying (admin disabled; v99.07 FIX-5)
2026-09-26 02:07:38 | INFO    | mediagrab          | _vc_handle_vc_command:28929 | COMMAND_RECEIVED path=telethon cmd=claim@newsviewslavebot sender=8584196887 chat=-1003922758336
2026-09-26 02:07:40 | INFO    | mediagrab          | _bot_heartbeat_loop:2840 | BOT_HEARTBEAT pid=7 uptime=18796s rss_mb=167 threads=54 fd=370/1024 joined_transports=21 join_queue=0 active_joins=0 memory_limit_mb=4506 resource_headroom_mb=4339 FD_CENSUS total=370 soft=1024 sockets=346 pipes=5 files=13 anon=5 other=1 MEM_CENSUS rss_mb=167 threads=54 fd=370/1024 joined_transports=21 joins=_global:J=15/F=0 acc_918335829278:J=6/F=0 acc_919006065076:J=1/F=0 (v98.05 FIX-FF liveness; v98.06 FIX-OO uptime epoch domain; v99.02 FIX-3 FD_CENSUS; v99.10 FIX-D MEM_CENSUS; v99.11 P0-1 single-%s safe emission + resource fields)
2026-09-26 02:07:49 | INFO    | mediagrab          | _vc_handle_vc_command:28929 | COMMAND_RECEIVED path=telethon cmd=duel@newsviewslavebot sender=6824848993 chat=-1003922758336
2026-09-26 02:08:02 | DEBUG   | mediagrab          | _mtproto_health_loop:5800 | MTProto health check: OK
2026-09-26 02:08:02 | INFO    | mediagrab          | _mtproto_health_loop:5864 | MTPROTO_GENERATION_STATE active=0 retiring=0 retired=0 poisoned=0 generation_sessions=0 live_clients=3
2026-09-26 02:08:25 | INFO    | mediagrab          | _vc_handle_vc_command:28929 | COMMAND_RECEIVED path=telethon cmd=me sender=8584196887 chat=-1003922758336
2026-09-26 02:08:32 | DEBUG   | mediagrab          | _mtproto_health_loop:5800 | MTProto health check: OK
2026-09-26 02:08:32 | INFO    | mediagrab          | _mtproto_health_loop:5864 | MTPROTO_GENERATION_STATE active=0 retiring=0 retired=0 poisoned=0 generation_sessions=0 live_clients=3
2026-09-26 02:08:32 | INFO    | mediagrab          | _reconcile_cycle:917 | VC_COVERAGE_RECONCILE_START active=42 joined=26 missing=16 retry_ready=0 persistent_retry_queue_total=0 persistent_retry_queue_ready=0
2026-09-26 02:08:32 | INFO    | mediagrab          | _reconcile_cycle:946 | VC_RECONCILE_FOUND_MISSING chat_id=1949746242 title=
2026-09-26 02:08:32 | INFO    | mediagrab          | _reconcile_cycle:946 | VC_RECONCILE_FOUND_MISSING chat_id=3717806820 title=
2026-09-26 02:08:32 | INFO    | mediagrab          | _reconcile_cycle:946 | VC_RECONCILE_FOUND_MISSING chat_id=3961210499 title=
2026-09-26 02:08:32 | INFO    | mediagrab          | _reconcile_cycle:946 | VC_RECONCILE_FOUND_MISSING chat_id=2144563093 title=
2026-09-26 02:08:32 | INFO    | mediagrab          | _reconcile_cycle:946 | VC_RECONCILE_FOUND_MISSING chat_id=3875970076 title=
2026-09-26 02:08:32 | INFO    | mediagrab          | _reconcile_cycle:946 | VC_RECONCILE_FOUND_MISSING chat_id=2333937461 title=
2026-09-26 02:08:32 | INFO    | mediagrab          | _reconcile_cycle:946 | VC_RECONCILE_FOUND_MISSING chat_id=1993596337 title=Трейд чатик Vespiol
2026-09-26 02:08:32 | INFO    | mediagrab          | _reconcile_cycle:946 | VC_RECONCILE_FOUND_MISSING chat_id=1070871253 title=English/Korean only
2026-09-26 02:08:32 | DEBUG   | mediagrab          | _watchdog_loop:1740 | WATCHDOG: talkative handler not registered but effective_disabled source=dashboard_db — not retrying (admin disabled; v99.07 FIX-5)
2026-09-26 02:08:32 | INFO    | mediagrab          | _vc_handle_vc_command:28929 | COMMAND_RECEIVED path=telethon cmd=me sender=6463618928 chat=-1003922758336
2026-09-26 02:08:40 | INFO    | mediagrab          | _bot_heartbeat_loop:2756 | ACCOUNT_HEALTH live_clients=2 cluster_accounts=2 dead_sessions=0 unregistered=0 expected_cluster=2 total_files=2 — live_clients counts primary_global + registered cluster sessions; dead files need delete + re-login (SESSION_REMEDIATION); expected_cluster is accounts.json's registry size (v99.03 RC-10)
2026-09-26 02:08:40 | INFO    | mediagrab          | _bot_heartbeat_loop:2840 | BOT_HEARTBEAT pid=7 uptime=18856s rss_mb=167 threads=54 fd=367/1024 joined_transports=21 join_queue=0 active_joins=0 memory_limit_mb=4506 resource_headroom_mb=4339 FD_CENSUS total=367 soft=1024 sockets=344 pipes=5 files=12 anon=5 other=1 MEM_CENSUS rss_mb=167 threads=54 fd=367/1024 joined_transports=21 joins=_global:J=15/F=0 acc_918335829278:J=6/F=0 acc_919006065076:J=1/F=0 (v98.05 FIX-FF liveness; v98.06 FIX-OO uptime epoch domain; v99.02 FIX-3 FD_CENSUS; v99.10 FIX-D MEM_CENSUS; v99.11 P0-1 single-%s safe emission + resource fields)
2026-09-26 02:09:02 | DEBUG   | mediagrab          | _mtproto_health_loop:5800 | MTProto health check: OK
2026-09-26 02:09:02 | INFO    | mediagrab          | _mtproto_health_loop:5864 | MTPROTO_GENERATION_STATE active=0 retiring=0 retired=0 poisoned=0 generation_sessions=0 live_clients=3
2026-09-26 02:09:32 | DEBUG   | mediagrab          | _mtproto_health_loop:5800 | MTProto health check: OK
2026-09-26 02:09:32 | INFO    | mediagrab          | _mtproto_health_loop:5864 | MTPROTO_GENERATION_STATE active=0 retiring=0 retired=0 poisoned=0 generation_sessions=0 live_clients=3
2026-09-26 02:09:32 | INFO    | mediagrab          | _reconcile_cycle:917 | VC_COVERAGE_RECONCILE_START active=42 joined=26 missing=16 retry_ready=0 persistent_retry_queue_total=0 persistent_retry_queue_ready=0
2026-09-26 02:09:32 | INFO    | mediagrab          | _reconcile_cycle:946 | VC_RECONCILE_FOUND_MISSING chat_id=1949746242 title=
2026-09-26 02:09:32 | INFO    | mediagrab          | _reconcile_cycle:946 | VC_RECONCILE_FOUND_MISSING chat_id=3717806820 title=
2026-09-26 02:09:32 | INFO    | mediagrab          | _reconcile_cycle:946 | VC_RECONCILE_FOUND_MISSING chat_id=3961210499 title=
2026-09-26 02:09:32 | INFO    | mediagrab          | _reconcile_cycle:946 | VC_RECONCILE_FOUND_MISSING chat_id=2144563093 title=
2026-09-26 02:09:32 | INFO    | mediagrab          | _reconcile_cycle:946 | VC_RECONCILE_FOUND_MISSING chat_id=3875970076 title=
2026-09-26 02:09:32 | INFO    | mediagrab          | _reconcile_cycle:946 | VC_RECONCILE_FOUND_MISSING chat_id=2333937461 title=
2026-09-26 02:09:32 | INFO    | mediagrab          | _reconcile_cycle:946 | VC_RECONCILE_FOUND_MISSING chat_id=1993596337 title=Трейд чатик Vespiol
2026-09-26 02:09:32 | INFO    | mediagrab          | _reconcile_cycle:946 | VC_RECONCILE_FOUND_MISSING chat_id=1070871253 title=English/Korean only
2026-09-26 02:09:32 | DEBUG   | mediagrab          | _watchdog_loop:1740 | WATCHDOG: talkative handler not registered but effective_disabled source=dashboard_db — not retrying (admin disabled; v99.07 FIX-5)
2026-09-26 02:09:36 | INFO    | mediagrab          | _vc_handle_vc_command:28929 | COMMAND_RECEIVED path=telethon cmd=race sender=8952819281 chat=-1003922758336
2026-09-26 02:09:40 | INFO    | mediagrab          | _bot_heartbeat_loop:2840 | BOT_HEARTBEAT pid=7 uptime=18916s rss_mb=167 threads=54 fd=369/1024 joined_transports=21 join_queue=0 active_joins=0 memory_limit_mb=4506 resource_headroom_mb=4339 FD_CENSUS total=369 soft=1024 sockets=346 pipes=5 files=12 anon=5 other=1 MEM_CENSUS rss_mb=167 threads=54 fd=369/1024 joined_transports=21 joins=_global:J=15/F=0 acc_918335829278:J=6/F=0 acc_919006065076:J=1/F=0 (v98.05 FIX-FF liveness; v98.06 FIX-OO uptime epoch domain; v99.02 FIX-3 FD_CENSUS; v99.10 FIX-D MEM_CENSUS; v99.11 P0-1 single-%s safe emission + resource fields)
2026-09-26 02:10:02 | DEBUG   | mediagrab          | _mtproto_health_loop:5800 | MTProto health check: OK
2026-09-26 02:10:02 | INFO    | mediagrab          | _mtproto_health_loop:5864 | MTPROTO_GENERATION_STATE active=0 retiring=0 retired=0 poisoned=0 generation_sessions=0 live_clients=3
2026-09-26 02:10:28 | INFO    | mediagrab          | _vc_handle_vc_command:28929 | COMMAND_RECEIVED path=telethon cmd=duel sender=6824848993 chat=-1003922758336
2026-09-26 02:10:32 | DEBUG   | mediagrab          | _mtproto_health_loop:5800 | MTProto health check: OK
2026-09-26 02:10:32 | INFO    | mediagrab          | _mtproto_health_loop:5864 | MTPROTO_GENERATION_STATE active=0 retiring=0 retired=0 poisoned=0 generation_sessions=0 live_clients=3
2026-09-26 02:10:32 | INFO    | mediagrab_bot.vc_arch | emit_budgets_heartbeat:1204 | VC_ARCH_BUDGETS_HEARTBEAT max_classification_in_flight=4 max_discovery_in_flight=4 max_dispatch_queue_depth=200 max_entity_resolution_in_flight=8 max_join_in_flight=3 max_reconcile_in_flight=4 negcache_max_entries=10000 retry_budget_per_window=25 retry_window_seconds=60 task_population_bound=5000
2026-09-26 02:10:32 | INFO    | mediagrab          | _reconcile_cycle:917 | VC_COVERAGE_RECONCILE_START active=42 joined=26 missing=16 retry_ready=0 persistent_retry_queue_total=0 persistent_retry_queue_ready=0
2026-09-26 02:10:32 | INFO    | mediagrab          | _reconcile_cycle:946 | VC_RECONCILE_FOUND_MISSING chat_id=1949746242 title=
2026-09-26 02:10:32 | INFO    | mediagrab          | _reconcile_cycle:946 | VC_RECONCILE_FOUND_MISSING chat_id=3717806820 title=
2026-09-26 02:10:32 | INFO    | mediagrab          | _reconcile_cycle:946 | VC_RECONCILE_FOUND_MISSING chat_id=3961210499 title=
2026-09-26 02:10:32 | INFO    | mediagrab          | _reconcile_cycle:946 | VC_RECONCILE_FOUND_MISSING chat_id=2144563093 title=
2026-09-26 02:10:32 | INFO    | mediagrab          | _reconcile_cycle:946 | VC_RECONCILE_FOUND_MISSING chat_id=3875970076 title=
2026-09-26 02:10:32 | INFO    | mediagrab          | _reconcile_cycle:946 | VC_RECONCILE_FOUND_MISSING chat_id=2333937461 title=
2026-09-26 02:10:32 | INFO    | mediagrab          | _reconcile_cycle:946 | VC_RECONCILE_FOUND_MISSING chat_id=1993596337 title=Трейд чатик Vespiol
2026-09-26 02:10:32 | INFO    | mediagrab          | _reconcile_cycle:946 | VC_RECONCILE_FOUND_MISSING chat_id=1070871253 title=English/Korean only
2026-09-26 02:10:32 | DEBUG   | mediagrab          | _watchdog_loop:1740 | WATCHDOG: talkative handler not registered but effective_disabled source=dashboard_db — not retrying (admin disabled; v99.07 FIX-5)
2026-09-26 02:10:40 | INFO    | mediagrab          | _bot_heartbeat_loop:2840 | BOT_HEARTBEAT pid=7 uptime=18976s rss_mb=167 threads=54 fd=370/1024 joined_transports=21 join_queue=0 active_joins=0 memory_limit_mb=4506 resource_headroom_mb=4339 FD_CENSUS total=370 soft=1024 sockets=347 pipes=5 files=12 anon=5 other=1 MEM_CENSUS rss_mb=167 threads=54 fd=370/1024 joined_transports=21 joins=_global:J=15/F=0 acc_918335829278:J=6/F=0 acc_919006065076:J=1/F=0 (v98.05 FIX-FF liveness; v98.06 FIX-OO uptime epoch domain; v99.02 FIX-3 FD_CENSUS; v99.10 FIX-D MEM_CENSUS; v99.11 P0-1 single-%s safe emission + resource fields)
2026-09-26 02:11:00 | INFO    | mediagrab          | vc_collect_capability_evidence:8673 | VC_MULTI_CAPABILITY classification=MULTI_TRANSPORT resolved_count=14 tracked_targets=36 telegram_present=16 leave_target_specific=True confidence=high contradictions=0
2026-09-26 02:11:00 | DEBUG   | mediagrab          | vc_verify_target:8855 | VC_RECONCILE_CLIENT chat_id=-1001949746242 account_id=global source=global_backend_bound
2026-09-26 02:11:00 | INFO    | mediagrab          | resolve_vc_entity:11974 | VC_ENTITY_RESOLVE_START chat_ref=-1001949746242 chat_id=-1001949746242 access_hash=yes
2026-09-26 02:11:00 | INFO    | mediagrab          | resolve_vc_entity:12075 | VC_ENTITY_RESOLVE_CACHE_HIT chat_id=-1001949746242
2026-09-26 02:11:00 | INFO    | mediagrab          | resolve_vc_entity:12076 | VC_ENTITY_RESOLVE_SUCCESS chat_id=-1001949746242 source=cache
2026-09-26 02:11:00 | INFO    | mediagrab          | resolve_vc_entity:12431 | ENTITY_RESOLVE_RPC_COUNT chat_id=-1001949746242 scope=acc_918335829278 rpcs=0 failed_rpcs=0 outcome=RESOLVED_FROM_CACHE duration_ms=0.4 (v98.10 §22)
2026-09-26 02:11:00 | DEBUG   | mediagrab          | cache_entity_scoped:2355 | ENTITY_CACHE_SCOPED account=acc_918335829278 entity_id=1949746242 source=vc_discovery scope=acc_918335829278 (v99 RC-C scope-annotated)
2026-09-26 02:11:00 | INFO    | mediagrab          | vc_detect_active_call:3098 | VC_ENTITY_DISCOVERED entity_id=1949746242 access_hash=<2432…> type=Channel
2026-09-26 02:11:00 | DEBUG   | mediagrab          | vc_verify_target:8965 | VC_PARTICIPATION_REDETECT_OK chat_id=-1001949746242 account_id=global detect_scope=acc_918335829278 source=cache reresolved=0 (v98.07 FIX-QQ)
2026-09-26 02:11:01 | INFO    | mediagrab          | vc_check_telegram_participation:7681 | VC_PARTICIPATION_ABSENT_VIA_TARGETED chat_id=-1001949746242 call_id=-8374096343459726500 my_id=8624009332 via TARGETED_QUERY (v98.01 FIX-I + v98.02 FIX-L) — broad scan truncated at 0/2000, targeted query EMPTY for streak=3 (>=threshold=3) consecutive times with call_id stable → authoritative absence after repeated negative
2026-09-26 02:11:01 | INFO    | mediagrab          | vc_verify_target:9136 | VC_PARTICIPATION_VERIFY chat_id=-1001949746242 locally_tracked=False telegram=absent
2026-09-26 02:11:01 | INFO    | mediagrab          | vc_verify_target:9155 | VC_VERIFY_NOT_MEMBER chat_id=-1001949746242 locally_tracked=False telegram=absent — explicit verification state (v99.11 P1; never a leave)
2026-09-26 02:11:01 | INFO    | mediagrab          | vc_reconcile_participations:9542 | VC_PARTICIPATION_CONFIRMED_ABSENT chat_id=-1001949746242
2026-09-26 02:11:01 | INFO    | mediagrab          | _vc_cleanup_stale_backend_call:8029 | VC_BACKEND_STALE_CALL_CLEANUP_OWNER chat_id=-1001949746242 owner_account=(global) — using per-account backend for cleanup (v98.01 FIX-J: account-aware, prevents cross-account corruption)
2026-09-26 02:11:01 | INFO    | mediagrab          | vc_reconcile_participations:9645 | VC_REGISTRY_UPDATE_CONFIRMED chat_id=-1001949746242 classification=LEFT
2026-09-26 02:11:01 | DEBUG   | mediagrab          | vc_verify_target:8855 | VC_RECONCILE_CLIENT chat_id=1949746242 account_id=acc_918335829278 source=account:acc_918335829278
2026-09-26 02:11:01 | INFO    | mediagrab          | resolve_vc_entity:11974 | VC_ENTITY_RESOLVE_START chat_ref=-1001949746242 chat_id=-1001949746242 access_hash=yes
2026-09-26 02:11:01 | INFO    | mediagrab          | resolve_vc_entity:12075 | VC_ENTITY_RESOLVE_CACHE_HIT chat_id=-1001949746242
2026-09-26 02:11:01 | INFO    | mediagrab          | resolve_vc_entity:12076 | VC_ENTITY_RESOLVE_SUCCESS chat_id=-1001949746242 source=cache
2026-09-26 02:11:01 | INFO    | mediagrab          | resolve_vc_entity:12431 | ENTITY_RESOLVE_RPC_COUNT chat_id=-1001949746242 scope=acc_918335829278 rpcs=0 failed_rpcs=0 outcome=RESOLVED_FROM_CACHE duration_ms=0.4 (v98.10 §22)
2026-09-26 02:11:01 | DEBUG   | mediagrab          | cache_entity_scoped:2355 | ENTITY_CACHE_SCOPED account=acc_918335829278 entity_id=1949746242 source=vc_discovery scope=acc_918335829278 (v99 RC-C scope-annotated)
2026-09-26 02:11:01 | INFO    | mediagrab          | vc_detect_active_call:3098 | VC_ENTITY_DISCOVERED entity_id=1949746242 access_hash=<2432…> type=Channel
2026-09-26 02:11:01 | DEBUG   | mediagrab          | vc_verify_target:8965 | VC_PARTICIPATION_REDETECT_OK chat_id=1949746242 account_id=acc_918335829278 detect_scope=acc_918335829278 source=cache reresolved=0 (v98.07 FIX-QQ)
2026-09-26 02:11:02 | INFO    | mediagrab          | vc_check_telegram_participation:7681 | VC_PARTICIPATION_ABSENT_VIA_TARGETED chat_id=1949746242 call_id=-8374096343459726500 my_id=8624009332 via TARGETED_QUERY (v98.01 FIX-I + v98.02 FIX-L) — broad scan truncated at 0/2000, targeted query EMPTY for streak=3 (>=threshold=3) consecutive times with call_id stable → authoritative absence after repeated negative
2026-09-26 02:11:02 | INFO    | mediagrab          | vc_verify_target:9136 | VC_PARTICIPATION_VERIFY chat_id=1949746242 locally_tracked=False telegram=absent
2026-09-26 02:11:02 | INFO    | mediagrab          | vc_verify_target:9155 | VC_VERIFY_NOT_MEMBER chat_id=1949746242 locally_tracked=False telegram=absent — explicit verification state (v99.11 P1; never a leave)
2026-09-26 02:11:02 | INFO    | mediagrab          | vc_reconcile_participations:9542 | VC_PARTICIPATION_CONFIRMED_ABSENT chat_id=1949746242
2026-09-26 02:11:02 | WARNING | mediagrab          | _vc_join_quarantine_record_absent:17193 | VC_JOIN_QUARANTINE_SET chat_id=1949746242 cycles=2 window=1800s — the server-side participant check confirmed absent after 2 believed-joins; further auto-joins deferred for the window (explicit user join + present-verification clear it) (v98.12-FINAL2 FIX-TQ)
2026-09-26 02:11:02 | INFO    | mediagrab          | _vc_cleanup_stale_backend_call:8029 | VC_BACKEND_STALE_CALL_CLEANUP_OWNER chat_id=1949746242 owner_account=(global) — using per-account backend for cleanup (v98.01 FIX-J: account-aware, prevents cross-account corruption)
2026-09-26 02:11:02 | INFO    | mediagrab          | vc_reconcile_participations:9645 | VC_REGISTRY_UPDATE_CONFIRMED chat_id=1949746242 classification=LEFT
2026-09-26 02:11:02 | DEBUG   | mediagrab          | vc_verify_target:8730 | VC_RECONCILE_SKIP_COOLDOWN chat_id=-1003717806820 remaining=1086s — recently confirmed dead
2026-09-26 02:11:02 | INFO    | mediagrab          | vc_reconcile_participations:9645 | VC_REGISTRY_UPDATE_CONFIRMED chat_id=-1003717806820 classification=UNKNOWN
2026-09-26 02:11:02 | DEBUG   | mediagrab          | vc_verify_target:8730 | VC_RECONCILE_SKIP_COOLDOWN chat_id=3717806820 remaining=1087s — recently confirmed dead
2026-09-26 02:11:02 | INFO    | mediagrab          | vc_reconcile_participations:9645 | VC_REGISTRY_UPDATE_CONFIRMED chat_id=3717806820 classification=UNKNOWN
2026-09-26 02:11:02 | DEBUG   | mediagrab          | vc_verify_target:8855 | VC_RECONCILE_CLIENT chat_id=-1004493954490 account_id=global source=global_backend_bound
2026-09-26 02:11:02 | INFO    | mediagrab          | resolve_vc_entity:11974 | VC_ENTITY_RESOLVE_START chat_ref=-1004493954490 chat_id=-1004493954490 access_hash=yes
2026-09-26 02:11:02 | INFO    | mediagrab          | resolve_vc_entity:12075 | VC_ENTITY_RESOLVE_CACHE_HIT chat_id=-1004493954490
2026-09-26 02:11:02 | INFO    | mediagrab          | resolve_vc_entity:12076 | VC_ENTITY_RESOLVE_SUCCESS chat_id=-1004493954490 source=cache
2026-09-26 02:11:02 | INFO    | mediagrab          | resolve_vc_entity:12431 | ENTITY_RESOLVE_RPC_COUNT chat_id=-1004493954490 scope=acc_918335829278 rpcs=0 failed_rpcs=0 outcome=RESOLVED_FROM_CACHE duration_ms=0.1 (v98.10 §22)
2026-09-26 02:11:02 | DEBUG   | mediagrab          | cache_entity_scoped:2355 | ENTITY_CACHE_SCOPED account=acc_918335829278 entity_id=4493954490 source=vc_discovery scope=acc_918335829278 (v99 RC-C scope-annotated)
2026-09-26 02:11:02 | INFO    | mediagrab          | vc_detect_active_call:3098 | VC_ENTITY_DISCOVERED entity_id=4493954490 access_hash=<1521…> type=Channel
2026-09-26 02:11:02 | DEBUG   | mediagrab          | vc_verify_target:8965 | VC_PARTICIPATION_REDETECT_OK chat_id=-1004493954490 account_id=global detect_scope=acc_918335829278 source=cache reresolved=0 (v98.07 FIX-QQ)
2026-09-26 02:11:02 | DEBUG   | mediagrab          | _mtproto_health_loop:5800 | MTProto health check: OK
2026-09-26 02:11:02 | INFO    | mediagrab          | _mtproto_health_loop:5864 | MTPROTO_GENERATION_STATE active=0 retiring=0 retired=0 poisoned=0 generation_sessions=0 live_clients=3
2026-09-26 02:11:02 | INFO    | mediagrab          | vc_check_telegram_participation:7443 | VC_PARTICIPATION_PRESENT chat_id=-1004493954490 call_id=-854643486267583587 my_id=8624009332 pages=1 inspected=1 complete=yes server_count=None participant=[peer=PeerUser(8624009332) flags=is_self,muted,video_joined source=1809589421]
2026-09-26 02:11:02 | INFO    | mediagrab          | vc_verify_target:9136 | VC_PARTICIPATION_VERIFY chat_id=-1004493954490 locally_tracked=False telegram=present
2026-09-26 02:11:02 | INFO    | mediagrab          | vc_verify_target:9155 | VC_VERIFY_MEMBER chat_id=-1004493954490 locally_tracked=False telegram=present — explicit verification state (v99.11 P1; never a leave)
2026-09-26 02:11:02 | INFO    | mediagrab          | vc_reconcile_participations:9645 | VC_REGISTRY_UPDATE_CONFIRMED chat_id=-1004493954490 classification=PARTICIPATING_UNTRACKED
2026-09-26 02:11:02 | DEBUG   | mediagrab          | vc_verify_target:8855 | VC_RECONCILE_CLIENT chat_id=4493954490 account_id=(none) source=primary_legacy
2026-09-26 02:11:02 | INFO    | mediagrab          | resolve_vc_entity:11974 | VC_ENTITY_RESOLVE_START chat_ref=-1004493954490 chat_id=-1004493954490 access_hash=yes
2026-09-26 02:11:02 | INFO    | mediagrab          | resolve_vc_entity:12075 | VC_ENTITY_RESOLVE_CACHE_HIT chat_id=-1004493954490
2026-09-26 02:11:02 | INFO    | mediagrab          | resolve_vc_entity:12076 | VC_ENTITY_RESOLVE_SUCCESS chat_id=-1004493954490 source=cache
2026-09-26 02:11:02 | INFO    | mediagrab          | resolve_vc_entity:12431 | ENTITY_RESOLVE_RPC_COUNT chat_id=-1004493954490 scope=acc_918335829278 rpcs=0 failed_rpcs=0 outcome=RESOLVED_FROM_CACHE duration_ms=0.2 (v98.10 §22)
2026-09-26 02:11:02 | DEBUG   | mediagrab          | cache_entity_scoped:2355 | ENTITY_CACHE_SCOPED account=acc_918335829278 entity_id=4493954490 source=vc_discovery scope=acc_918335829278 (v99 RC-C scope-annotated)
2026-09-26 02:11:02 | INFO    | mediagrab          | vc_detect_active_call:3098 | VC_ENTITY_DISCOVERED entity_id=4493954490 access_hash=<1521…> type=Channel
2026-09-26 02:11:02 | DEBUG   | mediagrab          | vc_verify_target:8965 | VC_PARTICIPATION_REDETECT_OK chat_id=4493954490 account_id=(none) detect_scope=acc_918335829278 source=cache reresolved=0 (v98.07 FIX-QQ)
2026-09-26 02:11:03 | INFO    | mediagrab          | vc_check_telegram_participation:7443 | VC_PARTICIPATION_PRESENT chat_id=4493954490 call_id=-854643486267583587 my_id=8624009332 pages=1 inspected=1 complete=yes server_count=None participant=[peer=PeerUser(8624009332) flags=is_self,muted,video_joined source=1809589421]
2026-09-26 02:11:03 | INFO    | mediagrab          | vc_verify_target:9136 | VC_PARTICIPATION_VERIFY chat_id=4493954490 locally_tracked=False telegram=present
2026-09-26 02:11:03 | INFO    | mediagrab          | vc_verify_target:9155 | VC_VERIFY_MEMBER chat_id=4493954490 locally_tracked=False telegram=present — explicit verification state (v99.11 P1; never a leave)
2026-09-26 02:11:03 | INFO    | mediagrab          | vc_reconcile_participations:9645 | VC_REGISTRY_UPDATE_CONFIRMED chat_id=4493954490 classification=PARTICIPATING_UNTRACKED
2026-09-26 02:11:03 | DEBUG   | mediagrab          | vc_verify_target:8855 | VC_RECONCILE_CLIENT chat_id=-1001741660162 account_id=global source=global_backend_bound
2026-09-26 02:11:03 | INFO    | mediagrab          | resolve_vc_entity:11974 | VC_ENTITY_RESOLVE_START chat_ref=-1001741660162 chat_id=-1001741660162 access_hash=yes
2026-09-26 02:11:03 | INFO    | mediagrab          | resolve_vc_entity:12075 | VC_ENTITY_RESOLVE_CACHE_HIT chat_id=-1001741660162
2026-09-26 02:11:03 | INFO    | mediagrab          | resolve_vc_entity:12076 | VC_ENTITY_RESOLVE_SUCCESS chat_id=-1001741660162 source=cache
2026-09-26 02:11:03 | INFO    | mediagrab          | resolve_vc_entity:12431 | ENTITY_RESOLVE_RPC_COUNT chat_id=-1001741660162 scope=acc_918335829278 rpcs=0 failed_rpcs=0 outcome=RESOLVED_FROM_CACHE duration_ms=0.2 (v98.10 §22)
2026-09-26 02:11:03 | DEBUG   | mediagrab          | cache_entity_scoped:2355 | ENTITY_CACHE_SCOPED account=acc_918335829278 entity_id=1741660162 source=vc_discovery scope=acc_918335829278 (v99 RC-C scope-annotated)
2026-09-26 02:11:03 | INFO    | mediagrab          | vc_detect_active_call:3098 | VC_ENTITY_DISCOVERED entity_id=1741660162 access_hash=<-409…> type=Channel
2026-09-26 02:11:03 | DEBUG   | mediagrab          | vc_verify_target:8965 | VC_PARTICIPATION_REDETECT_OK chat_id=-1001741660162 account_id=global detect_scope=acc_918335829278 source=cache reresolved=0 (v98.07 FIX-QQ)
2026-09-26 02:11:03 | INFO    | mediagrab          | vc_check_telegram_participation:7443 | VC_PARTICIPATION_PRESENT chat_id=-1001741660162 call_id=-7480373434596124204 my_id=8624009332 pages=1 inspected=1 complete=yes server_count=None participant=[peer=PeerUser(8624009332) flags=is_self,muted,video_joined source=1709522862]
2026-09-26 02:11:03 | INFO    | mediagrab          | vc_verify_target:9136 | VC_PARTICIPATION_VERIFY chat_id=-1001741660162 locally_tracked=False telegram=present
2026-09-26 02:11:03 | INFO    | mediagrab          | vc_verify_target:9155 | VC_VERIFY_MEMBER chat_id=-1001741660162 locally_tracked=False telegram=present — explicit verification state (v99.11 P1; never a leave)
2026-09-26 02:11:03 | INFO    | mediagrab          | vc_reconcile_participations:9645 | VC_REGISTRY_UPDATE_CONFIRMED chat_id=-1001741660162 classification=PARTICIPATING_UNTRACKED
2026-09-26 02:11:03 | DEBUG   | mediagrab          | vc_verify_target:8855 | VC_RECONCILE_CLIENT chat_id=1741660162 account_id=(none) source=primary_legacy
2026-09-26 02:11:03 | INFO    | mediagrab          | resolve_vc_entity:11974 | VC_ENTITY_RESOLVE_START chat_ref=-1001741660162 chat_id=-1001741660162 access_hash=yes
2026-09-26 02:11:03 | INFO    | mediagrab          | resolve_vc_entity:12075 | VC_ENTITY_RESOLVE_CACHE_HIT chat_id=-1001741660162
2026-09-26 02:11:03 | INFO    | mediagrab          | resolve_vc_entity:12076 | VC_ENTITY_RESOLVE_SUCCESS chat_id=-1001741660162 source=cache
2026-09-26 02:11:03 | INFO    | mediagrab          | resolve_vc_entity:12431 | ENTITY_RESOLVE_RPC_COUNT chat_id=-1001741660162 scope=acc_918335829278 rpcs=0 failed_rpcs=0 outcome=RESOLVED_FROM_CACHE duration_ms=0.2 (v98.10 §22)
2026-09-26 02:11:03 | DEBUG   | mediagrab          | cache_entity_scoped:2355 | ENTITY_CACHE_SCOPED account=acc_918335829278 entity_id=1741660162 source=vc_discovery scope=acc_918335829278 (v99 RC-C scope-annotated)
2026-09-26 02:11:03 | INFO    | mediagrab          | vc_detect_active_call:3098 | VC_ENTITY_DISCOVERED entity_id=1741660162 access_hash=<-409…> type=Channel
2026-09-26 02:11:03 | DEBUG   | mediagrab          | vc_verify_target:8965 | VC_PARTICIPATION_REDETECT_OK chat_id=1741660162 account_id=(none) detect_scope=acc_918335829278 source=cache reresolved=0 (v98.07 FIX-QQ)
2026-09-26 02:11:03 | INFO    | mediagrab          | vc_check_telegram_participation:7443 | VC_PARTICIPATION_PRESENT chat_id=1741660162 call_id=-7480373434596124204 my_id=8624009332 pages=1 inspected=1 complete=yes server_count=None participant=[peer=PeerUser(8624009332) flags=is_self,muted,video_joined source=1709522862]
2026-09-26 02:11:03 | INFO    | mediagrab          | vc_verify_target:9136 | VC_PARTICIPATION_VERIFY chat_id=1741660162 locally_tracked=False telegram=present
2026-09-26 02:11:03 | INFO    | mediagrab          | vc_verify_target:9155 | VC_VERIFY_MEMBER chat_id=1741660162 locally_tracked=False telegram=present — explicit verification state (v99.11 P1; never a leave)
2026-09-26 02:11:03 | INFO    | mediagrab          | vc_reconcile_participations:9645 | VC_REGISTRY_UPDATE_CONFIRMED chat_id=1741660162 classification=PARTICIPATING_UNTRACKED
2026-09-26 02:11:03 | DEBUG   | mediagrab          | vc_verify_target:8855 | VC_RECONCILE_CLIENT chat_id=-1003957856246 account_id=global source=global_backend_bound
2026-09-26 02:11:03 | INFO    | mediagrab          | resolve_vc_entity:11974 | VC_ENTITY_RESOLVE_START chat_ref=-1003957856246 chat_id=-1003957856246 access_hash=yes
2026-09-26 02:11:03 | INFO    | mediagrab          | resolve_vc_entity:12075 | VC_ENTITY_RESOLVE_CACHE_HIT chat_id=-1003957856246
2026-09-26 02:11:03 | INFO    | mediagrab          | resolve_vc_entity:12076 | VC_ENTITY_RESOLVE_SUCCESS chat_id=-1003957856246 source=cache
2026-09-26 02:11:03 | INFO    | mediagrab          | resolve_vc_entity:12431 | ENTITY_RESOLVE_RPC_COUNT chat_id=-1003957856246 scope=acc_918335829278 rpcs=0 failed_rpcs=0 outcome=RESOLVED_FROM_CACHE duration_ms=0.2 (v98.10 §22)
2026-09-26 02:11:04 | DEBUG   | mediagrab          | cache_entity_scoped:2355 | ENTITY_CACHE_SCOPED account=acc_918335829278 entity_id=3957856246 source=vc_discovery scope=acc_918335829278 (v99 RC-C scope-annotated)
2026-09-26 02:11:04 | INFO    | mediagrab          | vc_detect_active_call:3098 | VC_ENTITY_DISCOVERED entity_id=3957856246 access_hash=<-733…> type=Channel
2026-09-26 02:11:04 | DEBUG   | mediagrab          | vc_verify_target:8965 | VC_PARTICIPATION_REDETECT_OK chat_id=-1003957856246 account_id=global detect_scope=acc_918335829278 source=cache reresolved=0 (v98.07 FIX-QQ)
2026-09-26 02:11:04 | INFO    | mediagrab          | vc_check_telegram_participation:7443 | VC_PARTICIPATION_PRESENT chat_id=-1003957856246 call_id=-7775491097696072747 my_id=8624009332 pages=1 inspected=1 complete=yes server_count=None participant=[peer=PeerUser(8624009332) flags=is_self,muted,video_joined source=1207408936]
2026-09-26 02:11:04 | INFO    | mediagrab          | vc_verify_target:9136 | VC_PARTICIPATION_VERIFY chat_id=-1003957856246 locally_tracked=False telegram=present
2026-09-26 02:11:04 | INFO    | mediagrab          | vc_verify_target:9155 | VC_VERIFY_MEMBER chat_id=-1003957856246 locally_tracked=False telegram=present — explicit verification state (v99.11 P1; never a leave)
2026-09-26 02:11:04 | INFO    | mediagrab          | vc_reconcile_participations:9645 | VC_REGISTRY_UPDATE_CONFIRMED chat_id=-1003957856246 classification=PARTICIPATING_UNTRACKED
2026-09-26 02:11:04 | DEBUG   | mediagrab          | vc_verify_target:8855 | VC_RECONCILE_CLIENT chat_id=3957856246 account_id=(none) source=primary_legacy
2026-09-26 02:11:04 | INFO    | mediagrab          | resolve_vc_entity:11974 | VC_ENTITY_RESOLVE_START chat_ref=-1003957856246 chat_id=-1003957856246 access_hash=yes
2026-09-26 02:11:04 | INFO    | mediagrab          | resolve_vc_entity:12075 | VC_ENTITY_RESOLVE_CACHE_HIT chat_id=-1003957856246
2026-09-26 02:11:04 | INFO    | mediagrab          | resolve_vc_entity:12076 | VC_ENTITY_RESOLVE_SUCCESS chat_id=-1003957856246 source=cache
2026-09-26 02:11:04 | INFO    | mediagrab          | resolve_vc_entity:12431 | ENTITY_RESOLVE_RPC_COUNT chat_id=-1003957856246 scope=acc_918335829278 rpcs=0 failed_rpcs=0 outcome=RESOLVED_FROM_CACHE duration_ms=0.1 (v98.10 §22)
2026-09-26 02:11:04 | DEBUG   | mediagrab          | cache_entity_scoped:2355 | ENTITY_CACHE_SCOPED account=acc_918335829278 entity_id=3957856246 source=vc_discovery scope=acc_918335829278 (v99 RC-C scope-annotated)
2026-09-26 02:11:04 | INFO    | mediagrab          | vc_detect_active_call:3098 | VC_ENTITY_DISCOVERED entity_id=3957856246 access_hash=<-733…> type=Channel
2026-09-26 02:11:04 | DEBUG   | mediagrab          | vc_verify_target:8965 | VC_PARTICIPATION_REDETECT_OK chat_id=3957856246 account_id=(none) detect_scope=acc_918335829278 source=cache reresolved=0 (v98.07 FIX-QQ)
2026-09-26 02:11:04 | INFO    | mediagrab          | vc_check_telegram_participation:7443 | VC_PARTICIPATION_PRESENT chat_id=3957856246 call_id=-7775491097696072747 my_id=8624009332 pages=1 inspected=1 complete=yes server_count=None participant=[peer=PeerUser(8624009332) flags=is_self,muted,video_joined source=1207408936]
2026-09-26 02:11:04 | INFO    | mediagrab          | vc_verify_target:9136 | VC_PARTICIPATION_VERIFY chat_id=3957856246 locally_tracked=False telegram=present
2026-09-26 02:11:04 | INFO    | mediagrab          | vc_verify_target:9155 | VC_VERIFY_MEMBER chat_id=3957856246 locally_tracked=False telegram=present — explicit verification state (v99.11 P1; never a leave)
2026-09-26 02:11:04 | INFO    | mediagrab          | vc_reconcile_participations:9645 | VC_REGISTRY_UPDATE_CONFIRMED chat_id=3957856246 classification=PARTICIPATING_UNTRACKED
2026-09-26 02:11:04 | DEBUG   | mediagrab          | vc_verify_target:8855 | VC_RECONCILE_CLIENT chat_id=-1003961210499 account_id=global source=global_backend_bound
2026-09-26 02:11:04 | INFO    | mediagrab          | resolve_vc_entity:11974 | VC_ENTITY_RESOLVE_START chat_ref=-1003961210499 chat_id=-1003961210499 access_hash=yes
2026-09-26 02:11:04 | INFO    | mediagrab          | resolve_vc_entity:12075 | VC_ENTITY_RESOLVE_CACHE_HIT chat_id=-1003961210499
2026-09-26 02:11:04 | INFO    | mediagrab          | resolve_vc_entity:12076 | VC_ENTITY_RESOLVE_SUCCESS chat_id=-1003961210499 source=cache
2026-09-26 02:11:04 | INFO    | mediagrab          | resolve_vc_entity:12431 | ENTITY_RESOLVE_RPC_COUNT chat_id=-1003961210499 scope=acc_918335829278 rpcs=0 failed_rpcs=0 outcome=RESOLVED_FROM_CACHE duration_ms=0.2 (v98.10 §22)
2026-09-26 02:11:05 | INFO    | mediagrab          | vc_verify_target:9080 | VC_PARTICIPATION_CALL_ENDED chat_id=-1003961210499 call_id=-7789897504631902481 — retiring stale call identity (v98.00 FIX-E Case C: vc_detect_active_call returned None — genuine absence)
2026-09-26 02:11:05 | INFO    | mediagrab          | vc_verify_target:9136 | VC_PARTICIPATION_VERIFY chat_id=-1003961210499 locally_tracked=False telegram=absent
2026-09-26 02:11:05 | INFO    | mediagrab          | vc_verify_target:9155 | VC_VERIFY_NOT_MEMBER chat_id=-1003961210499 locally_tracked=False telegram=absent — explicit verification state (v99.11 P1; never a leave)
2026-09-26 02:11:05 | INFO    | mediagrab          | vc_reconcile_participations:9542 | VC_PARTICIPATION_CONFIRMED_ABSENT chat_id=-1003961210499
2026-09-26 02:11:05 | INFO    | mediagrab          | _vc_cleanup_stale_backend_call:8029 | VC_BACKEND_STALE_CALL_CLEANUP_OWNER chat_id=-1003961210499 owner_account=(global) — using per-account backend for cleanup (v98.01 FIX-J: account-aware, prevents cross-account corruption)
2026-09-26 02:11:05 | INFO    | mediagrab          | vc_reconcile_participations:9645 | VC_REGISTRY_UPDATE_CONFIRMED chat_id=-1003961210499 classification=LEFT
2026-09-26 02:11:05 | DEBUG   | mediagrab          | vc_verify_target:8855 | VC_RECONCILE_CLIENT chat_id=3961210499 account_id=(none) source=primary_legacy
2026-09-26 02:11:05 | INFO    | mediagrab          | resolve_vc_entity:11974 | VC_ENTITY_RESOLVE_START chat_ref=-1003961210499 chat_id=-1003961210499 access_hash=yes
2026-09-26 02:11:05 | INFO    | mediagrab          | resolve_vc_entity:12075 | VC_ENTITY_RESOLVE_CACHE_HIT chat_id=-1003961210499
2026-09-26 02:11:05 | INFO    | mediagrab          | resolve_vc_entity:12076 | VC_ENTITY_RESOLVE_SUCCESS chat_id=-1003961210499 source=cache
2026-09-26 02:11:05 | INFO    | mediagrab          | resolve_vc_entity:12431 | ENTITY_RESOLVE_RPC_COUNT chat_id=-1003961210499 scope=acc_918335829278 rpcs=0 failed_rpcs=0 outcome=RESOLVED_FROM_CACHE duration_ms=0.1 (v98.10 §22)
2026-09-26 02:11:05 | INFO    | mediagrab          | vc_verify_target:9080 | VC_PARTICIPATION_CALL_ENDED chat_id=3961210499 call_id=-7789897504631902481 — retiring stale call identity (v98.00 FIX-E Case C: vc_detect_active_call returned None — genuine absence)
2026-09-26 02:11:05 | INFO    | mediagrab          | vc_verify_target:9136 | VC_PARTICIPATION_VERIFY chat_id=3961210499 locally_tracked=False telegram=absent
2026-09-26 02:11:05 | INFO    | mediagrab          | vc_verify_target:9155 | VC_VERIFY_NOT_MEMBER chat_id=3961210499 locally_tracked=False telegram=absent — explicit verification state (v99.11 P1; never a leave)
2026-09-26 02:11:05 | INFO    | mediagrab          | vc_reconcile_participations:9542 | VC_PARTICIPATION_CONFIRMED_ABSENT chat_id=3961210499
2026-09-26 02:11:05 | INFO    | mediagrab          | _vc_cleanup_stale_backend_call:8029 | VC_BACKEND_STALE_CALL_CLEANUP_OWNER chat_id=3961210499 owner_account=(global) — using per-account backend for cleanup (v98.01 FIX-J: account-aware, prevents cross-account corruption)
2026-09-26 02:11:05 | INFO    | mediagrab          | vc_reconcile_participations:9645 | VC_REGISTRY_UPDATE_CONFIRMED chat_id=3961210499 classification=LEFT
2026-09-26 02:11:05 | DEBUG   | mediagrab          | vc_verify_target:8855 | VC_RECONCILE_CLIENT chat_id=-1002144563093 account_id=acc_919006065076 source=account:acc_919006065076
2026-09-26 02:11:05 | INFO    | mediagrab          | resolve_vc_entity:11974 | VC_ENTITY_RESOLVE_START chat_ref=-1002144563093 chat_id=-1002144563093 access_hash=yes
2026-09-26 02:11:05 | WARNING | mediagrab          | resolve_vc_entity:12062 | VC_HASH_SCOPE_MISMATCH chat_id=-1002144563093 entry_scope=acc_918335829278 consumer_scope=acc_919006065076 — skipping cache hit, re-resolving for this client (v98.07 FIX-QQ)
2026-09-26 02:11:05 | INFO    | mediagrab          | _v9810_scope_route:11711 | ENTITY_RESOLVE_CACHE_HIT chat_id=-1002144563093 scope=acc_919006065076 source=scope_state age=394s (v98.10 §15 Step 0a — 0 RPCs)
2026-09-26 02:11:05 | INFO    | mediagrab          | resolve_vc_entity:12431 | ENTITY_RESOLVE_RPC_COUNT chat_id=-1002144563093 scope=acc_919006065076 rpcs=0 failed_rpcs=0 outcome=RESOLVED_FROM_SCOPE_STATE duration_ms=0.2 (v98.10 §22)
2026-09-26 02:11:05 | DEBUG   | mediagrab          | cache_entity_scoped:2355 | ENTITY_CACHE_SCOPED account=acc_919006065076 entity_id=2144563093 source=vc_discovery scope=acc_919006065076 (v99 RC-C scope-annotated)
2026-09-26 02:11:05 | INFO    | mediagrab          | vc_detect_active_call:3098 | VC_ENTITY_DISCOVERED entity_id=2144563093 access_hash=<-106…> type=Channel
2026-09-26 02:11:05 | DEBUG   | mediagrab          | vc_verify_target:8965 | VC_PARTICIPATION_REDETECT_OK chat_id=-1002144563093 account_id=acc_919006065076 detect_scope=acc_919006065076 source=scope_state reresolved=0 (v98.07 FIX-QQ)
2026-09-26 02:11:06 | INFO    | mediagrab          | vc_check_telegram_participation:7681 | VC_PARTICIPATION_ABSENT_VIA_TARGETED chat_id=-1002144563093 call_id=-9210828346574712743 my_id=8699582859 via TARGETED_QUERY (v98.01 FIX-I + v98.02 FIX-L) — broad scan truncated at 0/2000, targeted query EMPTY for streak=3 (>=threshold=3) consecutive times with call_id stable → authoritative absence after repeated negative
2026-09-26 02:11:06 | INFO    | mediagrab          | vc_verify_target:9136 | VC_PARTICIPATION_VERIFY chat_id=-1002144563093 locally_tracked=False telegram=absent
2026-09-26 02:11:06 | INFO    | mediagrab          | vc_verify_target:9155 | VC_VERIFY_NOT_MEMBER chat_id=-1002144563093 locally_tracked=False telegram=absent — explicit verification state (v99.11 P1; never a leave)
2026-09-26 02:11:06 | INFO    | mediagrab          | vc_reconcile_participations:9542 | VC_PARTICIPATION_CONFIRMED_ABSENT chat_id=-1002144563093
2026-09-26 02:11:06 | INFO    | mediagrab          | _vc_cleanup_stale_backend_call:8029 | VC_BACKEND_STALE_CALL_CLEANUP_OWNER chat_id=-1002144563093 owner_account=acc_919006065076 — using per-account backend for cleanup (v98.01 FIX-J: account-aware, prevents cross-account corruption)
2026-09-26 02:11:06 | INFO    | mediagrab          | vc_reconcile_participations:9645 | VC_REGISTRY_UPDATE_CONFIRMED chat_id=-1002144563093 classification=LEFT
2026-09-26 02:11:06 | DEBUG   | mediagrab          | vc_verify_target:8855 | VC_RECONCILE_CLIENT chat_id=2144563093 account_id=acc_919006065076 source=account:acc_919006065076
2026-09-26 02:11:06 | INFO    | mediagrab          | resolve_vc_entity:11974 | VC_ENTITY_RESOLVE_START chat_ref=-1002144563093 chat_id=-1002144563093 access_hash=yes
2026-09-26 02:11:06 | INFO    | mediagrab          | resolve_vc_entity:12075 | VC_ENTITY_RESOLVE_CACHE_HIT chat_id=-1002144563093
2026-09-26 02:11:06 | INFO    | mediagrab          | resolve_vc_entity:12076 | VC_ENTITY_RESOLVE_SUCCESS chat_id=-1002144563093 source=cache
2026-09-26 02:11:06 | INFO    | mediagrab          | resolve_vc_entity:12431 | ENTITY_RESOLVE_RPC_COUNT chat_id=-1002144563093 scope=acc_919006065076 rpcs=0 failed_rpcs=0 outcome=RESOLVED_FROM_CACHE duration_ms=0.3 (v98.10 §22)
2026-09-26 02:11:06 | DEBUG   | mediagrab          | cache_entity_scoped:2355 | ENTITY_CACHE_SCOPED account=acc_919006065076 entity_id=2144563093 source=vc_discovery scope=acc_919006065076 (v99 RC-C scope-annotated)
2026-09-26 02:11:06 | INFO    | mediagrab          | vc_detect_active_call:3098 | VC_ENTITY_DISCOVERED entity_id=2144563093 access_hash=<-106…> type=Channel
2026-09-26 02:11:06 | DEBUG   | mediagrab          | vc_verify_target:8965 | VC_PARTICIPATION_REDETECT_OK chat_id=2144563093 account_id=acc_919006065076 detect_scope=acc_919006065076 source=cache reresolved=0 (v98.07 FIX-QQ)
2026-09-26 02:11:06 | WARNING | mediagrab          | vc_check_telegram_participation:7700 | VC_PARTICIPATION_TARGETED_EMPTY_STREAK chat_id=2144563093 call_id=-9210828346574712743 my_id=8699582859 streak=1/3 (v98.02 FIX-L: single/double targeted-empty is UNKNOWN — NOT destructive; awaiting 3 consecutive for absent) — broad scan truncated at 0/2000, targeted EMPTY
2026-09-26 02:11:06 | INFO    | mediagrab          | vc_verify_target:9136 | VC_PARTICIPATION_VERIFY chat_id=2144563093 locally_tracked=False telegram=unknown
2026-09-26 02:11:06 | INFO    | mediagrab          | vc_verify_target:9155 | VC_VERIFY_UNKNOWN chat_id=2144563093 locally_tracked=False telegram=unknown — explicit verification state (v99.11 P1; never a leave)
2026-09-26 02:11:06 | INFO    | mediagrab          | vc_reconcile_participations:9560 | VC_PARTICIPATION_UNKNOWN chat_id=2144563093 — preserving unknown state
2026-09-26 02:11:06 | INFO    | mediagrab          | vc_reconcile_participations:9645 | VC_REGISTRY_UPDATE_CONFIRMED chat_id=2144563093 classification=UNKNOWN
2026-09-26 02:11:06 | DEBUG   | mediagrab          | vc_verify_target:8855 | VC_RECONCILE_CLIENT chat_id=-1003875970076 account_id=global source=global_backend_bound
2026-09-26 02:11:06 | INFO    | mediagrab          | resolve_vc_entity:11974 | VC_ENTITY_RESOLVE_START chat_ref=-1003875970076 chat_id=-1003875970076 access_hash=yes
2026-09-26 02:11:06 | INFO    | mediagrab          | resolve_vc_entity:12075 | VC_ENTITY_RESOLVE_CACHE_HIT chat_id=-1003875970076
2026-09-26 02:11:06 | INFO    | mediagrab          | resolve_vc_entity:12076 | VC_ENTITY_RESOLVE_SUCCESS chat_id=-1003875970076 source=cache
2026-09-26 02:11:06 | INFO    | mediagrab          | resolve_vc_entity:12431 | ENTITY_RESOLVE_RPC_COUNT chat_id=-1003875970076 scope=acc_918335829278 rpcs=0 failed_rpcs=0 outcome=RESOLVED_FROM_CACHE duration_ms=0.2 (v98.10 §22)
2026-09-26 02:11:07 | DEBUG   | mediagrab          | cache_entity_scoped:2355 | ENTITY_CACHE_SCOPED account=acc_918335829278 entity_id=3875970076 source=vc_discovery scope=acc_918335829278 (v99 RC-C scope-annotated)
2026-09-26 02:11:07 | INFO    | mediagrab          | vc_detect_active_call:3098 | VC_ENTITY_DISCOVERED entity_id=3875970076 access_hash=<-994…> type=Channel
2026-09-26 02:11:07 | DEBUG   | mediagrab          | vc_verify_target:8965 | VC_PARTICIPATION_REDETECT_OK chat_id=-1003875970076 account_id=global detect_scope=acc_918335829278 source=cache reresolved=0 (v98.07 FIX-QQ)
2026-09-26 02:11:07 | INFO    | mediagrab          | vc_check_telegram_participation:7443 | VC_PARTICIPATION_PRESENT chat_id=-1003875970076 call_id=-7423792675553208312 my_id=8624009332 pages=1 inspected=1 complete=yes server_count=None participant=[peer=PeerUser(8624009332) flags=is_self,muted,video_joined source=380782009]
2026-09-26 02:11:07 | INFO    | mediagrab          | vc_verify_target:9136 | VC_PARTICIPATION_VERIFY chat_id=-1003875970076 locally_tracked=False telegram=present
2026-09-26 02:11:07 | INFO    | mediagrab          | vc_verify_target:9155 | VC_VERIFY_MEMBER chat_id=-1003875970076 locally_tracked=False telegram=present — explicit verification state (v99.11 P1; never a leave)
2026-09-26 02:11:07 | INFO    | mediagrab          | vc_reconcile_participations:9645 | VC_REGISTRY_UPDATE_CONFIRMED chat_id=-1003875970076 classification=PARTICIPATING_UNTRACKED
2026-09-26 02:11:07 | DEBUG   | mediagrab          | vc_verify_target:8855 | VC_RECONCILE_CLIENT chat_id=3875970076 account_id=acc_919006065076 source=account:acc_919006065076
2026-09-26 02:11:07 | INFO    | mediagrab          | resolve_vc_entity:11974 | VC_ENTITY_RESOLVE_START chat_ref=-1003875970076 chat_id=-1003875970076 access_hash=yes
2026-09-26 02:11:07 | WARNING | mediagrab          | resolve_vc_entity:12062 | VC_HASH_SCOPE_MISMATCH chat_id=-1003875970076 entry_scope=acc_918335829278 consumer_scope=acc_919006065076 — skipping cache hit, re-resolving for this client (v98.07 FIX-QQ)
2026-09-26 02:11:07 | INFO    | mediagrab          | _v9810_scope_route:11809 | ENTITY_RESOLVE_ACCOUNT_SWITCH chat_id=-1003875970076 from_scope=acc_919006065076 to_account=acc_918335829278 reason=known_good_scope verified_at=1s ago (v98.10 §15 Step 0c — targeted routing, not a blind rotation)
2026-09-26 02:11:07 | INFO    | mediagrab          | _v9810_scope_route:11837 | ENTITY_RESOLVE_CACHE_HIT chat_id=-1003875970076 scope=acc_918335829278 source=scope_state age=1s (v98.10 §15 Step 0c — fresh known-good object, 0 RPCs)
2026-09-26 02:11:07 | INFO    | mediagrab          | resolve_vc_entity:12431 | ENTITY_RESOLVE_RPC_COUNT chat_id=-1003875970076 scope=acc_919006065076 rpcs=0 failed_rpcs=0 outcome=RESOLVED_VIA_ROTATION duration_ms=0.8 (v98.10 §22)
2026-09-26 02:11:07 | DEBUG   | mediagrab          | cache_entity_scoped:2355 | ENTITY_CACHE_SCOPED account=acc_918335829278 entity_id=3875970076 source=vc_discovery scope=acc_918335829278 (v99 RC-C scope-annotated)
2026-09-26 02:11:07 | INFO    | mediagrab          | vc_detect_active_call:3098 | VC_ENTITY_DISCOVERED entity_id=3875970076 access_hash=<-994…> type=Channel
2026-09-26 02:11:07 | DEBUG   | mediagrab          | vc_verify_target:8965 | VC_PARTICIPATION_REDETECT_OK chat_id=3875970076 account_id=acc_919006065076 detect_scope=acc_918335829278 source=account_rotation:acc_918335829278 reresolved=0 (v98.07 FIX-QQ)
2026-09-26 02:11:07 | INFO    | mediagrab          | vc_check_telegram_participation:7356 | VC_PARTICIPATION_STALE_CALL chat_id=3875970076 call_id=-7423792675553208312 exc=GroupcallInvalidError — the queried (id, access_hash) pair is NOT a live call: STALE CALL IDENTITY, returning unknown (NOT absent; the pipeline re-detects the current pair and re-verifies) (v99.05 RC-F4)
2026-09-26 02:11:07 | INFO    | mediagrab          | vc_check_telegram_participation:7370 | VC_VERIFY_STALE_IDENTITY chat_id=3875970076 call_id=-7423792675553208312 — detect stale identity → re-resolve current pair → verify → atomically update cache; existing healthy transport PRESERVED (never a leave; v99.11 P1)
2026-09-26 02:11:07 | INFO    | mediagrab          | vc_verify_target:9136 | VC_PARTICIPATION_VERIFY chat_id=3875970076 locally_tracked=False telegram=unknown
2026-09-26 02:11:07 | INFO    | mediagrab          | vc_verify_target:9155 | VC_VERIFY_UNKNOWN chat_id=3875970076 locally_tracked=False telegram=unknown — explicit verification state (v99.11 P1; never a leave)
2026-09-26 02:11:07 | INFO    | mediagrab          | vc_reconcile_participations:9560 | VC_PARTICIPATION_UNKNOWN chat_id=3875970076 — preserving unknown state
2026-09-26 02:11:07 | INFO    | mediagrab          | vc_reconcile_participations:9645 | VC_REGISTRY_UPDATE_CONFIRMED chat_id=3875970076 classification=UNKNOWN
2026-09-26 02:11:07 | DEBUG   | mediagrab          | vc_verify_target:8855 | VC_RECONCILE_CLIENT chat_id=-1004366077086 account_id=global source=global_backend_bound
2026-09-26 02:11:07 | INFO    | mediagrab          | resolve_vc_entity:11974 | VC_ENTITY_RESOLVE_START chat_ref=-1004366077086 chat_id=-1004366077086 access_hash=yes
2026-09-26 02:11:07 | INFO    | mediagrab          | resolve_vc_entity:12075 | VC_ENTITY_RESOLVE_CACHE_HIT chat_id=-1004366077086
2026-09-26 02:11:07 | INFO    | mediagrab          | resolve_vc_entity:12076 | VC_ENTITY_RESOLVE_SUCCESS chat_id=-1004366077086 source=cache
2026-09-26 02:11:07 | INFO    | mediagrab          | resolve_vc_entity:12431 | ENTITY_RESOLVE_RPC_COUNT chat_id=-1004366077086 scope=acc_918335829278 rpcs=0 failed_rpcs=0 outcome=RESOLVED_FROM_CACHE duration_ms=0.3 (v98.10 §22)
2026-09-26 02:11:08 | DEBUG   | mediagrab          | cache_entity_scoped:2355 | ENTITY_CACHE_SCOPED account=acc_918335829278 entity_id=4366077086 source=vc_discovery scope=acc_918335829278 (v99 RC-C scope-annotated)
2026-09-26 02:11:08 | INFO    | mediagrab          | vc_detect_active_call:3098 | VC_ENTITY_DISCOVERED entity_id=4366077086 access_hash=<-334…> type=Channel
2026-09-26 02:11:08 | DEBUG   | mediagrab          | vc_verify_target:8965 | VC_PARTICIPATION_REDETECT_OK chat_id=-1004366077086 account_id=global detect_scope=acc_918335829278 source=cache reresolved=0 (v98.07 FIX-QQ)
2026-09-26 02:11:08 | INFO    | mediagrab          | vc_check_telegram_participation:7681 | VC_PARTICIPATION_ABSENT_VIA_TARGETED chat_id=-1004366077086 call_id=-305414218191178015 my_id=8624009332 via TARGETED_QUERY (v98.01 FIX-I + v98.02 FIX-L) — broad scan truncated at 0/2000, targeted query EMPTY for streak=3 (>=threshold=3) consecutive times with call_id stable → authoritative absence after repeated negative
2026-09-26 02:11:08 | INFO    | mediagrab          | vc_verify_target:9136 | VC_PARTICIPATION_VERIFY chat_id=-1004366077086 locally_tracked=False telegram=absent
2026-09-26 02:11:08 | INFO    | mediagrab          | vc_verify_target:9155 | VC_VERIFY_NOT_MEMBER chat_id=-1004366077086 locally_tracked=False telegram=absent — explicit verification state (v99.11 P1; never a leave)
2026-09-26 02:11:08 | INFO    | mediagrab          | vc_reconcile_participations:9542 | VC_PARTICIPATION_CONFIRMED_ABSENT chat_id=-1004366077086
2026-09-26 02:11:08 | INFO    | mediagrab          | _vc_cleanup_stale_backend_call:8029 | VC_BACKEND_STALE_CALL_CLEANUP_OWNER chat_id=-1004366077086 owner_account=(global) — using per-account backend for cleanup (v98.01 FIX-J: account-aware, prevents cross-account corruption)
2026-09-26 02:11:08 | INFO    | mediagrab          | vc_reconcile_participations:9645 | VC_REGISTRY_UPDATE_CONFIRMED chat_id=-1004366077086 classification=LEFT
2026-09-26 02:11:08 | DEBUG   | mediagrab          | vc_verify_target:8855 | VC_RECONCILE_CLIENT chat_id=4366077086 account_id=acc_919006065076 source=account:acc_919006065076
2026-09-26 02:11:08 | INFO    | mediagrab          | resolve_vc_entity:11974 | VC_ENTITY_RESOLVE_START chat_ref=-1004366077086 chat_id=-1004366077086 access_hash=yes
2026-09-26 02:11:08 | WARNING | mediagrab          | resolve_vc_entity:12062 | VC_HASH_SCOPE_MISMATCH chat_id=-1004366077086 entry_scope=acc_918335829278 consumer_scope=acc_919006065076 — skipping cache hit, re-resolving for this client (v98.07 FIX-QQ)
2026-09-26 02:11:08 | INFO    | mediagrab          | _v9810_scope_route:11809 | ENTITY_RESOLVE_ACCOUNT_SWITCH chat_id=-1004366077086 from_scope=acc_919006065076 to_account=acc_918335829278 reason=known_good_scope verified_at=1s ago (v98.10 §15 Step 0c — targeted routing, not a blind rotation)
2026-09-26 02:11:08 | INFO    | mediagrab          | _v9810_scope_route:11837 | ENTITY_RESOLVE_CACHE_HIT chat_id=-1004366077086 scope=acc_918335829278 source=scope_state age=1s (v98.10 §15 Step 0c — fresh known-good object, 0 RPCs)
2026-09-26 02:11:08 | INFO    | mediagrab          | resolve_vc_entity:12431 | ENTITY_RESOLVE_RPC_COUNT chat_id=-1004366077086 scope=acc_919006065076 rpcs=0 failed_rpcs=0 outcome=RESOLVED_VIA_ROTATION duration_ms=0.3 (v98.10 §22)
2026-09-26 02:11:08 | DEBUG   | mediagrab          | cache_entity_scoped:2355 | ENTITY_CACHE_SCOPED account=acc_918335829278 entity_id=4366077086 source=vc_discovery scope=acc_918335829278 (v99 RC-C scope-annotated)
2026-09-26 02:11:08 | INFO    | mediagrab          | vc_detect_active_call:3098 | VC_ENTITY_DISCOVERED entity_id=4366077086 access_hash=<-334…> type=Channel
2026-09-26 02:11:08 | DEBUG   | mediagrab          | vc_verify_target:8965 | VC_PARTICIPATION_REDETECT_OK chat_id=4366077086 account_id=acc_919006065076 detect_scope=acc_918335829278 source=account_rotation:acc_918335829278 reresolved=0 (v98.07 FIX-QQ)
2026-09-26 02:11:09 | INFO    | mediagrab          | vc_check_telegram_participation:7356 | VC_PARTICIPATION_STALE_CALL chat_id=4366077086 call_id=-305414218191178015 exc=GroupcallInvalidError — the queried (id, access_hash) pair is NOT a live call: STALE CALL IDENTITY, returning unknown (NOT absent; the pipeline re-detects the current pair and re-verifies) (v99.05 RC-F4)
2026-09-26 02:11:09 | INFO    | mediagrab          | vc_check_telegram_participation:7370 | VC_VERIFY_STALE_IDENTITY chat_id=4366077086 call_id=-305414218191178015 — detect stale identity → re-resolve current pair → verify → atomically update cache; existing healthy transport PRESERVED (never a leave; v99.11 P1)
2026-09-26 02:11:09 | INFO    | mediagrab          | vc_verify_target:9136 | VC_PARTICIPATION_VERIFY chat_id=4366077086 locally_tracked=False telegram=unknown
2026-09-26 02:11:09 | INFO    | mediagrab          | vc_verify_target:9155 | VC_VERIFY_UNKNOWN chat_id=4366077086 locally_tracked=False telegram=unknown — explicit verification state (v99.11 P1; never a leave)
2026-09-26 02:11:09 | INFO    | mediagrab          | vc_reconcile_participations:9529 | VC_RECONCILE_DEFERRED_UNKNOWN chat_id=4366077086 — preserving joined state (backend evidence)
2026-09-26 02:11:09 | INFO    | mediagrab          | vc_reconcile_participations:9645 | VC_REGISTRY_UPDATE_CONFIRMED chat_id=4366077086 classification=LOCALLY_TRACKED_UNCONFIRMED
2026-09-26 02:11:09 | DEBUG   | mediagrab          | vc_verify_target:8855 | VC_RECONCILE_CLIENT chat_id=-1002592942176 account_id=global source=global_backend_bound
2026-09-26 02:11:09 | INFO    | mediagrab          | resolve_vc_entity:11974 | VC_ENTITY_RESOLVE_START chat_ref=-1002592942176 chat_id=-1002592942176 access_hash=yes
2026-09-26 02:11:09 | INFO    | mediagrab          | resolve_vc_entity:12075 | VC_ENTITY_RESOLVE_CACHE_HIT chat_id=-1002592942176
2026-09-26 02:11:09 | INFO    | mediagrab          | resolve_vc_entity:12076 | VC_ENTITY_RESOLVE_SUCCESS chat_id=-1002592942176 source=cache
2026-09-26 02:11:09 | INFO    | mediagrab          | resolve_vc_entity:12431 | ENTITY_RESOLVE_RPC_COUNT chat_id=-1002592942176 scope=acc_918335829278 rpcs=0 failed_rpcs=0 outcome=RESOLVED_FROM_CACHE duration_ms=0.8 (v98.10 §22)
2026-09-26 02:11:09 | DEBUG   | mediagrab          | cache_entity_scoped:2355 | ENTITY_CACHE_SCOPED account=acc_918335829278 entity_id=2592942176 source=vc_discovery scope=acc_918335829278 (v99 RC-C scope-annotated)
2026-09-26 02:11:09 | INFO    | mediagrab          | vc_detect_active_call:3098 | VC_ENTITY_DISCOVERED entity_id=2592942176 access_hash=<-832…> type=Channel
2026-09-26 02:11:09 | DEBUG   | mediagrab          | vc_verify_target:8965 | VC_PARTICIPATION_REDETECT_OK chat_id=-1002592942176 account_id=global detect_scope=acc_918335829278 source=cache reresolved=0 (v98.07 FIX-QQ)
2026-09-26 02:11:09 | INFO    | mediagrab          | vc_check_telegram_participation:7443 | VC_PARTICIPATION_PRESENT chat_id=-1002592942176 call_id=-1913229805195004447 my_id=8624009332 pages=1 inspected=1 complete=yes server_count=None participant=[peer=PeerUser(8624009332) flags=is_self,muted,video_joined source=247928894]
2026-09-26 02:11:09 | INFO    | mediagrab          | vc_verify_target:9136 | VC_PARTICIPATION_VERIFY chat_id=-1002592942176 locally_tracked=False telegram=present
2026-09-26 02:11:09 | INFO    | mediagrab          | vc_verify_target:9155 | VC_VERIFY_MEMBER chat_id=-1002592942176 locally_tracked=False telegram=present — explicit verification state (v99.11 P1; never a leave)
2026-09-26 02:11:09 | INFO    | mediagrab          | vc_reconcile_participations:9645 | VC_REGISTRY_UPDATE_CONFIRMED chat_id=-1002592942176 classification=PARTICIPATING_UNTRACKED
2026-09-26 02:11:09 | DEBUG   | mediagrab          | vc_verify_target:8855 | VC_RECONCILE_CLIENT chat_id=2592942176 account_id=acc_919006065076 source=account:acc_919006065076
2026-09-26 02:11:09 | INFO    | mediagrab          | resolve_vc_entity:11974 | VC_ENTITY_RESOLVE_START chat_ref=-1002592942176 chat_id=-1002592942176 access_hash=yes
2026-09-26 02:11:09 | WARNING | mediagrab          | resolve_vc_entity:12062 | VC_HASH_SCOPE_MISMATCH chat_id=-1002592942176 entry_scope=acc_918335829278 consumer_scope=acc_919006065076 — skipping cache hit, re-resolving for this client (v98.07 FIX-QQ)
2026-09-26 02:11:09 | INFO    | mediagrab          | _v9810_scope_route:11809 | ENTITY_RESOLVE_ACCOUNT_SWITCH chat_id=-1002592942176 from_scope=acc_919006065076 to_account=acc_918335829278 reason=known_good_scope verified_at=1s ago (v98.10 §15 Step 0c — targeted routing, not a blind rotation)
2026-09-26 02:11:09 | INFO    | mediagrab          | _v9810_scope_route:11837 | ENTITY_RESOLVE_CACHE_HIT chat_id=-1002592942176 scope=acc_918335829278 source=scope_state age=1s (v98.10 §15 Step 0c — fresh known-good object, 0 RPCs)
2026-09-26 02:11:09 | INFO    | mediagrab          | resolve_vc_entity:12431 | ENTITY_RESOLVE_RPC_COUNT chat_id=-1002592942176 scope=acc_919006065076 rpcs=0 failed_rpcs=0 outcome=RESOLVED_VIA_ROTATION duration_ms=1.1 (v98.10 §22)
2026-09-26 02:11:09 | DEBUG   | mediagrab          | cache_entity_scoped:2355 | ENTITY_CACHE_SCOPED account=acc_918335829278 entity_id=2592942176 source=vc_discovery scope=acc_918335829278 (v99 RC-C scope-annotated)
2026-09-26 02:11:09 | INFO    | mediagrab          | vc_detect_active_call:3098 | VC_ENTITY_DISCOVERED entity_id=2592942176 access_hash=<-832…> type=Channel
2026-09-26 02:11:09 | DEBUG   | mediagrab          | vc_verify_target:8965 | VC_PARTICIPATION_REDETECT_OK chat_id=2592942176 account_id=acc_919006065076 detect_scope=acc_918335829278 source=account_rotation:acc_918335829278 reresolved=0 (v98.07 FIX-QQ)
2026-09-26 02:11:10 | INFO    | mediagrab          | vc_check_telegram_participation:7356 | VC_PARTICIPATION_STALE_CALL chat_id=2592942176 call_id=-1913229805195004447 exc=GroupcallInvalidError — the queried (id, access_hash) pair is NOT a live call: STALE CALL IDENTITY, returning unknown (NOT absent; the pipeline re-detects the current pair and re-verifies) (v99.05 RC-F4)
2026-09-26 02:11:10 | INFO    | mediagrab          | vc_check_telegram_participation:7370 | VC_VERIFY_STALE_IDENTITY chat_id=2592942176 call_id=-1913229805195004447 — detect stale identity → re-resolve current pair → verify → atomically update cache; existing healthy transport PRESERVED (never a leave; v99.11 P1)
2026-09-26 02:11:10 | INFO    | mediagrab          | vc_verify_target:9136 | VC_PARTICIPATION_VERIFY chat_id=2592942176 locally_tracked=False telegram=unknown
2026-09-26 02:11:10 | INFO    | mediagrab          | vc_verify_target:9155 | VC_VERIFY_UNKNOWN chat_id=2592942176 locally_tracked=False telegram=unknown — explicit verification state (v99.11 P1; never a leave)
2026-09-26 02:11:10 | INFO    | mediagrab          | vc_reconcile_participations:9529 | VC_RECONCILE_DEFERRED_UNKNOWN chat_id=2592942176 — preserving joined state (backend evidence)
2026-09-26 02:11:10 | INFO    | mediagrab          | vc_reconcile_participations:9645 | VC_REGISTRY_UPDATE_CONFIRMED chat_id=2592942176 classification=LOCALLY_TRACKED_UNCONFIRMED
2026-09-26 02:11:10 | DEBUG   | mediagrab          | vc_verify_target:8855 | VC_RECONCILE_CLIENT chat_id=-1003067839538 account_id=acc_918335829278 source=account:acc_918335829278
2026-09-26 02:11:10 | INFO    | mediagrab          | resolve_vc_entity:11974 | VC_ENTITY_RESOLVE_START chat_ref=-1003067839538 chat_id=-1003067839538 access_hash=yes
2026-09-26 02:11:10 | INFO    | mediagrab          | resolve_vc_entity:12075 | VC_ENTITY_RESOLVE_CACHE_HIT chat_id=-1003067839538
2026-09-26 02:11:10 | INFO    | mediagrab          | resolve_vc_entity:12076 | VC_ENTITY_RESOLVE_SUCCESS chat_id=-1003067839538 source=cache
2026-09-26 02:11:10 | INFO    | mediagrab          | resolve_vc_entity:12431 | ENTITY_RESOLVE_RPC_COUNT chat_id=-1003067839538 scope=acc_918335829278 rpcs=0 failed_rpcs=0 outcome=RESOLVED_FROM_CACHE duration_ms=0.3 (v98.10 §22)
2026-09-26 02:11:10 | DEBUG   | mediagrab          | cache_entity_scoped:2355 | ENTITY_CACHE_SCOPED account=acc_918335829278 entity_id=3067839538 source=vc_discovery scope=acc_918335829278 (v99 RC-C scope-annotated)
2026-09-26 02:11:10 | INFO    | mediagrab          | vc_detect_active_call:3098 | VC_ENTITY_DISCOVERED entity_id=3067839538 access_hash=<5015…> type=Channel
2026-09-26 02:11:10 | DEBUG   | mediagrab          | vc_verify_target:8965 | VC_PARTICIPATION_REDETECT_OK chat_id=-1003067839538 account_id=acc_918335829278 detect_scope=acc_918335829278 source=cache reresolved=0 (v98.07 FIX-QQ)
2026-09-26 02:11:10 | INFO    | mediagrab          | vc_check_telegram_participation:7443 | VC_PARTICIPATION_PRESENT chat_id=-1003067839538 call_id=-3952898443944147318 my_id=8624009332 pages=1 inspected=1 complete=yes server_count=None participant=[peer=PeerUser(8624009332) flags=is_self,muted,video_joined source=1042776898]
2026-09-26 02:11:10 | INFO    | mediagrab          | vc_verify_target:9136 | VC_PARTICIPATION_VERIFY chat_id=-1003067839538 locally_tracked=True telegram=present
2026-09-26 02:11:10 | INFO    | mediagrab          | vc_verify_target:9155 | VC_VERIFY_MEMBER chat_id=-1003067839538 locally_tracked=True telegram=present — explicit verification state (v99.11 P1; never a leave)
2026-09-26 02:11:10 | INFO    | mediagrab          | vc_reconcile_participations:9520 | VC_PARTICIPATION_CONFIRMED_PRESENT chat_id=-1003067839538
2026-09-26 02:11:10 | INFO    | mediagrab          | vc_reconcile_participations:9645 | VC_REGISTRY_UPDATE_CONFIRMED chat_id=-1003067839538 classification=CONFIRMED
2026-09-26 02:11:10 | DEBUG   | mediagrab          | vc_verify_target:8855 | VC_RECONCILE_CLIENT chat_id=-1002333937461 account_id=acc_919006065076 source=account:acc_919006065076
2026-09-26 02:11:10 | INFO    | mediagrab          | resolve_vc_entity:11974 | VC_ENTITY_RESOLVE_START chat_ref=-1002333937461 chat_id=-1002333937461 access_hash=yes
2026-09-26 02:11:10 | INFO    | mediagrab          | resolve_vc_entity:12075 | VC_ENTITY_RESOLVE_CACHE_HIT chat_id=-1002333937461
2026-09-26 02:11:10 | INFO    | mediagrab          | resolve_vc_entity:12076 | VC_ENTITY_RESOLVE_SUCCESS chat_id=-1002333937461 source=cache
2026-09-26 02:11:10 | INFO    | mediagrab          | resolve_vc_entity:12431 | ENTITY_RESOLVE_RPC_COUNT chat_id=-1002333937461 scope=acc_919006065076 rpcs=0 failed_rpcs=0 outcome=RESOLVED_FROM_CACHE duration_ms=0.3 (v98.10 §22)
2026-09-26 02:11:10 | DEBUG   | mediagrab          | cache_entity_scoped:2355 | ENTITY_CACHE_SCOPED account=acc_919006065076 entity_id=2333937461 source=vc_discovery scope=acc_919006065076 (v99 RC-C scope-annotated)
2026-09-26 02:11:10 | INFO    | mediagrab          | vc_detect_active_call:3098 | VC_ENTITY_DISCOVERED entity_id=2333937461 access_hash=<-806…> type=Channel
2026-09-26 02:11:10 | DEBUG   | mediagrab          | vc_verify_target:8965 | VC_PARTICIPATION_REDETECT_OK chat_id=-1002333937461 account_id=acc_919006065076 detect_scope=acc_919006065076 source=cache reresolved=0 (v98.07 FIX-QQ)
2026-09-26 02:11:11 | INFO    | mediagrab          | vc_check_telegram_participation:7443 | VC_PARTICIPATION_PRESENT chat_id=-1002333937461 call_id=-800813024760383190 my_id=8699582859 pages=1 inspected=1 complete=yes server_count=None participant=[peer=PeerUser(8699582859) flags=is_self,muted,video_joined source=2096643760]
2026-09-26 02:11:11 | INFO    | mediagrab          | vc_verify_target:9136 | VC_PARTICIPATION_VERIFY chat_id=-1002333937461 locally_tracked=True telegram=present
2026-09-26 02:11:11 | INFO    | mediagrab          | vc_verify_target:9155 | VC_VERIFY_MEMBER chat_id=-1002333937461 locally_tracked=True telegram=present — explicit verification state (v99.11 P1; never a leave)
2026-09-26 02:11:11 | INFO    | mediagrab          | vc_reconcile_participations:9520 | VC_PARTICIPATION_CONFIRMED_PRESENT chat_id=-1002333937461
2026-09-26 02:11:11 | INFO    | mediagrab          | vc_reconcile_participations:9645 | VC_REGISTRY_UPDATE_CONFIRMED chat_id=-1002333937461 classification=CONFIRMED
2026-09-26 02:11:11 | DEBUG   | mediagrab          | vc_verify_target:8855 | VC_RECONCILE_CLIENT chat_id=-1003811965375 account_id=acc_918335829278 source=account:acc_918335829278
2026-09-26 02:11:11 | INFO    | mediagrab          | resolve_vc_entity:11974 | VC_ENTITY_RESOLVE_START chat_ref=-1003811965375 chat_id=-1003811965375 access_hash=yes
2026-09-26 02:11:11 | INFO    | mediagrab          | resolve_vc_entity:12075 | VC_ENTITY_RESOLVE_CACHE_HIT chat_id=-1003811965375
2026-09-26 02:11:11 | INFO    | mediagrab          | resolve_vc_entity:12076 | VC_ENTITY_RESOLVE_SUCCESS chat_id=-1003811965375 source=cache
2026-09-26 02:11:11 | INFO    | mediagrab          | resolve_vc_entity:12431 | ENTITY_RESOLVE_RPC_COUNT chat_id=-1003811965375 scope=acc_918335829278 rpcs=0 failed_rpcs=0 outcome=RESOLVED_FROM_CACHE duration_ms=1.3 (v98.10 §22)
2026-09-26 02:11:11 | DEBUG   | mediagrab          | cache_entity_scoped:2355 | ENTITY_CACHE_SCOPED account=acc_918335829278 entity_id=3811965375 source=vc_discovery scope=acc_918335829278 (v99 RC-C scope-annotated)
2026-09-26 02:11:11 | INFO    | mediagrab          | vc_detect_active_call:3098 | VC_ENTITY_DISCOVERED entity_id=3811965375 access_hash=<7432…> type=Channel
2026-09-26 02:11:11 | DEBUG   | mediagrab          | vc_verify_target:8965 | VC_PARTICIPATION_REDETECT_OK chat_id=-1003811965375 account_id=acc_918335829278 detect_scope=acc_918335829278 source=cache reresolved=0 (v98.07 FIX-QQ)
2026-09-26 02:11:11 | INFO    | mediagrab          | vc_check_telegram_participation:7681 | VC_PARTICIPATION_ABSENT_VIA_TARGETED chat_id=-1003811965375 call_id=-1824073576988881784 my_id=8624009332 via TARGETED_QUERY (v98.01 FIX-I + v98.02 FIX-L) — broad scan truncated at 0/2000, targeted query EMPTY for streak=3 (>=threshold=3) consecutive times with call_id stable → authoritative absence after repeated negative
2026-09-26 02:11:11 | INFO    | mediagrab          | vc_verify_target:9136 | VC_PARTICIPATION_VERIFY chat_id=-1003811965375 locally_tracked=True telegram=absent
2026-09-26 02:11:11 | INFO    | mediagrab          | vc_verify_target:9155 | VC_VERIFY_UNKNOWN chat_id=-1003811965375 locally_tracked=True telegram=absent — explicit verification state (v99.11 P1; never a leave)
2026-09-26 02:11:11 | INFO    | mediagrab          | vc_reconcile_participations:9645 | VC_REGISTRY_UPDATE_CONFIRMED chat_id=-1003811965375 classification=LOCALLY_TRACKED_UNCONFIRMED
2026-09-26 02:11:11 | DEBUG   | mediagrab          | vc_verify_target:8855 | VC_RECONCILE_CLIENT chat_id=-1004427666393 account_id=acc_918335829278 source=account:acc_918335829278
2026-09-26 02:11:11 | INFO    | mediagrab          | resolve_vc_entity:11974 | VC_ENTITY_RESOLVE_START chat_ref=-1004427666393 chat_id=-1004427666393 access_hash=yes
2026-09-26 02:11:11 | INFO    | mediagrab          | resolve_vc_entity:12075 | VC_ENTITY_RESOLVE_CACHE_HIT chat_id=-1004427666393
2026-09-26 02:11:11 | INFO    | mediagrab          | resolve_vc_entity:12076 | VC_ENTITY_RESOLVE_SUCCESS chat_id=-1004427666393 source=cache
2026-09-26 02:11:11 | INFO    | mediagrab          | resolve_vc_entity:12431 | ENTITY_RESOLVE_RPC_COUNT chat_id=-1004427666393 scope=acc_918335829278 rpcs=0 failed_rpcs=0 outcome=RESOLVED_FROM_CACHE duration_ms=0.8 (v98.10 §22)
2026-09-26 02:11:12 | DEBUG   | mediagrab          | cache_entity_scoped:2355 | ENTITY_CACHE_SCOPED account=acc_918335829278 entity_id=4427666393 source=vc_discovery scope=acc_918335829278 (v99 RC-C scope-annotated)
2026-09-26 02:11:12 | INFO    | mediagrab          | vc_detect_active_call:3098 | VC_ENTITY_DISCOVERED entity_id=4427666393 access_hash=<6046…> type=Channel
2026-09-26 02:11:12 | DEBUG   | mediagrab          | vc_verify_target:8965 | VC_PARTICIPATION_REDETECT_OK chat_id=-1004427666393 account_id=acc_918335829278 detect_scope=acc_918335829278 source=cache reresolved=0 (v98.07 FIX-QQ)
2026-09-26 02:11:12 | INFO    | mediagrab          | vc_check_telegram_participation:7443 | VC_PARTICIPATION_PRESENT chat_id=-1004427666393 call_id=-569938277538256374 my_id=8624009332 pages=1 inspected=1 complete=yes server_count=None participant=[peer=PeerUser(8624009332) flags=is_self,muted,video_joined source=2029513331]
2026-09-26 02:11:12 | INFO    | mediagrab          | vc_verify_target:9136 | VC_PARTICIPATION_VERIFY chat_id=-1004427666393 locally_tracked=True telegram=present
2026-09-26 02:11:12 | INFO    | mediagrab          | vc_verify_target:9155 | VC_VERIFY_MEMBER chat_id=-1004427666393 locally_tracked=True telegram=present — explicit verification state (v99.11 P1; never a leave)
2026-09-26 02:11:12 | INFO    | mediagrab          | vc_reconcile_participations:9520 | VC_PARTICIPATION_CONFIRMED_PRESENT chat_id=-1004427666393
2026-09-26 02:11:12 | INFO    | mediagrab          | vc_reconcile_participations:9645 | VC_REGISTRY_UPDATE_CONFIRMED chat_id=-1004427666393 classification=CONFIRMED
2026-09-26 02:11:12 | DEBUG   | mediagrab          | vc_verify_target:8855 | VC_RECONCILE_CLIENT chat_id=-1001993596337 account_id=acc_918335829278 source=account:acc_918335829278
2026-09-26 02:11:12 | INFO    | mediagrab          | resolve_vc_entity:11974 | VC_ENTITY_RESOLVE_START chat_ref=-1001993596337 chat_id=-1001993596337 access_hash=yes
2026-09-26 02:11:12 | INFO    | mediagrab          | resolve_vc_entity:12075 | VC_ENTITY_RESOLVE_CACHE_HIT chat_id=-1001993596337
2026-09-26 02:11:12 | INFO    | mediagrab          | resolve_vc_entity:12076 | VC_ENTITY_RESOLVE_SUCCESS chat_id=-1001993596337 source=cache
2026-09-26 02:11:12 | INFO    | mediagrab          | resolve_vc_entity:12431 | ENTITY_RESOLVE_RPC_COUNT chat_id=-1001993596337 scope=acc_918335829278 rpcs=0 failed_rpcs=0 outcome=RESOLVED_FROM_CACHE duration_ms=0.2 (v98.10 §22)
2026-09-26 02:11:12 | DEBUG   | mediagrab          | cache_entity_scoped:2355 | ENTITY_CACHE_SCOPED account=acc_918335829278 entity_id=1993596337 source=vc_discovery scope=acc_918335829278 (v99 RC-C scope-annotated)
2026-09-26 02:11:12 | INFO    | mediagrab          | vc_detect_active_call:3098 | VC_ENTITY_DISCOVERED entity_id=1993596337 access_hash=<7768…> type=Channel
2026-09-26 02:11:12 | DEBUG   | mediagrab          | vc_verify_target:8965 | VC_PARTICIPATION_REDETECT_OK chat_id=-1001993596337 account_id=acc_918335829278 detect_scope=acc_918335829278 source=cache reresolved=0 (v98.07 FIX-QQ)
2026-09-26 02:11:13 | WARNING | mediagrab          | vc_check_telegram_participation:7700 | VC_PARTICIPATION_TARGETED_EMPTY_STREAK chat_id=-1001993596337 call_id=-8562431068729240560 my_id=8624009332 streak=1/3 (v98.02 FIX-L: single/double targeted-empty is UNKNOWN — NOT destructive; awaiting 3 consecutive for absent) — broad scan truncated at 0/2000, targeted EMPTY
2026-09-26 02:11:13 | INFO    | mediagrab          | vc_verify_target:9136 | VC_PARTICIPATION_VERIFY chat_id=-1001993596337 locally_tracked=False telegram=unknown
2026-09-26 02:11:13 | INFO    | mediagrab          | vc_verify_target:9155 | VC_VERIFY_UNKNOWN chat_id=-1001993596337 locally_tracked=False telegram=unknown — explicit verification state (v99.11 P1; never a leave)
2026-09-26 02:11:13 | INFO    | mediagrab          | vc_reconcile_participations:9560 | VC_PARTICIPATION_UNKNOWN chat_id=-1001993596337 — preserving unknown state
2026-09-26 02:11:13 | INFO    | mediagrab          | vc_reconcile_participations:9645 | VC_REGISTRY_UPDATE_CONFIRMED chat_id=-1001993596337 classification=UNKNOWN
2026-09-26 02:11:13 | DEBUG   | mediagrab          | vc_verify_target:8855 | VC_RECONCILE_CLIENT chat_id=-1001070871253 account_id=acc_918335829278 source=account:acc_918335829278
2026-09-26 02:11:13 | INFO    | mediagrab          | resolve_vc_entity:11974 | VC_ENTITY_RESOLVE_START chat_ref=-1001070871253 chat_id=-1001070871253 access_hash=yes
2026-09-26 02:11:13 | INFO    | mediagrab          | resolve_vc_entity:12075 | VC_ENTITY_RESOLVE_CACHE_HIT chat_id=-1001070871253
2026-09-26 02:11:13 | INFO    | mediagrab          | resolve_vc_entity:12076 | VC_ENTITY_RESOLVE_SUCCESS chat_id=-1001070871253 source=cache
2026-09-26 02:11:13 | INFO    | mediagrab          | resolve_vc_entity:12431 | ENTITY_RESOLVE_RPC_COUNT chat_id=-1001070871253 scope=acc_918335829278 rpcs=0 failed_rpcs=0 outcome=RESOLVED_FROM_CACHE duration_ms=0.6 (v98.10 §22)
2026-09-26 02:11:13 | DEBUG   | mediagrab          | cache_entity_scoped:2355 | ENTITY_CACHE_SCOPED account=acc_918335829278 entity_id=1070871253 source=vc_discovery scope=acc_918335829278 (v99 RC-C scope-annotated)
2026-09-26 02:11:13 | INFO    | mediagrab          | vc_detect_active_call:3098 | VC_ENTITY_DISCOVERED entity_id=1070871253 access_hash=<2700…> type=Channel
2026-09-26 02:11:13 | DEBUG   | mediagrab          | vc_verify_target:8965 | VC_PARTICIPATION_REDETECT_OK chat_id=-1001070871253 account_id=acc_918335829278 detect_scope=acc_918335829278 source=cache reresolved=0 (v98.07 FIX-QQ)
2026-09-26 02:11:13 | INFO    | mediagrab          | vc_check_telegram_participation:7443 | VC_PARTICIPATION_PRESENT chat_id=-1001070871253 call_id=-4599357008817247755 my_id=8624009332 pages=1 inspected=1 complete=yes server_count=None participant=[peer=PeerUser(8624009332) flags=is_self,muted,video_joined source=2135969937]
2026-09-26 02:11:13 | INFO    | mediagrab          | vc_verify_target:9136 | VC_PARTICIPATION_VERIFY chat_id=-1001070871253 locally_tracked=True telegram=present
2026-09-26 02:11:13 | INFO    | mediagrab          | vc_verify_target:9155 | VC_VERIFY_MEMBER chat_id=-1001070871253 locally_tracked=True telegram=present — explicit verification state (v99.11 P1; never a leave)
2026-09-26 02:11:13 | INFO    | mediagrab          | vc_reconcile_participations:9520 | VC_PARTICIPATION_CONFIRMED_PRESENT chat_id=-1001070871253
2026-09-26 02:11:13 | INFO    | mediagrab          | vc_reconcile_participations:9645 | VC_REGISTRY_UPDATE_CONFIRMED chat_id=-1001070871253 classification=CONFIRMED
2026-09-26 02:11:13 | DEBUG   | mediagrab          | vc_verify_target:8855 | VC_RECONCILE_CLIENT chat_id=-1001922822605 account_id=acc_918335829278 source=account:acc_918335829278
2026-09-26 02:11:13 | INFO    | mediagrab          | resolve_vc_entity:11974 | VC_ENTITY_RESOLVE_START chat_ref=-1001922822605 chat_id=-1001922822605 access_hash=yes
2026-09-26 02:11:13 | INFO    | mediagrab          | resolve_vc_entity:12075 | VC_ENTITY_RESOLVE_CACHE_HIT chat_id=-1001922822605
2026-09-26 02:11:13 | INFO    | mediagrab          | resolve_vc_entity:12076 | VC_ENTITY_RESOLVE_SUCCESS chat_id=-1001922822605 source=cache
2026-09-26 02:11:13 | INFO    | mediagrab          | resolve_vc_entity:12431 | ENTITY_RESOLVE_RPC_COUNT chat_id=-1001922822605 scope=acc_918335829278 rpcs=0 failed_rpcs=0 outcome=RESOLVED_FROM_CACHE duration_ms=0.2 (v98.10 §22)
2026-09-26 02:11:13 | DEBUG   | mediagrab          | cache_entity_scoped:2355 | ENTITY_CACHE_SCOPED account=acc_918335829278 entity_id=1922822605 source=vc_discovery scope=acc_918335829278 (v99 RC-C scope-annotated)
2026-09-26 02:11:13 | INFO    | mediagrab          | vc_detect_active_call:3098 | VC_ENTITY_DISCOVERED entity_id=1922822605 access_hash=<-620…> type=Channel
2026-09-26 02:11:13 | DEBUG   | mediagrab          | vc_verify_target:8965 | VC_PARTICIPATION_REDETECT_OK chat_id=-1001922822605 account_id=acc_918335829278 detect_scope=acc_918335829278 source=cache reresolved=0 (v98.07 FIX-QQ)
2026-09-26 02:11:14 | INFO    | mediagrab          | vc_check_telegram_participation:7443 | VC_PARTICIPATION_PRESENT chat_id=-1001922822605 call_id=-8258460203529507355 my_id=8624009332 pages=1 inspected=1 complete=yes server_count=None participant=[peer=PeerUser(8624009332) flags=is_self,muted,video_joined source=1159064395]
2026-09-26 02:11:14 | INFO    | mediagrab          | vc_verify_target:9136 | VC_PARTICIPATION_VERIFY chat_id=-1001922822605 locally_tracked=True telegram=present
2026-09-26 02:11:14 | INFO    | mediagrab          | vc_verify_target:9155 | VC_VERIFY_MEMBER chat_id=-1001922822605 locally_tracked=True telegram=present — explicit verification state (v99.11 P1; never a leave)
2026-09-26 02:11:14 | INFO    | mediagrab          | vc_reconcile_participations:9520 | VC_PARTICIPATION_CONFIRMED_PRESENT chat_id=-1001922822605
2026-09-26 02:11:14 | INFO    | mediagrab          | vc_reconcile_participations:9645 | VC_REGISTRY_UPDATE_CONFIRMED chat_id=-1001922822605 classification=CONFIRMED
2026-09-26 02:11:14 | DEBUG   | mediagrab          | vc_verify_target:8855 | VC_RECONCILE_CLIENT chat_id=-1004460369026 account_id=global source=global_backend_bound
2026-09-26 02:11:14 | INFO    | mediagrab          | resolve_vc_entity:11974 | VC_ENTITY_RESOLVE_START chat_ref=-1004460369026 chat_id=-1004460369026 access_hash=yes
2026-09-26 02:11:14 | WARNING | mediagrab          | resolve_vc_entity:12062 | VC_HASH_SCOPE_MISMATCH chat_id=-1004460369026 entry_scope=acc_919006065076 consumer_scope=acc_918335829278 — skipping cache hit, re-resolving for this client (v98.07 FIX-QQ)
2026-09-26 02:11:14 | INFO    | mediagrab          | _v9810_scope_route:11711 | ENTITY_RESOLVE_CACHE_HIT chat_id=-1004460369026 scope=acc_918335829278 source=scope_state age=11842s (v98.10 §15 Step 0a — 0 RPCs)
2026-09-26 02:11:14 | INFO    | mediagrab          | resolve_vc_entity:12431 | ENTITY_RESOLVE_RPC_COUNT chat_id=-1004460369026 scope=acc_918335829278 rpcs=0 failed_rpcs=0 outcome=RESOLVED_FROM_SCOPE_STATE duration_ms=0.1 (v98.10 §22)
2026-09-26 02:11:14 | DEBUG   | mediagrab          | cache_entity_scoped:2355 | ENTITY_CACHE_SCOPED account=acc_918335829278 entity_id=4460369026 source=vc_discovery scope=acc_918335829278 (v99 RC-C scope-annotated)
2026-09-26 02:11:14 | INFO    | mediagrab          | vc_detect_active_call:3098 | VC_ENTITY_DISCOVERED entity_id=4460369026 access_hash=<2476…> type=Channel
2026-09-26 02:11:14 | DEBUG   | mediagrab          | vc_verify_target:8965 | VC_PARTICIPATION_REDETECT_OK chat_id=-1004460369026 account_id=global detect_scope=acc_918335829278 source=scope_state reresolved=0 (v98.07 FIX-QQ)
2026-09-26 02:11:14 | INFO    | mediagrab          | vc_check_telegram_participation:7443 | VC_PARTICIPATION_PRESENT chat_id=-1004460369026 call_id=-710395016767153533 my_id=8624009332 pages=1 inspected=1 complete=yes server_count=None participant=[peer=PeerUser(8624009332) flags=is_self,muted,video_joined source=1163550688]
2026-09-26 02:11:14 | INFO    | mediagrab          | vc_verify_target:9136 | VC_PARTICIPATION_VERIFY chat_id=-1004460369026 locally_tracked=False telegram=present
2026-09-26 02:11:14 | INFO    | mediagrab          | vc_verify_target:9155 | VC_VERIFY_MEMBER chat_id=-1004460369026 locally_tracked=False telegram=present — explicit verification state (v99.11 P1; never a leave)
2026-09-26 02:11:14 | INFO    | mediagrab          | vc_reconcile_participations:9645 | VC_REGISTRY_UPDATE_CONFIRMED chat_id=-1004460369026 classification=PARTICIPATING_UNTRACKED
2026-09-26 02:11:14 | DEBUG   | mediagrab          | vc_verify_target:8855 | VC_RECONCILE_CLIENT chat_id=4460369026 account_id=acc_919006065076 source=account:acc_919006065076
2026-09-26 02:11:14 | INFO    | mediagrab          | resolve_vc_entity:11974 | VC_ENTITY_RESOLVE_START chat_ref=-1004460369026 chat_id=-1004460369026 access_hash=yes
2026-09-26 02:11:14 | WARNING | mediagrab          | resolve_vc_entity:12062 | VC_HASH_SCOPE_MISMATCH chat_id=-1004460369026 entry_scope=acc_918335829278 consumer_scope=acc_919006065076 — skipping cache hit, re-resolving for this client (v98.07 FIX-QQ)
2026-09-26 02:11:14 | INFO    | mediagrab          | _v9810_scope_route:11711 | ENTITY_RESOLVE_CACHE_HIT chat_id=-1004460369026 scope=acc_919006065076 source=scope_state age=11842s (v98.10 §15 Step 0a — 0 RPCs)
2026-09-26 02:11:14 | INFO    | mediagrab          | resolve_vc_entity:12431 | ENTITY_RESOLVE_RPC_COUNT chat_id=-1004460369026 scope=acc_919006065076 rpcs=0 failed_rpcs=0 outcome=RESOLVED_FROM_SCOPE_STATE duration_ms=0.4 (v98.10 §22)
2026-09-26 02:11:14 | DEBUG   | mediagrab          | cache_entity_scoped:2355 | ENTITY_CACHE_SCOPED account=acc_919006065076 entity_id=4460369026 source=vc_discovery scope=acc_919006065076 (v99 RC-C scope-annotated)
2026-09-26 02:11:14 | INFO    | mediagrab          | vc_detect_active_call:3098 | VC_ENTITY_DISCOVERED entity_id=4460369026 access_hash=<7729…> type=Channel
2026-09-26 02:11:14 | DEBUG   | mediagrab          | vc_verify_target:8965 | VC_PARTICIPATION_REDETECT_OK chat_id=4460369026 account_id=acc_919006065076 detect_scope=acc_919006065076 source=scope_state reresolved=0 (v98.07 FIX-QQ)
2026-09-26 02:11:15 | INFO    | mediagrab          | vc_check_telegram_participation:7751 | VC_PARTICIPATION_TARGETED_FOREIGN_RESULT chat_id=4460369026 call_id=-710395016767153533 my_id=8699582859 returned=1 — targeted query returned participants but NONE matched our identity (peer-based matching); a foreign-answer is NOT absence evidence → unknown (v99.05 RC-F2: the v99.02 no-match→absent escalation REMOVED — it destroyed 9 REAL joins on 2026-09-12)
2026-09-26 02:11:15 | INFO    | mediagrab          | vc_verify_target:9136 | VC_PARTICIPATION_VERIFY chat_id=4460369026 locally_tracked=False telegram=unknown
2026-09-26 02:11:15 | INFO    | mediagrab          | vc_verify_target:9155 | VC_VERIFY_UNKNOWN chat_id=4460369026 locally_tracked=False telegram=unknown — explicit verification state (v99.11 P1; never a leave)
2026-09-26 02:11:15 | INFO    | mediagrab          | vc_reconcile_participations:9529 | VC_RECONCILE_DEFERRED_UNKNOWN chat_id=4460369026 — preserving joined state (backend evidence)
2026-09-26 02:11:15 | INFO    | mediagrab          | vc_reconcile_participations:9645 | VC_REGISTRY_UPDATE_CONFIRMED chat_id=4460369026 classification=LOCALLY_TRACKED_UNCONFIRMED
2026-09-26 02:11:15 | DEBUG   | mediagrab          | vc_verify_target:8855 | VC_RECONCILE_CLIENT chat_id=4427666393 account_id=acc_919006065076 source=account:acc_919006065076
2026-09-26 02:11:15 | INFO    | mediagrab          | resolve_vc_entity:11974 | VC_ENTITY_RESOLVE_START chat_ref=-1004427666393 chat_id=-1004427666393 access_hash=yes
2026-09-26 02:11:15 | WARNING | mediagrab          | resolve_vc_entity:12062 | VC_HASH_SCOPE_MISMATCH chat_id=-1004427666393 entry_scope=acc_918335829278 consumer_scope=acc_919006065076 — skipping cache hit, re-resolving for this client (v98.07 FIX-QQ)
2026-09-26 02:11:15 | INFO    | mediagrab          | _v9810_scope_route:11809 | ENTITY_RESOLVE_ACCOUNT_SWITCH chat_id=-1004427666393 from_scope=acc_919006065076 to_account=acc_918335829278 reason=known_good_scope verified_at=3s ago (v98.10 §15 Step 0c — targeted routing, not a blind rotation)
2026-09-26 02:11:15 | INFO    | mediagrab          | _v9810_scope_route:11837 | ENTITY_RESOLVE_CACHE_HIT chat_id=-1004427666393 scope=acc_918335829278 source=scope_state age=3s (v98.10 §15 Step 0c — fresh known-good object, 0 RPCs)
2026-09-26 02:11:15 | INFO    | mediagrab          | resolve_vc_entity:12431 | ENTITY_RESOLVE_RPC_COUNT chat_id=-1004427666393 scope=acc_919006065076 rpcs=0 failed_rpcs=0 outcome=RESOLVED_VIA_ROTATION duration_ms=0.4 (v98.10 §22)
2026-09-26 02:11:15 | DEBUG   | mediagrab          | cache_entity_scoped:2355 | ENTITY_CACHE_SCOPED account=acc_918335829278 entity_id=4427666393 source=vc_discovery scope=acc_918335829278 (v99 RC-C scope-annotated)
2026-09-26 02:11:15 | INFO    | mediagrab          | vc_detect_active_call:3098 | VC_ENTITY_DISCOVERED entity_id=4427666393 access_hash=<6046…> type=Channel
2026-09-26 02:11:15 | DEBUG   | mediagrab          | vc_verify_target:8965 | VC_PARTICIPATION_REDETECT_OK chat_id=4427666393 account_id=acc_919006065076 detect_scope=acc_918335829278 source=account_rotation:acc_918335829278 reresolved=0 (v98.07 FIX-QQ)
2026-09-26 02:11:15 | INFO    | mediagrab          | vc_check_telegram_participation:7356 | VC_PARTICIPATION_STALE_CALL chat_id=4427666393 call_id=-569938277538256374 exc=GroupcallInvalidError — the queried (id, access_hash) pair is NOT a live call: STALE CALL IDENTITY, returning unknown (NOT absent; the pipeline re-detects the current pair and re-verifies) (v99.05 RC-F4)
2026-09-26 02:11:15 | INFO    | mediagrab          | vc_check_telegram_participation:7370 | VC_VERIFY_STALE_IDENTITY chat_id=4427666393 call_id=-569938277538256374 — detect stale identity → re-resolve current pair → verify → atomically update cache; existing healthy transport PRESERVED (never a leave; v99.11 P1)
2026-09-26 02:11:15 | INFO    | mediagrab          | vc_verify_target:9136 | VC_PARTICIPATION_VERIFY chat_id=4427666393 locally_tracked=False telegram=unknown
2026-09-26 02:11:15 | INFO    | mediagrab          | vc_verify_target:9155 | VC_VERIFY_UNKNOWN chat_id=4427666393 locally_tracked=False telegram=unknown — explicit verification state (v99.11 P1; never a leave)
2026-09-26 02:11:15 | INFO    | mediagrab          | vc_reconcile_participations:9560 | VC_PARTICIPATION_UNKNOWN chat_id=4427666393 — preserving unknown state
2026-09-26 02:11:15 | INFO    | mediagrab          | vc_reconcile_participations:9645 | VC_REGISTRY_UPDATE_CONFIRMED chat_id=4427666393 classification=UNKNOWN
2026-09-26 02:11:15 | DEBUG   | mediagrab          | vc_verify_target:8855 | VC_RECONCILE_CLIENT chat_id=-1003940064304 account_id=global source=global_backend_bound
2026-09-26 02:11:15 | INFO    | mediagrab          | resolve_vc_entity:11974 | VC_ENTITY_RESOLVE_START chat_ref=-1003940064304 chat_id=-1003940064304 access_hash=yes
2026-09-26 02:11:15 | INFO    | mediagrab          | resolve_vc_entity:12075 | VC_ENTITY_RESOLVE_CACHE_HIT chat_id=-1003940064304
2026-09-26 02:11:15 | INFO    | mediagrab          | resolve_vc_entity:12076 | VC_ENTITY_RESOLVE_SUCCESS chat_id=-1003940064304 source=cache
2026-09-26 02:11:15 | INFO    | mediagrab          | resolve_vc_entity:12431 | ENTITY_RESOLVE_RPC_COUNT chat_id=-1003940064304 scope=acc_918335829278 rpcs=0 failed_rpcs=0 outcome=RESOLVED_FROM_CACHE duration_ms=0.6 (v98.10 §22)
2026-09-26 02:11:16 | DEBUG   | mediagrab          | cache_entity_scoped:2355 | ENTITY_CACHE_SCOPED account=acc_918335829278 entity_id=3940064304 source=vc_discovery scope=acc_918335829278 (v99 RC-C scope-annotated)
2026-09-26 02:11:16 | INFO    | mediagrab          | vc_detect_active_call:3098 | VC_ENTITY_DISCOVERED entity_id=3940064304 access_hash=<1744…> type=Channel
2026-09-26 02:11:16 | DEBUG   | mediagrab          | vc_verify_target:8965 | VC_PARTICIPATION_REDETECT_OK chat_id=-1003940064304 account_id=global detect_scope=acc_918335829278 source=cache reresolved=0 (v98.07 FIX-QQ)
2026-09-26 02:11:16 | INFO    | mediagrab          | vc_check_telegram_participation:7443 | VC_PARTICIPATION_PRESENT chat_id=-1003940064304 call_id=-7699075288673564347 my_id=8624009332 pages=1 inspected=1 complete=yes server_count=None participant=[peer=PeerUser(8624009332) flags=is_self,muted,video_joined source=1194204182]
2026-09-26 02:11:16 | INFO    | mediagrab          | vc_verify_target:9136 | VC_PARTICIPATION_VERIFY chat_id=-1003940064304 locally_tracked=False telegram=present
2026-09-26 02:11:16 | INFO    | mediagrab          | vc_verify_target:9155 | VC_VERIFY_MEMBER chat_id=-1003940064304 locally_tracked=False telegram=present — explicit verification state (v99.11 P1; never a leave)
2026-09-26 02:11:16 | INFO    | mediagrab          | vc_reconcile_participations:9645 | VC_REGISTRY_UPDATE_CONFIRMED chat_id=-1003940064304 classification=PARTICIPATING_UNTRACKED
2026-09-26 02:11:16 | DEBUG   | mediagrab          | vc_verify_target:8855 | VC_RECONCILE_CLIENT chat_id=3940064304 account_id=acc_919006065076 source=account:acc_919006065076
2026-09-26 02:11:16 | INFO    | mediagrab          | resolve_vc_entity:11974 | VC_ENTITY_RESOLVE_START chat_ref=-1003940064304 chat_id=-1003940064304 access_hash=yes
2026-09-26 02:11:16 | WARNING | mediagrab          | resolve_vc_entity:12062 | VC_HASH_SCOPE_MISMATCH chat_id=-1003940064304 entry_scope=acc_918335829278 consumer_scope=acc_919006065076 — skipping cache hit, re-resolving for this client (v98.07 FIX-QQ)
2026-09-26 02:11:16 | INFO    | mediagrab          | _v9810_scope_route:11809 | ENTITY_RESOLVE_ACCOUNT_SWITCH chat_id=-1003940064304 from_scope=acc_919006065076 to_account=acc_918335829278 reason=known_good_scope verified_at=1s ago (v98.10 §15 Step 0c — targeted routing, not a blind rotation)
2026-09-26 02:11:16 | INFO    | mediagrab          | _v9810_scope_route:11837 | ENTITY_RESOLVE_CACHE_HIT chat_id=-1003940064304 scope=acc_918335829278 source=scope_state age=1s (v98.10 §15 Step 0c — fresh known-good object, 0 RPCs)
2026-09-26 02:11:16 | INFO    | mediagrab          | resolve_vc_entity:12431 | ENTITY_RESOLVE_RPC_COUNT chat_id=-1003940064304 scope=acc_919006065076 rpcs=0 failed_rpcs=0 outcome=RESOLVED_VIA_ROTATION duration_ms=0.5 (v98.10 §22)
2026-09-26 02:11:16 | DEBUG   | mediagrab          | cache_entity_scoped:2355 | ENTITY_CACHE_SCOPED account=acc_918335829278 entity_id=3940064304 source=vc_discovery scope=acc_918335829278 (v99 RC-C scope-annotated)
2026-09-26 02:11:16 | INFO    | mediagrab          | vc_detect_active_call:3098 | VC_ENTITY_DISCOVERED entity_id=3940064304 access_hash=<1744…> type=Channel
2026-09-26 02:11:16 | DEBUG   | mediagrab          | vc_verify_target:8965 | VC_PARTICIPATION_REDETECT_OK chat_id=3940064304 account_id=acc_919006065076 detect_scope=acc_918335829278 source=account_rotation:acc_918335829278 reresolved=0 (v98.07 FIX-QQ)
2026-09-26 02:11:16 | INFO    | mediagrab          | vc_check_telegram_participation:7356 | VC_PARTICIPATION_STALE_CALL chat_id=3940064304 call_id=-7699075288673564347 exc=GroupcallInvalidError — the queried (id, access_hash) pair is NOT a live call: STALE CALL IDENTITY, returning unknown (NOT absent; the pipeline re-detects the current pair and re-verifies) (v99.05 RC-F4)
2026-09-26 02:11:16 | INFO    | mediagrab          | vc_check_telegram_participation:7370 | VC_VERIFY_STALE_IDENTITY chat_id=3940064304 call_id=-7699075288673564347 — detect stale identity → re-resolve current pair → verify → atomically update cache; existing healthy transport PRESERVED (never a leave; v99.11 P1)
2026-09-26 02:11:16 | INFO    | mediagrab          | vc_verify_target:9136 | VC_PARTICIPATION_VERIFY chat_id=3940064304 locally_tracked=False telegram=unknown
2026-09-26 02:11:16 | INFO    | mediagrab          | vc_verify_target:9155 | VC_VERIFY_UNKNOWN chat_id=3940064304 locally_tracked=False telegram=unknown — explicit verification state (v99.11 P1; never a leave)
2026-09-26 02:11:16 | INFO    | mediagrab          | vc_reconcile_participations:9529 | VC_RECONCILE_DEFERRED_UNKNOWN chat_id=3940064304 — preserving joined state (backend evidence)
2026-09-26 02:11:16 | INFO    | mediagrab          | vc_reconcile_participations:9645 | VC_REGISTRY_UPDATE_CONFIRMED chat_id=3940064304 classification=LOCALLY_TRACKED_UNCONFIRMED
2026-09-26 02:11:16 | DEBUG   | mediagrab          | vc_verify_target:8855 | VC_RECONCILE_CLIENT chat_id=-1002887741724 account_id=global source=global_backend_bound
2026-09-26 02:11:16 | INFO    | mediagrab          | resolve_vc_entity:11974 | VC_ENTITY_RESOLVE_START chat_ref=-1002887741724 chat_id=-1002887741724 access_hash=yes
2026-09-26 02:11:16 | INFO    | mediagrab          | resolve_vc_entity:12075 | VC_ENTITY_RESOLVE_CACHE_HIT chat_id=-1002887741724
2026-09-26 02:11:16 | INFO    | mediagrab          | resolve_vc_entity:12076 | VC_ENTITY_RESOLVE_SUCCESS chat_id=-1002887741724 source=cache
2026-09-26 02:11:16 | INFO    | mediagrab          | resolve_vc_entity:12431 | ENTITY_RESOLVE_RPC_COUNT chat_id=-1002887741724 scope=acc_918335829278 rpcs=0 failed_rpcs=0 outcome=RESOLVED_FROM_CACHE duration_ms=0.1 (v98.10 §22)
2026-09-26 02:11:17 | DEBUG   | mediagrab          | cache_entity_scoped:2355 | ENTITY_CACHE_SCOPED account=acc_918335829278 entity_id=2887741724 source=vc_discovery scope=acc_918335829278 (v99 RC-C scope-annotated)
2026-09-26 02:11:17 | INFO    | mediagrab          | vc_detect_active_call:3098 | VC_ENTITY_DISCOVERED entity_id=2887741724 access_hash=<6524…> type=Channel
2026-09-26 02:11:17 | DEBUG   | mediagrab          | vc_verify_target:8965 | VC_PARTICIPATION_REDETECT_OK chat_id=-1002887741724 account_id=global detect_scope=acc_918335829278 source=cache reresolved=0 (v98.07 FIX-QQ)
2026-09-26 02:11:17 | INFO    | mediagrab          | vc_check_telegram_participation:7443 | VC_PARTICIPATION_PRESENT chat_id=-1002887741724 call_id=-3179384222730274919 my_id=8624009332 pages=1 inspected=1 complete=yes server_count=None participant=[peer=PeerUser(8624009332) flags=is_self,muted,video_joined source=1789396470]
2026-09-26 02:11:17 | INFO    | mediagrab          | vc_verify_target:9136 | VC_PARTICIPATION_VERIFY chat_id=-1002887741724 locally_tracked=False telegram=present
2026-09-26 02:11:17 | INFO    | mediagrab          | vc_verify_target:9155 | VC_VERIFY_MEMBER chat_id=-1002887741724 locally_tracked=False telegram=present — explicit verification state (v99.11 P1; never a leave)
2026-09-26 02:11:17 | INFO    | mediagrab          | vc_reconcile_participations:9645 | VC_REGISTRY_UPDATE_CONFIRMED chat_id=-1002887741724 classification=PARTICIPATING_UNTRACKED
2026-09-26 02:11:17 | DEBUG   | mediagrab          | vc_verify_target:8855 | VC_RECONCILE_CLIENT chat_id=2887741724 account_id=acc_919006065076 source=account:acc_919006065076
2026-09-26 02:11:17 | INFO    | mediagrab          | resolve_vc_entity:11974 | VC_ENTITY_RESOLVE_START chat_ref=-1002887741724 chat_id=-1002887741724 access_hash=yes
2026-09-26 02:11:17 | WARNING | mediagrab          | resolve_vc_entity:12062 | VC_HASH_SCOPE_MISMATCH chat_id=-1002887741724 entry_scope=acc_918335829278 consumer_scope=acc_919006065076 — skipping cache hit, re-resolving for this client (v98.07 FIX-QQ)
2026-09-26 02:11:17 | INFO    | mediagrab          | _v9810_scope_route:11809 | ENTITY_RESOLVE_ACCOUNT_SWITCH chat_id=-1002887741724 from_scope=acc_919006065076 to_account=acc_918335829278 reason=known_good_scope verified_at=0s ago (v98.10 §15 Step 0c — targeted routing, not a blind rotation)
2026-09-26 02:11:17 | INFO    | mediagrab          | _v9810_scope_route:11837 | ENTITY_RESOLVE_CACHE_HIT chat_id=-1002887741724 scope=acc_918335829278 source=scope_state age=0s (v98.10 §15 Step 0c — fresh known-good object, 0 RPCs)
2026-09-26 02:11:17 | INFO    | mediagrab          | resolve_vc_entity:12431 | ENTITY_RESOLVE_RPC_COUNT chat_id=-1002887741724 scope=acc_919006065076 rpcs=0 failed_rpcs=0 outcome=RESOLVED_VIA_ROTATION duration_ms=0.3 (v98.10 §22)
2026-09-26 02:11:17 | DEBUG   | mediagrab          | cache_entity_scoped:2355 | ENTITY_CACHE_SCOPED account=acc_918335829278 entity_id=2887741724 source=vc_discovery scope=acc_918335829278 (v99 RC-C scope-annotated)
2026-09-26 02:11:17 | INFO    | mediagrab          | vc_detect_active_call:3098 | VC_ENTITY_DISCOVERED entity_id=2887741724 access_hash=<6524…> type=Channel
2026-09-26 02:11:17 | DEBUG   | mediagrab          | vc_verify_target:8965 | VC_PARTICIPATION_REDETECT_OK chat_id=2887741724 account_id=acc_919006065076 detect_scope=acc_918335829278 source=account_rotation:acc_918335829278 reresolved=0 (v98.07 FIX-QQ)
2026-09-26 02:11:17 | INFO    | mediagrab          | vc_check_telegram_participation:7356 | VC_PARTICIPATION_STALE_CALL chat_id=2887741724 call_id=-3179384222730274919 exc=GroupcallInvalidError — the queried (id, access_hash) pair is NOT a live call: STALE CALL IDENTITY, returning unknown (NOT absent; the pipeline re-detects the current pair and re-verifies) (v99.05 RC-F4)
2026-09-26 02:11:17 | INFO    | mediagrab          | vc_check_telegram_participation:7370 | VC_VERIFY_STALE_IDENTITY chat_id=2887741724 call_id=-3179384222730274919 — detect stale identity → re-resolve current pair → verify → atomically update cache; existing healthy transport PRESERVED (never a leave; v99.11 P1)
2026-09-26 02:11:17 | INFO    | mediagrab          | vc_verify_target:9136 | VC_PARTICIPATION_VERIFY chat_id=2887741724 locally_tracked=False telegram=unknown
2026-09-26 02:11:17 | INFO    | mediagrab          | vc_verify_target:9155 | VC_VERIFY_UNKNOWN chat_id=2887741724 locally_tracked=False telegram=unknown — explicit verification state (v99.11 P1; never a leave)
2026-09-26 02:11:17 | INFO    | mediagrab          | vc_reconcile_participations:9529 | VC_RECONCILE_DEFERRED_UNKNOWN chat_id=2887741724 — preserving joined state (backend evidence)
2026-09-26 02:11:17 | INFO    | mediagrab          | vc_reconcile_participations:9645 | VC_REGISTRY_UPDATE_CONFIRMED chat_id=2887741724 classification=LOCALLY_TRACKED_UNCONFIRMED
2026-09-26 02:11:17 | DEBUG   | mediagrab          | vc_verify_target:8855 | VC_RECONCILE_CLIENT chat_id=-1001875192287 account_id=global source=global_backend_bound
2026-09-26 02:11:17 | INFO    | mediagrab          | resolve_vc_entity:11974 | VC_ENTITY_RESOLVE_START chat_ref=-1001875192287 chat_id=-1001875192287 access_hash=yes
2026-09-26 02:11:17 | INFO    | mediagrab          | resolve_vc_entity:12075 | VC_ENTITY_RESOLVE_CACHE_HIT chat_id=-1001875192287
2026-09-26 02:11:17 | INFO    | mediagrab          | resolve_vc_entity:12076 | VC_ENTITY_RESOLVE_SUCCESS chat_id=-1001875192287 source=cache
2026-09-26 02:11:17 | INFO    | mediagrab          | resolve_vc_entity:12431 | ENTITY_RESOLVE_RPC_COUNT chat_id=-1001875192287 scope=acc_918335829278 rpcs=0 failed_rpcs=0 outcome=RESOLVED_FROM_CACHE duration_ms=0.1 (v98.10 §22)
2026-09-26 02:11:17 | DEBUG   | mediagrab          | cache_entity_scoped:2355 | ENTITY_CACHE_SCOPED account=acc_918335829278 entity_id=1875192287 source=vc_discovery scope=acc_918335829278 (v99 RC-C scope-annotated)
2026-09-26 02:11:17 | INFO    | mediagrab          | vc_detect_active_call:3098 | VC_ENTITY_DISCOVERED entity_id=1875192287 access_hash=<1029…> type=Channel
2026-09-26 02:11:17 | DEBUG   | mediagrab          | vc_verify_target:8965 | VC_PARTICIPATION_REDETECT_OK chat_id=-1001875192287 account_id=global detect_scope=acc_918335829278 source=cache reresolved=0 (v98.07 FIX-QQ)
2026-09-26 02:11:18 | INFO    | mediagrab          | vc_check_telegram_participation:7443 | VC_PARTICIPATION_PRESENT chat_id=-1001875192287 call_id=-8053889545562881423 my_id=8624009332 pages=1 inspected=1 complete=yes server_count=None participant=[peer=PeerUser(8624009332) flags=is_self,muted,video_joined source=418023493]
2026-09-26 02:11:18 | INFO    | mediagrab          | vc_verify_target:9136 | VC_PARTICIPATION_VERIFY chat_id=-1001875192287 locally_tracked=False telegram=present
2026-09-26 02:11:18 | INFO    | mediagrab          | vc_verify_target:9155 | VC_VERIFY_MEMBER chat_id=-1001875192287 locally_tracked=False telegram=present — explicit verification state (v99.11 P1; never a leave)
2026-09-26 02:11:18 | INFO    | mediagrab          | vc_reconcile_participations:9645 | VC_REGISTRY_UPDATE_CONFIRMED chat_id=-1001875192287 classification=PARTICIPATING_UNTRACKED
2026-09-26 02:11:18 | DEBUG   | mediagrab          | vc_verify_target:8855 | VC_RECONCILE_CLIENT chat_id=1875192287 account_id=acc_919006065076 source=account:acc_919006065076
2026-09-26 02:11:18 | INFO    | mediagrab          | resolve_vc_entity:11974 | VC_ENTITY_RESOLVE_START chat_ref=-1001875192287 chat_id=-1001875192287 access_hash=yes
2026-09-26 02:11:18 | WARNING | mediagrab          | resolve_vc_entity:12062 | VC_HASH_SCOPE_MISMATCH chat_id=-1001875192287 entry_scope=acc_918335829278 consumer_scope=acc_919006065076 — skipping cache hit, re-resolving for this client (v98.07 FIX-QQ)
2026-09-26 02:11:18 | INFO    | mediagrab          | _v9810_scope_route:11724 | ENTITY_RESOLVE_TYPE_KNOWN chat_id=-1001875192287 kind=channel scope=acc_919006065076 (v98.10 §6)
2026-09-26 02:11:18 | INFO    | mediagrab          | _v9810_scope_route:11743 | ENTITY_RESOLVE_HASH_HIT chat_id=-1001875192287 scope=acc_919006065076 (v98.10 §15 Step 0b — 1 RPC, no failure ladder)
2026-09-26 02:11:18 | INFO    | mediagrab          | resolve_vc_entity:12431 | ENTITY_RESOLVE_RPC_COUNT chat_id=-1001875192287 scope=acc_919006065076 rpcs=1 failed_rpcs=0 outcome=RESOLVED_FROM_SCOPE_STATE duration_ms=193.8 (v98.10 §22)
2026-09-26 02:11:18 | DEBUG   | mediagrab          | cache_entity_scoped:2355 | ENTITY_CACHE_SCOPED account=acc_919006065076 entity_id=1875192287 source=vc_discovery scope=acc_919006065076 (v99 RC-C scope-annotated)
2026-09-26 02:11:18 | INFO    | mediagrab          | vc_detect_active_call:3098 | VC_ENTITY_DISCOVERED entity_id=1875192287 access_hash=<-136…> type=Channel
2026-09-26 02:11:18 | DEBUG   | mediagrab          | vc_verify_target:8965 | VC_PARTICIPATION_REDETECT_OK chat_id=1875192287 account_id=acc_919006065076 detect_scope=acc_919006065076 source=scope_state_hash reresolved=0 (v98.07 FIX-QQ)
2026-09-26 02:11:19 | INFO    | mediagrab          | vc_check_telegram_participation:7751 | VC_PARTICIPATION_TARGETED_FOREIGN_RESULT chat_id=1875192287 call_id=-8053889545562881423 my_id=8699582859 returned=1 — targeted query returned participants but NONE matched our identity (peer-based matching); a foreign-answer is NOT absence evidence → unknown (v99.05 RC-F2: the v99.02 no-match→absent escalation REMOVED — it destroyed 9 REAL joins on 2026-09-12)
2026-09-26 02:11:19 | INFO    | mediagrab          | vc_verify_target:9136 | VC_PARTICIPATION_VERIFY chat_id=1875192287 locally_tracked=False telegram=unknown
2026-09-26 02:11:19 | INFO    | mediagrab          | vc_verify_target:9155 | VC_VERIFY_UNKNOWN chat_id=1875192287 locally_tracked=False telegram=unknown — explicit verification state (v99.11 P1; never a leave)
2026-09-26 02:11:19 | INFO    | mediagrab          | vc_reconcile_participations:9529 | VC_RECONCILE_DEFERRED_UNKNOWN chat_id=1875192287 — preserving joined state (backend evidence)
2026-09-26 02:11:19 | INFO    | mediagrab          | vc_reconcile_participations:9645 | VC_REGISTRY_UPDATE_CONFIRMED chat_id=1875192287 classification=LOCALLY_TRACKED_UNCONFIRMED
2026-09-26 02:11:19 | INFO    | mediagrab          | vc_reconcile_participations:9660 | VC_RECONCILE_RESULT total=36 confirmed=5 participating_untracked=12 locally_tracked_unconfirmed=7 unknown=6 cleanup_required=0 left=6 failed=0
2026-09-26 02:11:19 | DEBUG   | mediagrab          | _vc_prune_caches:10047 | VC_CACHE_PRUNE join_quarantine removed=1 remaining=4
2026-09-26 02:11:32 | DEBUG   | mediagrab          | _mtproto_health_loop:5800 | MTProto health check: OK
2026-09-26 02:11:32 | INFO    | mediagrab          | _mtproto_health_loop:5864 | MTPROTO_GENERATION_STATE active=0 retiring=0 retired=0 poisoned=0 generation_sessions=0 live_clients=3
2026-09-26 02:11:32 | INFO    | mediagrab          | _reconcile_cycle:917 | VC_COVERAGE_RECONCILE_START active=42 joined=26 missing=16 retry_ready=0 persistent_retry_queue_total=0 persistent_retry_queue_ready=0
2026-09-26 02:11:32 | INFO    | mediagrab          | _reconcile_cycle:946 | VC_RECONCILE_FOUND_MISSING chat_id=1949746242 title=
2026-09-26 02:11:32 | INFO    | mediagrab          | _reconcile_cycle:946 | VC_RECONCILE_FOUND_MISSING chat_id=3717806820 title=
2026-09-26 02:11:32 | INFO    | mediagrab          | _reconcile_cycle:946 | VC_RECONCILE_FOUND_MISSING chat_id=3961210499 title=
2026-09-26 02:11:32 | INFO    | mediagrab          | _reconcile_cycle:946 | VC_RECONCILE_FOUND_MISSING chat_id=2144563093 title=
2026-09-26 02:11:32 | INFO    | mediagrab          | _reconcile_cycle:946 | VC_RECONCILE_FOUND_MISSING chat_id=3875970076 title=
2026-09-26 02:11:32 | INFO    | mediagrab          | _reconcile_cycle:946 | VC_RECONCILE_FOUND_MISSING chat_id=2333937461 title=
2026-09-26 02:11:32 | INFO    | mediagrab          | _reconcile_cycle:946 | VC_RECONCILE_FOUND_MISSING chat_id=1993596337 title=Трейд чатик Vespiol
2026-09-26 02:11:32 | INFO    | mediagrab          | _reconcile_cycle:946 | VC_RECONCILE_FOUND_MISSING chat_id=1070871253 title=English/Korean only
2026-09-26 02:11:32 | DEBUG   | mediagrab          | _watchdog_loop:1740 | WATCHDOG: talkative handler not registered but effective_disabled source=dashboard_db — not retrying (admin disabled; v99.07 FIX-5)
2026-09-26 02:11:40 | INFO    | mediagrab          | _bot_heartbeat_loop:2840 | BOT_HEARTBEAT pid=7 uptime=19036s rss_mb=167 threads=54 fd=372/1024 joined_transports=21 join_queue=0 active_joins=0 memory_limit_mb=4506 resource_headroom_mb=4339 FD_CENSUS total=372 soft=1024 sockets=349 pipes=5 files=12 anon=5 other=1 MEM_CENSUS rss_mb=167 threads=54 fd=372/1024 joined_transports=21 joins=_global:J=15/F=0 acc_918335829278:J=6/F=0 acc_919006065076:J=1/F=0 (v98.05 FIX-FF liveness; v98.06 FIX-OO uptime epoch domain; v99.02 FIX-3 FD_CENSUS; v99.10 FIX-D MEM_CENSUS; v99.11 P0-1 single-%s safe emission + resource fields)
2026-09-26 02:12:02 | DEBUG   | mediagrab          | _mtproto_health_loop:5800 | MTProto health check: OK
2026-09-26 02:12:02 | INFO    | mediagrab          | _mtproto_health_loop:5864 | MTPROTO_GENERATION_STATE active=0 retiring=0 retired=0 poisoned=0 generation_sessions=0 live_clients=3
2026-09-26 02:12:26 | DEBUG   | mediagrab          | route_callback:7472 | CALLBACK_RECEIVED data=vc:dash user=8370454312
2026-09-26 02:12:26 | DEBUG   | mediagrab          | is_connected:4861 | VC_STATUS_DELEGATED chat_id=None to account=acc_919006065076 (rotated backend)
2026-09-26 02:12:27 | INFO    | mediagrab          | _vc_dashboard_auto_refresh_loop:16458 | VC dashboard auto-refresh started (admin=8370454312 chat=8370454312 interval=10s token=2).
2026-09-26 02:12:30 | DEBUG   | mediagrab          | route_callback:7472 | CALLBACK_RECEIVED data=vc:leave_all user=8370454312
2026-09-26 02:12:32 | DEBUG   | mediagrab          | _mtproto_health_loop:5800 | MTProto health check: OK
2026-09-26 02:12:32 | INFO    | mediagrab          | _mtproto_health_loop:5864 | MTPROTO_GENERATION_STATE active=0 retiring=0 retired=0 poisoned=0 generation_sessions=0 live_clients=3
2026-09-26 02:12:32 | INFO    | mediagrab          | _reconcile_cycle:917 | VC_COVERAGE_RECONCILE_START active=42 joined=26 missing=16 retry_ready=0 persistent_retry_queue_total=0 persistent_retry_queue_ready=0
2026-09-26 02:12:32 | INFO    | mediagrab          | _reconcile_cycle:946 | VC_RECONCILE_FOUND_MISSING chat_id=1949746242 title=
2026-09-26 02:12:32 | INFO    | mediagrab          | _reconcile_cycle:946 | VC_RECONCILE_FOUND_MISSING chat_id=3717806820 title=
2026-09-26 02:12:32 | INFO    | mediagrab          | _reconcile_cycle:946 | VC_RECONCILE_FOUND_MISSING chat_id=3961210499 title=
2026-09-26 02:12:32 | INFO    | mediagrab          | _reconcile_cycle:946 | VC_RECONCILE_FOUND_MISSING chat_id=2144563093 title=
2026-09-26 02:12:32 | INFO    | mediagrab          | _reconcile_cycle:946 | VC_RECONCILE_FOUND_MISSING chat_id=3875970076 title=
2026-09-26 02:12:32 | INFO    | mediagrab          | _reconcile_cycle:946 | VC_RECONCILE_FOUND_MISSING chat_id=2333937461 title=
2026-09-26 02:12:32 | INFO    | mediagrab          | _reconcile_cycle:946 | VC_RECONCILE_FOUND_MISSING chat_id=1993596337 title=Трейд чатик Vespiol
2026-09-26 02:12:32 | INFO    | mediagrab          | _reconcile_cycle:946 | VC_RECONCILE_FOUND_MISSING chat_id=1070871253 title=English/Korean only
2026-09-26 02:12:32 | DEBUG   | mediagrab          | _watchdog_loop:1740 | WATCHDOG: talkative handler not registered but effective_disabled source=dashboard_db — not retrying (admin disabled; v99.07 FIX-5)
2026-09-26 02:12:40 | INFO    | mediagrab          | _bot_heartbeat_loop:2840 | BOT_HEARTBEAT pid=7 uptime=19096s rss_mb=167 threads=54 fd=372/1024 joined_transports=21 join_queue=0 active_joins=0 memory_limit_mb=4506 resource_headroom_mb=4339 FD_CENSUS total=372 soft=1024 sockets=348 pipes=5 files=13 anon=5 other=1 MEM_CENSUS rss_mb=167 threads=54 fd=372/1024 joined_transports=21 joins=_global:J=15/F=0 acc_918335829278:J=6/F=0 acc_919006065076:J=1/F=0 (v98.05 FIX-FF liveness; v98.06 FIX-OO uptime epoch domain; v99.02 FIX-3 FD_CENSUS; v99.10 FIX-D MEM_CENSUS; v99.11 P0-1 single-%s safe emission + resource fields)
2026-09-26 02:13:02 | DEBUG   | mediagrab          | _mtproto_health_loop:5800 | MTProto health check: OK
2026-09-26 02:13:02 | INFO    | mediagrab          | _mtproto_health_loop:5864 | MTPROTO_GENERATION_STATE active=0 retiring=0 retired=0 poisoned=0 generation_sessions=0 live_clients=3
2026-09-26 02:13:24 | INFO    | mediagrab          | _vc_handle_vc_command:28929 | COMMAND_RECEIVED path=telethon cmd=claim@newsviewslavebot sender=7688227910 chat=-1003922758336
2026-09-26 02:13:32 | DEBUG   | mediagrab          | _mtproto_health_loop:5800 | MTProto health check: OK
2026-09-26 02:13:32 | INFO    | mediagrab          | _mtproto_health_loop:5864 | MTPROTO_GENERATION_STATE active=0 retiring=0 retired=0 poisoned=0 generation_sessions=0 live_clients=3
2026-09-26 02:13:32 | INFO    | mediagrab          | _reconcile_cycle:917 | VC_COVERAGE_RECONCILE_START active=42 joined=26 missing=16 retry_ready=0 persistent_retry_queue_total=0 persistent_retry_queue_ready=0
2026-09-26 02:13:32 | INFO    | mediagrab          | _reconcile_cycle:946 | VC_RECONCILE_FOUND_MISSING chat_id=1949746242 title=
2026-09-26 02:13:32 | INFO    | mediagrab          | _reconcile_cycle:946 | VC_RECONCILE_FOUND_MISSING chat_id=3717806820 title=
2026-09-26 02:13:32 | INFO    | mediagrab          | _reconcile_cycle:946 | VC_RECONCILE_FOUND_MISSING chat_id=3961210499 title=
2026-09-26 02:13:32 | INFO    | mediagrab          | _reconcile_cycle:946 | VC_RECONCILE_FOUND_MISSING chat_id=2144563093 title=
2026-09-26 02:13:32 | INFO    | mediagrab          | _reconcile_cycle:946 | VC_RECONCILE_FOUND_MISSING chat_id=3875970076 title=
2026-09-26 02:13:32 | INFO    | mediagrab          | _reconcile_cycle:946 | VC_RECONCILE_FOUND_MISSING chat_id=2333937461 title=
2026-09-26 02:13:32 | INFO    | mediagrab          | _reconcile_cycle:946 | VC_RECONCILE_FOUND_MISSING chat_id=1993596337 title=Трейд чатик Vespiol
2026-09-26 02:13:32 | INFO    | mediagrab          | _reconcile_cycle:946 | VC_RECONCILE_FOUND_MISSING chat_id=1070871253 title=English/Korean only
2026-09-26 02:13:32 | DEBUG   | mediagrab          | _watchdog_loop:1740 | WATCHDOG: talkative handler not registered but effective_disabled source=dashboard_db — not retrying (admin disabled; v99.07 FIX-5)
2026-09-26 02:13:40 | INFO    | mediagrab          | _bot_heartbeat_loop:2756 | ACCOUNT_HEALTH live_clients=2 cluster_accounts=2 dead_sessions=0 unregistered=0 expected_cluster=2 total_files=2 — live_clients counts primary_global + registered cluster sessions; dead files need delete + re-login (SESSION_REMEDIATION); expected_cluster is accounts.json's registry size (v99.03 RC-10)
2026-09-26 02:13:40 | INFO    | mediagrab          | _bot_heartbeat_loop:2840 | BOT_HEARTBEAT pid=7 uptime=19156s rss_mb=167 threads=54 fd=376/1024 joined_transports=21 join_queue=0 active_joins=0 memory_limit_mb=4506 resource_headroom_mb=4339 TASK_POPULATION total=39 FD_CENSUS total=376 soft=1024 sockets=353 pipes=5 files=12 anon=5 other=1 MEM_CENSUS rss_mb=167 threads=54 fd=376/1024 joined_transports=21 joins=_global:J=15/F=0 acc_918335829278:J=6/F=0 acc_919006065076:J=1/F=0 (v98.05 FIX-FF liveness; v98.06 FIX-OO uptime epoch domain; v99.02 FIX-3 FD_CENSUS; v99.10 FIX-D MEM_CENSUS; v99.11 P0-1 single-%s safe emission + resource fields)
2026-09-26 02:13:43 | INFO    | mediagrab          | _vc_handle_vc_command:28929 | COMMAND_RECEIVED path=telethon cmd=kill sender=8874898672 chat=-1003909910416
2026-09-26 02:13:54 | INFO    | mediagrab          | _vc_handle_vc_command:28929 | COMMAND_RECEIVED path=telethon cmd=balance@newsviewslavebot sender=6463618928 chat=-1003922758336
2026-09-26 02:13:57 | INFO    | mediagrab          | _vc_handle_vc_command:28929 | COMMAND_RECEIVED path=telethon cmd=bal sender=8874898672 chat=-1003909910416
2026-09-26 02:14:02 | DEBUG   | mediagrab          | _mtproto_health_loop:5800 | MTProto health check: OK
2026-09-26 02:14:02 | INFO    | mediagrab          | _mtproto_health_loop:5864 | MTPROTO_GENERATION_STATE active=0 retiring=0 retired=0 poisoned=0 generation_sessions=0 live_clients=3
